action,curr_lane,free_E,free_NE,free_NW,free_SE,free_SW,free_W,group_id,iaction
change_to_right,False,False,False,False,False,False,False,1,keep
change_to_right,False,False,False,False,False,False,False,1,swerve_left
change_to_right,False,False,False,False,False,False,False,1,swerve_right
cruise,False,False,False,False,False,False,False,2,keep
cruise,False,False,False,False,False,False,False,2,swerve_left
cruise,False,False,False,False,False,False,False,2,swerve_right
change_to_left,False,False,False,False,False,False,False,3,keep
change_to_left,False,False,False,False,False,False,False,3,swerve_left
change_to_left,False,False,False,False,False,False,False,3,swerve_right
change_to_right,False,False,False,False,False,False,True,4,keep
change_to_right,False,False,False,False,False,False,True,4,swerve_left
cruise,False,False,False,False,False,False,True,5,keep
cruise,False,False,False,False,False,False,True,5,swerve_left
change_to_left,False,False,False,False,False,False,True,6,keep
change_to_left,False,False,False,False,False,False,True,6,swerve_left
change_to_right,False,False,False,False,False,True,False,7,keep
change_to_right,False,False,False,False,False,True,False,7,swerve_left
change_to_right,False,False,False,False,False,True,False,7,swerve_right
cruise,False,False,False,False,False,True,False,8,keep
cruise,False,False,False,False,False,True,False,8,swerve_left
cruise,False,False,False,False,False,True,False,8,swerve_right
change_to_left,False,False,False,False,False,True,False,9,keep
change_to_left,False,False,False,False,False,True,False,9,swerve_left
change_to_left,False,False,False,False,False,True,False,9,swerve_right
change_to_right,False,False,False,False,False,True,True,10,keep
change_to_right,False,False,False,False,False,True,True,10,swerve_left
cruise,False,False,False,False,False,True,True,11,keep
cruise,False,False,False,False,False,True,True,11,swerve_left
change_to_left,False,False,False,False,False,True,True,12,keep
change_to_left,False,False,False,False,False,True,True,12,swerve_left
change_to_right,False,False,False,False,True,False,False,13,keep
change_to_right,False,False,False,False,True,False,False,13,swerve_left
change_to_right,False,False,False,False,True,False,False,13,swerve_right
cruise,False,False,False,False,True,False,False,14,keep
cruise,False,False,False,False,True,False,False,14,swerve_left
cruise,False,False,False,False,True,False,False,14,swerve_right
change_to_left,False,False,False,False,True,False,False,15,keep
change_to_left,False,False,False,False,True,False,False,15,swerve_left
change_to_left,False,False,False,False,True,False,False,15,swerve_right
change_to_right,False,False,False,False,True,False,True,16,keep
change_to_right,False,False,False,False,True,False,True,16,swerve_left
cruise,False,False,False,False,True,False,True,17,keep
cruise,False,False,False,False,True,False,True,17,swerve_left
change_to_left,False,False,False,False,True,False,True,18,keep
change_to_left,False,False,False,False,True,False,True,18,swerve_left
change_to_right,False,False,False,False,True,True,False,19,keep
change_to_right,False,False,False,False,True,True,False,19,swerve_left
change_to_right,False,False,False,False,True,True,False,19,swerve_right
cruise,False,False,False,False,True,True,False,20,keep
cruise,False,False,False,False,True,True,False,20,swerve_left
cruise,False,False,False,False,True,True,False,20,swerve_right
change_to_left,False,False,False,False,True,True,False,21,keep
change_to_left,False,False,False,False,True,True,False,21,swerve_left
change_to_left,False,False,False,False,True,True,False,21,swerve_right
cruise,False,False,False,False,True,True,True,22,keep
cruise,False,False,False,False,True,True,True,22,swerve_left
change_to_right,False,False,False,False,True,True,True,23,keep
change_to_right,False,False,False,False,True,True,True,23,swerve_left
change_to_left,False,False,False,False,True,True,True,24,keep
change_to_left,False,False,False,False,True,True,True,24,swerve_left
change_to_right,False,False,False,True,False,False,False,25,cruise
change_to_right,False,False,False,True,False,False,False,25,keep
change_to_right,False,False,False,True,False,False,False,25,swerve_left
change_to_right,False,False,False,True,False,False,False,25,swerve_right
change_to_left,False,False,False,True,False,False,False,26,cruise
change_to_left,False,False,False,True,False,False,False,26,keep
change_to_left,False,False,False,True,False,False,False,26,swerve_left
change_to_left,False,False,False,True,False,False,False,26,swerve_right
change_to_right,False,False,False,True,False,False,True,27,cruise
change_to_right,False,False,False,True,False,False,True,27,keep
change_to_right,False,False,False,True,False,False,True,27,swerve_left
change_to_left,False,False,False,True,False,False,True,28,cruise
change_to_left,False,False,False,True,False,False,True,28,keep
change_to_left,False,False,False,True,False,False,True,28,swerve_left
change_to_right,False,False,False,True,False,True,False,29,cruise
change_to_right,False,False,False,True,False,True,False,29,keep
change_to_right,False,False,False,True,False,True,False,29,swerve_left
change_to_right,False,False,False,True,False,True,False,29,swerve_right
change_to_left,False,False,False,True,False,True,False,30,cruise
change_to_left,False,False,False,True,False,True,False,30,keep
change_to_left,False,False,False,True,False,True,False,30,swerve_left
change_to_left,False,False,False,True,False,True,False,30,swerve_right
change_to_right,False,False,False,True,False,True,True,31,cruise
change_to_right,False,False,False,True,False,True,True,31,keep
change_to_right,False,False,False,True,False,True,True,31,swerve_left
change_to_left,False,False,False,True,False,True,True,32,cruise
change_to_left,False,False,False,True,False,True,True,32,keep
change_to_left,False,False,False,True,False,True,True,32,swerve_left
change_to_right,False,False,False,True,True,False,False,33,cruise
change_to_right,False,False,False,True,True,False,False,33,keep
change_to_right,False,False,False,True,True,False,False,33,swerve_left
change_to_right,False,False,False,True,True,False,False,33,swerve_right
change_to_left,False,False,False,True,True,False,False,34,cruise
change_to_left,False,False,False,True,True,False,False,34,keep
change_to_left,False,False,False,True,True,False,False,34,swerve_left
change_to_left,False,False,False,True,True,False,False,34,swerve_right
change_to_right,False,False,False,True,True,False,True,35,cruise
change_to_right,False,False,False,True,True,False,True,35,keep
change_to_right,False,False,False,True,True,False,True,35,swerve_left
change_to_left,False,False,False,True,True,False,True,36,cruise
change_to_left,False,False,False,True,True,False,True,36,keep
change_to_left,False,False,False,True,True,False,True,36,swerve_left
change_to_right,False,False,False,True,True,True,False,37,cruise
change_to_right,False,False,False,True,True,True,False,37,keep
change_to_right,False,False,False,True,True,True,False,37,swerve_left
change_to_right,False,False,False,True,True,True,False,37,swerve_right
change_to_left,False,False,False,True,True,True,False,38,cruise
change_to_left,False,False,False,True,True,True,False,38,keep
change_to_left,False,False,False,True,True,True,False,38,swerve_left
change_to_left,False,False,False,True,True,True,False,38,swerve_right
change_to_right,False,False,False,True,True,True,True,39,cruise
change_to_right,False,False,False,True,True,True,True,39,keep
change_to_right,False,False,False,True,True,True,True,39,swerve_left
change_to_left,False,False,False,True,True,True,True,40,cruise
change_to_left,False,False,False,True,True,True,True,40,keep
change_to_left,False,False,False,True,True,True,True,40,swerve_left
change_to_right,False,False,True,False,False,False,False,41,keep
cruise,False,False,True,False,False,False,False,42,keep
change_to_left,False,False,True,False,False,False,False,43,keep
change_to_right,False,False,True,False,False,False,True,44,keep
change_to_right,False,False,True,False,False,False,True,44,swerve_left
cruise,False,False,True,False,False,False,True,45,keep
cruise,False,False,True,False,False,False,True,45,swerve_left
change_to_left,False,False,True,False,False,False,True,46,keep
change_to_left,False,False,True,False,False,False,True,46,swerve_left
change_to_right,False,False,True,False,False,True,False,47,keep
cruise,False,False,True,False,False,True,False,48,keep
change_to_left,False,False,True,False,False,True,False,49,keep
change_to_right,False,False,True,False,False,True,True,50,keep
change_to_right,False,False,True,False,False,True,True,50,swerve_left
cruise,False,False,True,False,False,True,True,51,keep
cruise,False,False,True,False,False,True,True,51,swerve_left
change_to_left,False,False,True,False,False,True,True,52,keep
change_to_left,False,False,True,False,False,True,True,52,swerve_left
change_to_right,False,False,True,False,True,False,False,53,keep
cruise,False,False,True,False,True,False,False,54,keep
change_to_left,False,False,True,False,True,False,False,55,keep
change_to_right,False,False,True,False,True,False,True,56,keep
change_to_right,False,False,True,False,True,False,True,56,swerve_left
cruise,False,False,True,False,True,False,True,57,keep
cruise,False,False,True,False,True,False,True,57,swerve_left
change_to_left,False,False,True,False,True,False,True,58,keep
change_to_left,False,False,True,False,True,False,True,58,swerve_left
change_to_right,False,False,True,False,True,True,False,59,keep
cruise,False,False,True,False,True,True,False,60,keep
change_to_left,False,False,True,False,True,True,False,61,keep
change_to_right,False,False,True,False,True,True,True,62,keep
change_to_right,False,False,True,False,True,True,True,62,swerve_left
cruise,False,False,True,False,True,True,True,63,keep
cruise,False,False,True,False,True,True,True,63,swerve_left
change_to_left,False,False,True,False,True,True,True,64,keep
change_to_left,False,False,True,False,True,True,True,64,swerve_left
change_to_right,False,False,True,True,False,False,False,65,cruise
change_to_left,False,False,True,True,False,False,False,66,cruise
change_to_right,False,False,True,True,False,False,True,67,cruise
change_to_right,False,False,True,True,False,False,True,67,keep
change_to_right,False,False,True,True,False,False,True,67,swerve_left
change_to_left,False,False,True,True,False,False,True,68,cruise
change_to_left,False,False,True,True,False,False,True,68,keep
change_to_left,False,False,True,True,False,False,True,68,swerve_left
change_to_right,False,False,True,True,False,True,False,69,cruise
change_to_left,False,False,True,True,False,True,False,70,cruise
change_to_right,False,False,True,True,False,True,True,71,cruise
change_to_right,False,False,True,True,False,True,True,71,keep
change_to_right,False,False,True,True,False,True,True,71,swerve_left
change_to_left,False,False,True,True,False,True,True,72,cruise
change_to_left,False,False,True,True,False,True,True,72,keep
change_to_left,False,False,True,True,False,True,True,72,swerve_left
change_to_right,False,False,True,True,True,False,False,73,cruise
change_to_left,False,False,True,True,True,False,False,74,cruise
change_to_right,False,False,True,True,True,False,True,75,cruise
change_to_right,False,False,True,True,True,False,True,75,keep
change_to_right,False,False,True,True,True,False,True,75,swerve_left
change_to_left,False,False,True,True,True,False,True,76,cruise
change_to_left,False,False,True,True,True,False,True,76,keep
change_to_left,False,False,True,True,True,False,True,76,swerve_left
change_to_right,False,False,True,True,True,True,False,77,cruise
change_to_left,False,False,True,True,True,True,False,78,cruise
change_to_right,False,False,True,True,True,True,True,79,cruise
change_to_right,False,False,True,True,True,True,True,79,keep
change_to_right,False,False,True,True,True,True,True,79,swerve_left
change_to_left,False,False,True,True,True,True,True,80,cruise
change_to_left,False,False,True,True,True,True,True,80,keep
change_to_left,False,False,True,True,True,True,True,80,swerve_left
change_to_right,False,True,False,False,False,False,False,81,keep
change_to_right,False,True,False,False,False,False,False,81,swerve_left
change_to_right,False,True,False,False,False,False,False,81,swerve_right
cruise,False,True,False,False,False,False,False,82,keep
cruise,False,True,False,False,False,False,False,82,swerve_left
cruise,False,True,False,False,False,False,False,82,swerve_right
change_to_left,False,True,False,False,False,False,False,83,keep
change_to_left,False,True,False,False,False,False,False,83,swerve_left
change_to_left,False,True,False,False,False,False,False,83,swerve_right
change_to_right,False,True,False,False,False,False,True,84,keep
change_to_right,False,True,False,False,False,False,True,84,swerve_left
cruise,False,True,False,False,False,False,True,85,keep
cruise,False,True,False,False,False,False,True,85,swerve_left
change_to_left,False,True,False,False,False,False,True,86,keep
change_to_left,False,True,False,False,False,False,True,86,swerve_left
change_to_right,False,True,False,False,False,True,False,87,keep
change_to_right,False,True,False,False,False,True,False,87,swerve_left
change_to_right,False,True,False,False,False,True,False,87,swerve_right
cruise,False,True,False,False,False,True,False,88,keep
cruise,False,True,False,False,False,True,False,88,swerve_left
cruise,False,True,False,False,False,True,False,88,swerve_right
change_to_left,False,True,False,False,False,True,False,89,keep
change_to_left,False,True,False,False,False,True,False,89,swerve_left
change_to_left,False,True,False,False,False,True,False,89,swerve_right
change_to_right,False,True,False,False,False,True,True,90,keep
change_to_right,False,True,False,False,False,True,True,90,swerve_left
cruise,False,True,False,False,False,True,True,91,keep
cruise,False,True,False,False,False,True,True,91,swerve_left
change_to_left,False,True,False,False,False,True,True,92,keep
change_to_left,False,True,False,False,False,True,True,92,swerve_left
change_to_right,False,True,False,False,True,False,False,93,keep
change_to_right,False,True,False,False,True,False,False,93,swerve_left
change_to_right,False,True,False,False,True,False,False,93,swerve_right
cruise,False,True,False,False,True,False,False,94,keep
cruise,False,True,False,False,True,False,False,94,swerve_left
cruise,False,True,False,False,True,False,False,94,swerve_right
change_to_left,False,True,False,False,True,False,False,95,keep
change_to_left,False,True,False,False,True,False,False,95,swerve_left
change_to_left,False,True,False,False,True,False,False,95,swerve_right
change_to_right,False,True,False,False,True,False,True,96,keep
change_to_right,False,True,False,False,True,False,True,96,swerve_left
cruise,False,True,False,False,True,False,True,97,keep
cruise,False,True,False,False,True,False,True,97,swerve_left
change_to_left,False,True,False,False,True,False,True,98,keep
change_to_left,False,True,False,False,True,False,True,98,swerve_left
change_to_right,False,True,False,False,True,True,False,99,keep
change_to_right,False,True,False,False,True,True,False,99,swerve_left
change_to_right,False,True,False,False,True,True,False,99,swerve_right
cruise,False,True,False,False,True,True,False,100,keep
cruise,False,True,False,False,True,True,False,100,swerve_left
cruise,False,True,False,False,True,True,False,100,swerve_right
change_to_left,False,True,False,False,True,True,False,101,keep
change_to_left,False,True,False,False,True,True,False,101,swerve_left
change_to_left,False,True,False,False,True,True,False,101,swerve_right
cruise,False,True,False,False,True,True,True,102,keep
cruise,False,True,False,False,True,True,True,102,swerve_left
change_to_right,False,True,False,False,True,True,True,103,keep
change_to_right,False,True,False,False,True,True,True,103,swerve_left
change_to_left,False,True,False,False,True,True,True,104,keep
change_to_left,False,True,False,False,True,True,True,104,swerve_left
change_to_right,False,True,False,True,False,False,False,105,cruise
change_to_left,False,True,False,True,False,False,False,106,cruise
change_to_right,False,True,False,True,False,False,True,107,cruise
change_to_right,False,True,False,True,False,False,True,107,keep
change_to_right,False,True,False,True,False,False,True,107,swerve_left
change_to_left,False,True,False,True,False,False,True,108,cruise
change_to_left,False,True,False,True,False,False,True,108,keep
change_to_left,False,True,False,True,False,False,True,108,swerve_left
change_to_right,False,True,False,True,False,True,False,109,cruise
change_to_left,False,True,False,True,False,True,False,110,cruise
change_to_right,False,True,False,True,False,True,True,111,cruise
change_to_right,False,True,False,True,False,True,True,111,keep
change_to_right,False,True,False,True,False,True,True,111,swerve_left
change_to_left,False,True,False,True,False,True,True,112,cruise
change_to_left,False,True,False,True,False,True,True,112,keep
change_to_left,False,True,False,True,False,True,True,112,swerve_left
change_to_right,False,True,False,True,True,False,False,113,cruise
change_to_left,False,True,False,True,True,False,False,114,cruise
change_to_right,False,True,False,True,True,False,True,115,cruise
change_to_right,False,True,False,True,True,False,True,115,keep
change_to_right,False,True,False,True,True,False,True,115,swerve_left
change_to_left,False,True,False,True,True,False,True,116,cruise
change_to_left,False,True,False,True,True,False,True,116,keep
change_to_left,False,True,False,True,True,False,True,116,swerve_left
change_to_right,False,True,False,True,True,True,False,117,cruise
change_to_left,False,True,False,True,True,True,False,118,cruise
change_to_right,False,True,False,True,True,True,True,119,cruise
change_to_right,False,True,False,True,True,True,True,119,keep
change_to_right,False,True,False,True,True,True,True,119,swerve_left
change_to_left,False,True,False,True,True,True,True,120,cruise
change_to_left,False,True,False,True,True,True,True,120,keep
change_to_left,False,True,False,True,True,True,True,120,swerve_left
cruise,False,True,True,False,False,False,False,121,change_to_right
cruise,False,True,True,False,False,False,False,121,keep
change_to_left,False,True,True,False,False,False,False,122,change_to_right
change_to_left,False,True,True,False,False,False,False,122,keep
cruise,False,True,True,False,False,False,True,123,change_to_right
cruise,False,True,True,False,False,False,True,123,keep
change_to_left,False,True,True,False,False,False,True,124,change_to_right
change_to_left,False,True,True,False,False,False,True,124,keep
cruise,False,True,True,False,False,True,False,125,change_to_right
cruise,False,True,True,False,False,True,False,125,keep
change_to_left,False,True,True,False,False,True,False,126,change_to_right
change_to_left,False,True,True,False,False,True,False,126,keep
cruise,False,True,True,False,False,True,True,127,change_to_right
cruise,False,True,True,False,False,True,True,127,keep
change_to_left,False,True,True,False,False,True,True,128,change_to_right
change_to_left,False,True,True,False,False,True,True,128,keep
cruise,False,True,True,False,True,False,False,129,change_to_right
cruise,False,True,True,False,True,False,False,129,keep
change_to_left,False,True,True,False,True,False,False,130,change_to_right
change_to_left,False,True,True,False,True,False,False,130,keep
cruise,False,True,True,False,True,False,True,131,change_to_right
cruise,False,True,True,False,True,False,True,131,keep
change_to_left,False,True,True,False,True,False,True,132,change_to_right
change_to_left,False,True,True,False,True,False,True,132,keep
cruise,False,True,True,False,True,True,False,133,change_to_right
cruise,False,True,True,False,True,True,False,133,keep
change_to_left,False,True,True,False,True,True,False,134,change_to_right
change_to_left,False,True,True,False,True,True,False,134,keep
cruise,False,True,True,False,True,True,True,135,change_to_right
cruise,False,True,True,False,True,True,True,135,keep
change_to_left,False,True,True,False,True,True,True,136,change_to_right
change_to_left,False,True,True,False,True,True,True,136,keep
change_to_left,False,True,True,True,False,False,False,137,change_to_right
change_to_left,False,True,True,True,False,False,False,137,cruise
change_to_left,False,True,True,True,False,False,True,138,change_to_right
change_to_left,False,True,True,True,False,False,True,138,cruise
change_to_left,False,True,True,True,False,False,True,138,keep
change_to_left,False,True,True,True,False,False,True,138,swerve_left
change_to_left,False,True,True,True,False,False,True,138,swerve_right
change_to_left,False,True,True,True,False,True,False,139,change_to_right
change_to_left,False,True,True,True,False,True,False,139,cruise
change_to_left,False,True,True,True,False,True,True,140,change_to_right
change_to_left,False,True,True,True,False,True,True,140,cruise
change_to_left,False,True,True,True,False,True,True,140,keep
change_to_left,False,True,True,True,False,True,True,140,swerve_left
change_to_left,False,True,True,True,False,True,True,140,swerve_right
change_to_left,False,True,True,True,True,False,False,141,change_to_right
change_to_left,False,True,True,True,True,False,False,141,cruise
change_to_left,False,True,True,True,True,False,True,142,change_to_right
change_to_left,False,True,True,True,True,False,True,142,cruise
change_to_left,False,True,True,True,True,False,True,142,keep
change_to_left,False,True,True,True,True,False,True,142,swerve_left
change_to_left,False,True,True,True,True,False,True,142,swerve_right
change_to_left,False,True,True,True,True,True,False,143,change_to_right
change_to_left,False,True,True,True,True,True,False,143,cruise
change_to_left,False,True,True,True,True,True,True,144,change_to_right
change_to_left,False,True,True,True,True,True,True,144,cruise
change_to_left,False,True,True,True,True,True,True,144,keep
change_to_left,False,True,True,True,True,True,True,144,swerve_left
change_to_left,False,True,True,True,True,True,True,144,swerve_right
change_to_left,True,False,False,False,False,False,False,145,keep
change_to_left,True,False,False,False,False,False,False,145,swerve_right
cruise,True,False,False,False,False,False,False,146,keep
cruise,True,False,False,False,False,False,False,146,swerve_right
change_to_right,True,False,False,False,False,False,False,147,keep
change_to_right,True,False,False,False,False,False,False,147,swerve_right
change_to_left,True,False,False,False,False,False,True,148,keep
change_to_left,True,False,False,False,False,False,True,148,swerve_left
change_to_left,True,False,False,False,False,False,True,148,swerve_right
cruise,True,False,False,False,False,False,True,149,keep
cruise,True,False,False,False,False,False,True,149,swerve_left
cruise,True,False,False,False,False,False,True,149,swerve_right
change_to_right,True,False,False,False,False,False,True,150,keep
change_to_right,True,False,False,False,False,False,True,150,swerve_left
change_to_right,True,False,False,False,False,False,True,150,swerve_right
change_to_left,True,False,False,False,False,True,False,151,keep
change_to_left,True,False,False,False,False,True,False,151,swerve_right
cruise,True,False,False,False,False,True,False,152,keep
cruise,True,False,False,False,False,True,False,152,swerve_right
change_to_right,True,False,False,False,False,True,False,153,keep
change_to_right,True,False,False,False,False,True,False,153,swerve_right
change_to_left,True,False,False,False,False,True,True,154,keep
change_to_left,True,False,False,False,False,True,True,154,swerve_left
change_to_left,True,False,False,False,False,True,True,154,swerve_right
cruise,True,False,False,False,False,True,True,155,keep
cruise,True,False,False,False,False,True,True,155,swerve_left
cruise,True,False,False,False,False,True,True,155,swerve_right
change_to_right,True,False,False,False,False,True,True,156,keep
change_to_right,True,False,False,False,False,True,True,156,swerve_left
change_to_right,True,False,False,False,False,True,True,156,swerve_right
change_to_left,True,False,False,False,True,False,False,157,keep
change_to_left,True,False,False,False,True,False,False,157,swerve_right
cruise,True,False,False,False,True,False,False,158,keep
cruise,True,False,False,False,True,False,False,158,swerve_right
change_to_right,True,False,False,False,True,False,False,159,keep
change_to_right,True,False,False,False,True,False,False,159,swerve_right
change_to_left,True,False,False,False,True,False,True,160,keep
change_to_left,True,False,False,False,True,False,True,160,swerve_left
change_to_left,True,False,False,False,True,False,True,160,swerve_right
cruise,True,False,False,False,True,False,True,161,keep
cruise,True,False,False,False,True,False,True,161,swerve_left
cruise,True,False,False,False,True,False,True,161,swerve_right
change_to_right,True,False,False,False,True,False,True,162,keep
change_to_right,True,False,False,False,True,False,True,162,swerve_left
change_to_right,True,False,False,False,True,False,True,162,swerve_right
change_to_left,True,False,False,False,True,True,False,163,keep
change_to_left,True,False,False,False,True,True,False,163,swerve_right
cruise,True,False,False,False,True,True,False,164,keep
cruise,True,False,False,False,True,True,False,164,swerve_right
change_to_right,True,False,False,False,True,True,False,165,keep
change_to_right,True,False,False,False,True,True,False,165,swerve_right
change_to_left,True,False,False,False,True,True,True,166,keep
change_to_left,True,False,False,False,True,True,True,166,swerve_left
change_to_left,True,False,False,False,True,True,True,166,swerve_right
cruise,True,False,False,False,True,True,True,167,keep
cruise,True,False,False,False,True,True,True,167,swerve_left
cruise,True,False,False,False,True,True,True,167,swerve_right
change_to_right,True,False,False,False,True,True,True,168,keep
change_to_right,True,False,False,False,True,True,True,168,swerve_left
change_to_right,True,False,False,False,True,True,True,168,swerve_right
cruise,True,False,False,True,False,False,False,169,keep
change_to_left,True,False,False,True,False,False,False,170,keep
change_to_right,True,False,False,True,False,False,False,171,keep
cruise,True,False,False,True,False,False,True,172,change_to_left
cruise,True,False,False,True,False,False,True,172,keep
cruise,True,False,False,True,False,False,True,172,swerve_left
cruise,True,False,False,True,False,False,True,172,swerve_right
change_to_right,True,False,False,True,False,False,True,173,change_to_left
change_to_right,True,False,False,True,False,False,True,173,keep
change_to_right,True,False,False,True,False,False,True,173,swerve_left
change_to_right,True,False,False,True,False,False,True,173,swerve_right
change_to_left,True,False,False,True,False,True,False,174,keep
change_to_right,True,False,False,True,False,True,False,175,keep
cruise,True,False,False,True,False,True,False,176,keep
cruise,True,False,False,True,False,True,True,177,change_to_left
cruise,True,False,False,True,False,True,True,177,keep
cruise,True,False,False,True,False,True,True,177,swerve_left
cruise,True,False,False,True,False,True,True,177,swerve_right
change_to_right,True,False,False,True,False,True,True,178,change_to_left
change_to_right,True,False,False,True,False,True,True,178,keep
change_to_right,True,False,False,True,False,True,True,178,swerve_left
change_to_right,True,False,False,True,False,True,True,178,swerve_right
cruise,True,False,False,True,True,False,False,179,keep
change_to_left,True,False,False,True,True,False,False,180,keep
change_to_right,True,False,False,True,True,False,False,181,keep
cruise,True,False,False,True,True,False,True,182,change_to_left
cruise,True,False,False,True,True,False,True,182,keep
cruise,True,False,False,True,True,False,True,182,swerve_left
cruise,True,False,False,True,True,False,True,182,swerve_right
change_to_right,True,False,False,True,True,False,True,183,change_to_left
change_to_right,True,False,False,True,True,False,True,183,keep
change_to_right,True,False,False,True,True,False,True,183,swerve_left
change_to_right,True,False,False,True,True,False,True,183,swerve_right
change_to_left,True,False,False,True,True,True,False,184,keep
cruise,True,False,False,True,True,True,False,185,keep
change_to_right,True,False,False,True,True,True,False,186,keep
cruise,True,False,False,True,True,True,True,187,change_to_left
cruise,True,False,False,True,True,True,True,187,keep
cruise,True,False,False,True,True,True,True,187,swerve_left
cruise,True,False,False,True,True,True,True,187,swerve_right
change_to_right,True,False,False,True,True,True,True,188,change_to_left
change_to_right,True,False,False,True,True,True,True,188,keep
change_to_right,True,False,False,True,True,True,True,188,swerve_left
change_to_right,True,False,False,True,True,True,True,188,swerve_right
change_to_left,True,False,True,False,False,False,False,189,cruise
change_to_left,True,False,True,False,False,False,False,189,swerve_right
change_to_right,True,False,True,False,False,False,False,190,cruise
change_to_right,True,False,True,False,False,False,False,190,swerve_right
change_to_left,True,False,True,False,False,False,True,191,cruise
change_to_left,True,False,True,False,False,False,True,191,keep
change_to_left,True,False,True,False,False,False,True,191,swerve_left
change_to_right,True,False,True,False,False,False,True,192,cruise
change_to_right,True,False,True,False,False,False,True,192,keep
change_to_right,True,False,True,False,False,False,True,192,swerve_left
change_to_left,True,False,True,False,False,True,False,193,cruise
change_to_left,True,False,True,False,False,True,False,193,swerve_right
change_to_right,True,False,True,False,False,True,False,194,cruise
change_to_right,True,False,True,False,False,True,False,194,swerve_right
change_to_left,True,False,True,False,False,True,True,195,cruise
change_to_left,True,False,True,False,False,True,True,195,keep
change_to_left,True,False,True,False,False,True,True,195,swerve_left
change_to_right,True,False,True,False,False,True,True,196,cruise
change_to_right,True,False,True,False,False,True,True,196,keep
change_to_right,True,False,True,False,False,True,True,196,swerve_left
change_to_left,True,False,True,False,True,False,False,197,cruise
change_to_left,True,False,True,False,True,False,False,197,swerve_right
change_to_right,True,False,True,False,True,False,False,198,cruise
change_to_right,True,False,True,False,True,False,False,198,swerve_right
change_to_left,True,False,True,False,True,False,True,199,cruise
change_to_left,True,False,True,False,True,False,True,199,keep
change_to_left,True,False,True,False,True,False,True,199,swerve_left
change_to_right,True,False,True,False,True,False,True,200,cruise
change_to_right,True,False,True,False,True,False,True,200,keep
change_to_right,True,False,True,False,True,False,True,200,swerve_left
change_to_left,True,False,True,False,True,True,False,201,cruise
change_to_left,True,False,True,False,True,True,False,201,swerve_right
change_to_right,True,False,True,False,True,True,False,202,cruise
change_to_right,True,False,True,False,True,True,False,202,swerve_right
change_to_left,True,False,True,False,True,True,True,203,cruise
change_to_left,True,False,True,False,True,True,True,203,keep
change_to_left,True,False,True,False,True,True,True,203,swerve_left
change_to_right,True,False,True,False,True,True,True,204,cruise
change_to_right,True,False,True,False,True,True,True,204,keep
change_to_right,True,False,True,False,True,True,True,204,swerve_left
change_to_left,True,False,True,True,False,False,False,205,cruise
change_to_right,True,False,True,True,False,False,False,206,cruise
change_to_right,True,False,True,True,False,False,True,207,change_to_left
change_to_right,True,False,True,True,False,False,True,207,cruise
change_to_right,True,False,True,True,False,False,True,207,keep
change_to_right,True,False,True,True,False,False,True,207,swerve_left
change_to_left,True,False,True,True,False,True,False,208,cruise
change_to_right,True,False,True,True,False,True,False,209,cruise
change_to_right,True,False,True,True,False,True,True,210,change_to_left
change_to_right,True,False,True,True,False,True,True,210,cruise
change_to_right,True,False,True,True,False,True,True,210,keep
change_to_right,True,False,True,True,False,True,True,210,swerve_left
change_to_left,True,False,True,True,True,False,False,211,cruise
change_to_right,True,False,True,True,True,False,False,212,cruise
change_to_right,True,False,True,True,True,False,True,213,change_to_left
change_to_right,True,False,True,True,True,False,True,213,cruise
change_to_right,True,False,True,True,True,False,True,213,keep
change_to_right,True,False,True,True,True,False,True,213,swerve_left
change_to_left,True,False,True,True,True,True,False,214,cruise
change_to_right,True,False,True,True,True,True,False,215,cruise
change_to_right,True,False,True,True,True,True,True,216,change_to_left
change_to_right,True,False,True,True,True,True,True,216,cruise
change_to_right,True,False,True,True,True,True,True,216,keep
change_to_right,True,False,True,True,True,True,True,216,swerve_left
change_to_left,True,True,False,False,False,False,False,217,keep
change_to_left,True,True,False,False,False,False,False,217,swerve_left
change_to_left,True,True,False,False,False,False,False,217,swerve_right
cruise,True,True,False,False,False,False,False,218,keep
cruise,True,True,False,False,False,False,False,218,swerve_left
cruise,True,True,False,False,False,False,False,218,swerve_right
change_to_right,True,True,False,False,False,False,False,219,keep
change_to_right,True,True,False,False,False,False,False,219,swerve_left
change_to_right,True,True,False,False,False,False,False,219,swerve_right
change_to_left,True,True,False,False,False,False,True,220,keep
change_to_left,True,True,False,False,False,False,True,220,swerve_left
change_to_left,True,True,False,False,False,False,True,220,swerve_right
cruise,True,True,False,False,False,False,True,221,keep
cruise,True,True,False,False,False,False,True,221,swerve_left
cruise,True,True,False,False,False,False,True,221,swerve_right
change_to_right,True,True,False,False,False,False,True,222,keep
change_to_right,True,True,False,False,False,False,True,222,swerve_left
change_to_right,True,True,False,False,False,False,True,222,swerve_right
change_to_left,True,True,False,False,False,True,False,223,keep
change_to_left,True,True,False,False,False,True,False,223,swerve_left
change_to_left,True,True,False,False,False,True,False,223,swerve_right
cruise,True,True,False,False,False,True,False,224,keep
cruise,True,True,False,False,False,True,False,224,swerve_left
cruise,True,True,False,False,False,True,False,224,swerve_right
change_to_right,True,True,False,False,False,True,False,225,keep
change_to_right,True,True,False,False,False,True,False,225,swerve_left
change_to_right,True,True,False,False,False,True,False,225,swerve_right
change_to_left,True,True,False,False,False,True,True,226,keep
change_to_left,True,True,False,False,False,True,True,226,swerve_left
change_to_left,True,True,False,False,False,True,True,226,swerve_right
cruise,True,True,False,False,False,True,True,227,keep
cruise,True,True,False,False,False,True,True,227,swerve_left
cruise,True,True,False,False,False,True,True,227,swerve_right
change_to_right,True,True,False,False,False,True,True,228,keep
change_to_right,True,True,False,False,False,True,True,228,swerve_left
change_to_right,True,True,False,False,False,True,True,228,swerve_right
change_to_left,True,True,False,False,True,False,False,229,keep
change_to_left,True,True,False,False,True,False,False,229,swerve_left
change_to_left,True,True,False,False,True,False,False,229,swerve_right
cruise,True,True,False,False,True,False,False,230,keep
cruise,True,True,False,False,True,False,False,230,swerve_left
cruise,True,True,False,False,True,False,False,230,swerve_right
change_to_right,True,True,False,False,True,False,False,231,keep
change_to_right,True,True,False,False,True,False,False,231,swerve_left
change_to_right,True,True,False,False,True,False,False,231,swerve_right
change_to_left,True,True,False,False,True,False,True,232,keep
change_to_left,True,True,False,False,True,False,True,232,swerve_left
change_to_left,True,True,False,False,True,False,True,232,swerve_right
cruise,True,True,False,False,True,False,True,233,keep
cruise,True,True,False,False,True,False,True,233,swerve_left
cruise,True,True,False,False,True,False,True,233,swerve_right
change_to_right,True,True,False,False,True,False,True,234,keep
change_to_right,True,True,False,False,True,False,True,234,swerve_left
change_to_right,True,True,False,False,True,False,True,234,swerve_right
change_to_left,True,True,False,False,True,True,False,235,keep
change_to_left,True,True,False,False,True,True,False,235,swerve_left
change_to_left,True,True,False,False,True,True,False,235,swerve_right
cruise,True,True,False,False,True,True,False,236,keep
cruise,True,True,False,False,True,True,False,236,swerve_left
cruise,True,True,False,False,True,True,False,236,swerve_right
change_to_right,True,True,False,False,True,True,False,237,keep
change_to_right,True,True,False,False,True,True,False,237,swerve_left
change_to_right,True,True,False,False,True,True,False,237,swerve_right
change_to_left,True,True,False,False,True,True,True,238,keep
change_to_left,True,True,False,False,True,True,True,238,swerve_left
change_to_left,True,True,False,False,True,True,True,238,swerve_right
cruise,True,True,False,False,True,True,True,239,keep
cruise,True,True,False,False,True,True,True,239,swerve_left
cruise,True,True,False,False,True,True,True,239,swerve_right
change_to_right,True,True,False,False,True,True,True,240,keep
change_to_right,True,True,False,False,True,True,True,240,swerve_left
change_to_right,True,True,False,False,True,True,True,240,swerve_right
cruise,True,True,False,True,False,False,False,241,keep
cruise,True,True,False,True,False,False,False,241,swerve_left
cruise,True,True,False,True,False,False,False,241,swerve_right
change_to_left,True,True,False,True,False,False,False,242,keep
change_to_left,True,True,False,True,False,False,False,242,swerve_left
change_to_left,True,True,False,True,False,False,False,242,swerve_right
change_to_right,True,True,False,True,False,False,False,243,keep
change_to_right,True,True,False,True,False,False,False,243,swerve_left
change_to_right,True,True,False,True,False,False,False,243,swerve_right
cruise,True,True,False,True,False,False,True,244,change_to_left
cruise,True,True,False,True,False,False,True,244,keep
cruise,True,True,False,True,False,False,True,244,swerve_left
cruise,True,True,False,True,False,False,True,244,swerve_right
change_to_right,True,True,False,True,False,False,True,245,change_to_left
change_to_right,True,True,False,True,False,False,True,245,keep
change_to_right,True,True,False,True,False,False,True,245,swerve_left
change_to_right,True,True,False,True,False,False,True,245,swerve_right
change_to_left,True,True,False,True,False,True,False,246,keep
change_to_left,True,True,False,True,False,True,False,246,swerve_left
change_to_left,True,True,False,True,False,True,False,246,swerve_right
change_to_right,True,True,False,True,False,True,False,247,keep
change_to_right,True,True,False,True,False,True,False,247,swerve_left
change_to_right,True,True,False,True,False,True,False,247,swerve_right
cruise,True,True,False,True,False,True,False,248,keep
cruise,True,True,False,True,False,True,False,248,swerve_left
cruise,True,True,False,True,False,True,False,248,swerve_right
cruise,True,True,False,True,False,True,True,249,change_to_left
cruise,True,True,False,True,False,True,True,249,keep
cruise,True,True,False,True,False,True,True,249,swerve_left
cruise,True,True,False,True,False,True,True,249,swerve_right
change_to_right,True,True,False,True,False,True,True,250,change_to_left
change_to_right,True,True,False,True,False,True,True,250,keep
change_to_right,True,True,False,True,False,True,True,250,swerve_left
change_to_right,True,True,False,True,False,True,True,250,swerve_right
cruise,True,True,False,True,True,False,False,251,keep
cruise,True,True,False,True,True,False,False,251,swerve_left
cruise,True,True,False,True,True,False,False,251,swerve_right
change_to_left,True,True,False,True,True,False,False,252,keep
change_to_left,True,True,False,True,True,False,False,252,swerve_left
change_to_left,True,True,False,True,True,False,False,252,swerve_right
change_to_right,True,True,False,True,True,False,False,253,keep
change_to_right,True,True,False,True,True,False,False,253,swerve_left
change_to_right,True,True,False,True,True,False,False,253,swerve_right
cruise,True,True,False,True,True,False,True,254,change_to_left
cruise,True,True,False,True,True,False,True,254,keep
cruise,True,True,False,True,True,False,True,254,swerve_left
cruise,True,True,False,True,True,False,True,254,swerve_right
change_to_right,True,True,False,True,True,False,True,255,change_to_left
change_to_right,True,True,False,True,True,False,True,255,keep
change_to_right,True,True,False,True,True,False,True,255,swerve_left
change_to_right,True,True,False,True,True,False,True,255,swerve_right
change_to_left,True,True,False,True,True,True,False,256,keep
change_to_left,True,True,False,True,True,True,False,256,swerve_left
change_to_left,True,True,False,True,True,True,False,256,swerve_right
cruise,True,True,False,True,True,True,False,257,keep
cruise,True,True,False,True,True,True,False,257,swerve_left
cruise,True,True,False,True,True,True,False,257,swerve_right
change_to_right,True,True,False,True,True,True,False,258,keep
change_to_right,True,True,False,True,True,True,False,258,swerve_left
change_to_right,True,True,False,True,True,True,False,258,swerve_right
cruise,True,True,False,True,True,True,True,259,change_to_left
cruise,True,True,False,True,True,True,True,259,keep
cruise,True,True,False,True,True,True,True,259,swerve_left
cruise,True,True,False,True,True,True,True,259,swerve_right
change_to_right,True,True,False,True,True,True,True,260,change_to_left
change_to_right,True,True,False,True,True,True,True,260,keep
change_to_right,True,True,False,True,True,True,True,260,swerve_left
change_to_right,True,True,False,True,True,True,True,260,swerve_right
change_to_left,True,True,True,False,False,False,False,261,cruise
change_to_left,True,True,True,False,False,False,False,261,keep
change_to_left,True,True,True,False,False,False,False,261,swerve_left
change_to_left,True,True,True,False,False,False,False,261,swerve_right
change_to_right,True,True,True,False,False,False,False,262,cruise
change_to_right,True,True,True,False,False,False,False,262,keep
change_to_right,True,True,True,False,False,False,False,262,swerve_left
change_to_right,True,True,True,False,False,False,False,262,swerve_right
change_to_left,True,True,True,False,False,False,True,263,cruise
change_to_left,True,True,True,False,False,False,True,263,keep
change_to_left,True,True,True,False,False,False,True,263,swerve_left
change_to_left,True,True,True,False,False,False,True,263,swerve_right
change_to_right,True,True,True,False,False,False,True,264,cruise
change_to_right,True,True,True,False,False,False,True,264,keep
change_to_right,True,True,True,False,False,False,True,264,swerve_left
change_to_right,True,True,True,False,False,False,True,264,swerve_right
change_to_left,True,True,True,False,False,True,False,265,cruise
change_to_left,True,True,True,False,False,True,False,265,keep
change_to_left,True,True,True,False,False,True,False,265,swerve_left
change_to_left,True,True,True,False,False,True,False,265,swerve_right
change_to_right,True,True,True,False,False,True,False,266,cruise
change_to_right,True,True,True,False,False,True,False,266,keep
change_to_right,True,True,True,False,False,True,False,266,swerve_left
change_to_right,True,True,True,False,False,True,False,266,swerve_right
change_to_left,True,True,True,False,False,True,True,267,cruise
change_to_left,True,True,True,False,False,True,True,267,keep
change_to_left,True,True,True,False,False,True,True,267,swerve_left
change_to_left,True,True,True,False,False,True,True,267,swerve_right
change_to_right,True,True,True,False,False,True,True,268,cruise
change_to_right,True,True,True,False,False,True,True,268,keep
change_to_right,True,True,True,False,False,True,True,268,swerve_left
change_to_right,True,True,True,False,False,True,True,268,swerve_right
change_to_left,True,True,True,False,True,False,False,269,cruise
change_to_left,True,True,True,False,True,False,False,269,keep
change_to_left,True,True,True,False,True,False,False,269,swerve_left
change_to_left,True,True,True,False,True,False,False,269,swerve_right
change_to_right,True,True,True,False,True,False,False,270,cruise
change_to_right,True,True,True,False,True,False,False,270,keep
change_to_right,True,True,True,False,True,False,False,270,swerve_left
change_to_right,True,True,True,False,True,False,False,270,swerve_right
change_to_left,True,True,True,False,True,False,True,271,cruise
change_to_left,True,True,True,False,True,False,True,271,keep
change_to_left,True,True,True,False,True,False,True,271,swerve_left
change_to_left,True,True,True,False,True,False,True,271,swerve_right
change_to_right,True,True,True,False,True,False,True,272,cruise
change_to_right,True,True,True,False,True,False,True,272,keep
change_to_right,True,True,True,False,True,False,True,272,swerve_left
change_to_right,True,True,True,False,True,False,True,272,swerve_right
change_to_left,True,True,True,False,True,True,False,273,cruise
change_to_left,True,True,True,False,True,True,False,273,keep
change_to_left,True,True,True,False,True,True,False,273,swerve_left
change_to_left,True,True,True,False,True,True,False,273,swerve_right
change_to_right,True,True,True,False,True,True,False,274,cruise
change_to_right,True,True,True,False,True,True,False,274,keep
change_to_right,True,True,True,False,True,True,False,274,swerve_left
change_to_right,True,True,True,False,True,True,False,274,swerve_right
change_to_left,True,True,True,False,True,True,True,275,cruise
change_to_left,True,True,True,False,True,True,True,275,keep
change_to_left,True,True,True,False,True,True,True,275,swerve_left
change_to_left,True,True,True,False,True,True,True,275,swerve_right
change_to_right,True,True,True,False,True,True,True,276,cruise
change_to_right,True,True,True,False,True,True,True,276,keep
change_to_right,True,True,True,False,True,True,True,276,swerve_left
change_to_right,True,True,True,False,True,True,True,276,swerve_right
change_to_left,True,True,True,True,False,False,False,277,cruise
change_to_left,True,True,True,True,False,False,False,277,keep
change_to_left,True,True,True,True,False,False,False,277,swerve_left
change_to_left,True,True,True,True,False,False,False,277,swerve_right
change_to_right,True,True,True,True,False,False,False,278,cruise
change_to_right,True,True,True,True,False,False,False,278,keep
change_to_right,True,True,True,True,False,False,False,278,swerve_left
change_to_right,True,True,True,True,False,False,False,278,swerve_right
change_to_right,True,True,True,True,False,False,True,279,change_to_left
change_to_right,True,True,True,True,False,False,True,279,cruise
change_to_right,True,True,True,True,False,False,True,279,keep
change_to_right,True,True,True,True,False,False,True,279,swerve_left
change_to_right,True,True,True,True,False,False,True,279,swerve_right
change_to_left,True,True,True,True,False,True,False,280,cruise
change_to_left,True,True,True,True,False,True,False,280,keep
change_to_left,True,True,True,True,False,True,False,280,swerve_left
change_to_left,True,True,True,True,False,True,False,280,swerve_right
change_to_right,True,True,True,True,False,True,False,281,cruise
change_to_right,True,True,True,True,False,True,False,281,keep
change_to_right,True,True,True,True,False,True,False,281,swerve_left
change_to_right,True,True,True,True,False,True,False,281,swerve_right
change_to_right,True,True,True,True,False,True,True,282,change_to_left
change_to_right,True,True,True,True,False,True,True,282,cruise
change_to_right,True,True,True,True,False,True,True,282,keep
change_to_right,True,True,True,True,False,True,True,282,swerve_left
change_to_right,True,True,True,True,False,True,True,282,swerve_right
change_to_left,True,True,True,True,True,False,False,283,cruise
change_to_left,True,True,True,True,True,False,False,283,keep
change_to_left,True,True,True,True,True,False,False,283,swerve_left
change_to_left,True,True,True,True,True,False,False,283,swerve_right
change_to_right,True,True,True,True,True,False,False,284,cruise
change_to_right,True,True,True,True,True,False,False,284,keep
change_to_right,True,True,True,True,True,False,False,284,swerve_left
change_to_right,True,True,True,True,True,False,False,284,swerve_right
change_to_right,True,True,True,True,True,False,True,285,change_to_left
change_to_right,True,True,True,True,True,False,True,285,cruise
change_to_right,True,True,True,True,True,False,True,285,keep
change_to_right,True,True,True,True,True,False,True,285,swerve_left
change_to_right,True,True,True,True,True,False,True,285,swerve_right
change_to_left,True,True,True,True,True,True,False,286,cruise
change_to_left,True,True,True,True,True,True,False,286,keep
change_to_left,True,True,True,True,True,True,False,286,swerve_left
change_to_left,True,True,True,True,True,True,False,286,swerve_right
change_to_right,True,True,True,True,True,True,False,287,cruise
change_to_right,True,True,True,True,True,True,False,287,keep
change_to_right,True,True,True,True,True,True,False,287,swerve_left
change_to_right,True,True,True,True,True,True,False,287,swerve_right
change_to_right,True,True,True,True,True,True,True,288,change_to_left
change_to_right,True,True,True,True,True,True,True,288,cruise
change_to_right,True,True,True,True,True,True,True,288,keep
change_to_right,True,True,True,True,True,True,True,288,swerve_left
change_to_right,True,True,True,True,True,True,True,288,swerve_right
keep,False,False,False,False,False,False,False,289,swerve_left
keep,False,False,False,False,False,False,False,289,swerve_right
keep,False,False,False,False,False,False,True,290,swerve_left
keep,False,False,False,False,False,True,False,291,swerve_left
keep,False,False,False,False,False,True,False,291,swerve_right
keep,False,False,False,False,False,True,True,292,swerve_left
keep,False,False,False,False,True,False,False,293,swerve_left
keep,False,False,False,False,True,False,False,293,swerve_right
keep,False,False,False,False,True,False,True,294,swerve_left
keep,False,False,False,False,True,True,False,295,swerve_left
keep,False,False,False,False,True,True,False,295,swerve_right
keep,False,False,False,False,True,True,True,296,swerve_left
cruise,False,False,False,True,False,False,False,297,keep
cruise,False,False,False,True,False,False,False,297,swerve_left
cruise,False,False,False,True,False,False,False,297,swerve_right
keep,False,False,False,True,False,False,False,298,cruise
keep,False,False,False,True,False,False,False,298,swerve_left
keep,False,False,False,True,False,False,False,298,swerve_right
cruise,False,False,False,True,False,False,True,299,keep
cruise,False,False,False,True,False,False,True,299,swerve_left
keep,False,False,False,True,False,False,True,300,cruise
keep,False,False,False,True,False,False,True,300,swerve_left
cruise,False,False,False,True,False,True,False,301,keep
cruise,False,False,False,True,False,True,False,301,swerve_left
cruise,False,False,False,True,False,True,False,301,swerve_right
keep,False,False,False,True,False,True,False,302,cruise
keep,False,False,False,True,False,True,False,302,swerve_left
keep,False,False,False,True,False,True,False,302,swerve_right
cruise,False,False,False,True,False,True,True,303,keep
cruise,False,False,False,True,False,True,True,303,swerve_left
keep,False,False,False,True,False,True,True,304,cruise
keep,False,False,False,True,False,True,True,304,swerve_left
cruise,False,False,False,True,True,False,False,305,keep
cruise,False,False,False,True,True,False,False,305,swerve_left
cruise,False,False,False,True,True,False,False,305,swerve_right
keep,False,False,False,True,True,False,False,306,cruise
keep,False,False,False,True,True,False,False,306,swerve_left
keep,False,False,False,True,True,False,False,306,swerve_right
cruise,False,False,False,True,True,False,True,307,keep
cruise,False,False,False,True,True,False,True,307,swerve_left
keep,False,False,False,True,True,False,True,308,cruise
keep,False,False,False,True,True,False,True,308,swerve_left
cruise,False,False,False,True,True,True,False,309,keep
cruise,False,False,False,True,True,True,False,309,swerve_left
cruise,False,False,False,True,True,True,False,309,swerve_right
keep,False,False,False,True,True,True,False,310,cruise
keep,False,False,False,True,True,True,False,310,swerve_left
keep,False,False,False,True,True,True,False,310,swerve_right
cruise,False,False,False,True,True,True,True,311,keep
cruise,False,False,False,True,True,True,True,311,swerve_left
keep,False,False,False,True,True,True,True,312,cruise
keep,False,False,False,True,True,True,True,312,swerve_left
keep,False,False,True,False,False,False,False,313,swerve_left
keep,False,False,True,False,False,False,False,313,swerve_right
keep,False,False,True,False,False,False,True,314,swerve_left
keep,False,False,True,False,False,True,False,315,swerve_left
keep,False,False,True,False,False,True,False,315,swerve_right
keep,False,False,True,False,False,True,True,316,swerve_left
keep,False,False,True,False,True,False,False,317,swerve_left
keep,False,False,True,False,True,False,False,317,swerve_right
keep,False,False,True,False,True,False,True,318,swerve_left
keep,False,False,True,False,True,True,False,319,swerve_left
keep,False,False,True,False,True,True,False,319,swerve_right
keep,False,False,True,False,True,True,True,320,swerve_left
cruise,False,False,True,True,False,False,False,321,keep
cruise,False,False,True,True,False,False,False,321,swerve_left
cruise,False,False,True,True,False,False,False,321,swerve_right
keep,False,False,True,True,False,False,False,322,cruise
cruise,False,False,True,True,False,False,True,323,keep
cruise,False,False,True,True,False,False,True,323,swerve_left
keep,False,False,True,True,False,False,True,324,cruise
keep,False,False,True,True,False,False,True,324,swerve_left
cruise,False,False,True,True,False,True,False,325,keep
cruise,False,False,True,True,False,True,False,325,swerve_left
cruise,False,False,True,True,False,True,False,325,swerve_right
keep,False,False,True,True,False,True,False,326,cruise
cruise,False,False,True,True,False,True,True,327,keep
cruise,False,False,True,True,False,True,True,327,swerve_left
keep,False,False,True,True,False,True,True,328,cruise
keep,False,False,True,True,False,True,True,328,swerve_left
cruise,False,False,True,True,True,False,False,329,keep
cruise,False,False,True,True,True,False,False,329,swerve_left
cruise,False,False,True,True,True,False,False,329,swerve_right
keep,False,False,True,True,True,False,False,330,cruise
cruise,False,False,True,True,True,False,True,331,keep
cruise,False,False,True,True,True,False,True,331,swerve_left
keep,False,False,True,True,True,False,True,332,cruise
keep,False,False,True,True,True,False,True,332,swerve_left
cruise,False,False,True,True,True,True,False,333,keep
cruise,False,False,True,True,True,True,False,333,swerve_left
cruise,False,False,True,True,True,True,False,333,swerve_right
keep,False,False,True,True,True,True,False,334,cruise
cruise,False,False,True,True,True,True,True,335,keep
cruise,False,False,True,True,True,True,True,335,swerve_left
keep,False,False,True,True,True,True,True,336,cruise
keep,False,False,True,True,True,True,True,336,swerve_left
keep,False,True,False,False,False,False,False,337,swerve_left
keep,False,True,False,False,False,False,False,337,swerve_right
keep,False,True,False,False,False,False,True,338,swerve_left
keep,False,True,False,False,False,True,False,339,swerve_left
keep,False,True,False,False,False,True,False,339,swerve_right
keep,False,True,False,False,False,True,True,340,swerve_left
keep,False,True,False,False,True,False,False,341,swerve_left
keep,False,True,False,False,True,False,False,341,swerve_right
keep,False,True,False,False,True,False,True,342,swerve_left
keep,False,True,False,False,True,True,False,343,swerve_left
keep,False,True,False,False,True,True,False,343,swerve_right
keep,False,True,False,False,True,True,True,344,swerve_left
cruise,False,True,False,True,False,False,False,345,keep
cruise,False,True,False,True,False,False,False,345,swerve_left
cruise,False,True,False,True,False,False,False,345,swerve_right
keep,False,True,False,True,False,False,False,346,cruise
cruise,False,True,False,True,False,False,True,347,keep
cruise,False,True,False,True,False,False,True,347,swerve_left
keep,False,True,False,True,False,False,True,348,cruise
keep,False,True,False,True,False,False,True,348,swerve_left
cruise,False,True,False,True,False,True,False,349,keep
cruise,False,True,False,True,False,True,False,349,swerve_left
cruise,False,True,False,True,False,True,False,349,swerve_right
keep,False,True,False,True,False,True,False,350,cruise
cruise,False,True,False,True,False,True,True,351,keep
cruise,False,True,False,True,False,True,True,351,swerve_left
keep,False,True,False,True,False,True,True,352,cruise
keep,False,True,False,True,False,True,True,352,swerve_left
cruise,False,True,False,True,True,False,False,353,keep
cruise,False,True,False,True,True,False,False,353,swerve_left
cruise,False,True,False,True,True,False,False,353,swerve_right
keep,False,True,False,True,True,False,False,354,cruise
cruise,False,True,False,True,True,False,True,355,keep
cruise,False,True,False,True,True,False,True,355,swerve_left
keep,False,True,False,True,True,False,True,356,cruise
keep,False,True,False,True,True,False,True,356,swerve_left
cruise,False,True,False,True,True,True,False,357,keep
cruise,False,True,False,True,True,True,False,357,swerve_left
cruise,False,True,False,True,True,True,False,357,swerve_right
keep,False,True,False,True,True,True,False,358,cruise
cruise,False,True,False,True,True,True,True,359,keep
cruise,False,True,False,True,True,True,True,359,swerve_left
keep,False,True,False,True,True,True,True,360,cruise
keep,False,True,False,True,True,True,True,360,swerve_left
change_to_right,False,True,True,False,False,False,False,361,keep
keep,False,True,True,False,False,False,False,362,change_to_right
change_to_right,False,True,True,False,False,False,True,363,keep
keep,False,True,True,False,False,False,True,364,change_to_right
change_to_right,False,True,True,False,False,True,False,365,keep
keep,False,True,True,False,False,True,False,366,change_to_right
change_to_right,False,True,True,False,False,True,True,367,keep
keep,False,True,True,False,False,True,True,368,change_to_right
change_to_right,False,True,True,False,True,False,False,369,keep
keep,False,True,True,False,True,False,False,370,change_to_right
change_to_right,False,True,True,False,True,False,True,371,keep
keep,False,True,True,False,True,False,True,372,change_to_right
change_to_right,False,True,True,False,True,True,False,373,keep
keep,False,True,True,False,True,True,False,374,change_to_right
change_to_right,False,True,True,False,True,True,True,375,keep
keep,False,True,True,False,True,True,True,376,change_to_right
change_to_right,False,True,True,True,False,False,False,377,cruise
cruise,False,True,True,True,False,False,False,378,change_to_right
keep,False,True,True,True,False,False,False,379,change_to_right
keep,False,True,True,True,False,False,False,379,cruise
change_to_right,False,True,True,True,False,False,True,380,cruise
change_to_right,False,True,True,True,False,False,True,380,keep
change_to_right,False,True,True,True,False,False,True,380,swerve_left
change_to_right,False,True,True,True,False,False,True,380,swerve_right
cruise,False,True,True,True,False,False,True,381,change_to_right
cruise,False,True,True,True,False,False,True,381,keep
cruise,False,True,True,True,False,False,True,381,swerve_left
cruise,False,True,True,True,False,False,True,381,swerve_right
keep,False,True,True,True,False,False,True,382,change_to_right
keep,False,True,True,True,False,False,True,382,cruise
keep,False,True,True,True,False,False,True,382,swerve_left
keep,False,True,True,True,False,False,True,382,swerve_right
change_to_right,False,True,True,True,False,True,False,383,cruise
cruise,False,True,True,True,False,True,False,384,change_to_right
keep,False,True,True,True,False,True,False,385,change_to_right
keep,False,True,True,True,False,True,False,385,cruise
change_to_right,False,True,True,True,False,True,True,386,cruise
change_to_right,False,True,True,True,False,True,True,386,keep
change_to_right,False,True,True,True,False,True,True,386,swerve_left
change_to_right,False,True,True,True,False,True,True,386,swerve_right
cruise,False,True,True,True,False,True,True,387,change_to_right
cruise,False,True,True,True,False,True,True,387,keep
cruise,False,True,True,True,False,True,True,387,swerve_left
cruise,False,True,True,True,False,True,True,387,swerve_right
keep,False,True,True,True,False,True,True,388,change_to_right
keep,False,True,True,True,False,True,True,388,cruise
keep,False,True,True,True,False,True,True,388,swerve_left
keep,False,True,True,True,False,True,True,388,swerve_right
change_to_right,False,True,True,True,True,False,False,389,cruise
cruise,False,True,True,True,True,False,False,390,change_to_right
keep,False,True,True,True,True,False,False,391,change_to_right
keep,False,True,True,True,True,False,False,391,cruise
change_to_right,False,True,True,True,True,False,True,392,cruise
change_to_right,False,True,True,True,True,False,True,392,keep
change_to_right,False,True,True,True,True,False,True,392,swerve_left
change_to_right,False,True,True,True,True,False,True,392,swerve_right
cruise,False,True,True,True,True,False,True,393,change_to_right
cruise,False,True,True,True,True,False,True,393,keep
cruise,False,True,True,True,True,False,True,393,swerve_left
cruise,False,True,True,True,True,False,True,393,swerve_right
keep,False,True,True,True,True,False,True,394,change_to_right
keep,False,True,True,True,True,False,True,394,cruise
keep,False,True,True,True,True,False,True,394,swerve_left
keep,False,True,True,True,True,False,True,394,swerve_right
change_to_right,False,True,True,True,True,True,False,395,cruise
cruise,False,True,True,True,True,True,False,396,change_to_right
keep,False,True,True,True,True,True,False,397,change_to_right
keep,False,True,True,True,True,True,False,397,cruise
change_to_right,False,True,True,True,True,True,True,398,cruise
change_to_right,False,True,True,True,True,True,True,398,keep
change_to_right,False,True,True,True,True,True,True,398,swerve_left
change_to_right,False,True,True,True,True,True,True,398,swerve_right
cruise,False,True,True,True,True,True,True,399,change_to_right
cruise,False,True,True,True,True,True,True,399,keep
cruise,False,True,True,True,True,True,True,399,swerve_left
cruise,False,True,True,True,True,True,True,399,swerve_right
keep,False,True,True,True,True,True,True,400,change_to_right
keep,False,True,True,True,True,True,True,400,cruise
keep,False,True,True,True,True,True,True,400,swerve_left
keep,False,True,True,True,True,True,True,400,swerve_right
keep,True,False,False,False,False,False,False,401,swerve_right
keep,True,False,False,False,False,False,True,402,swerve_left
keep,True,False,False,False,False,False,True,402,swerve_right
keep,True,False,False,False,False,True,False,403,swerve_right
keep,True,False,False,False,False,True,True,404,swerve_left
keep,True,False,False,False,False,True,True,404,swerve_right
keep,True,False,False,False,True,False,False,405,swerve_right
keep,True,False,False,False,True,False,True,406,swerve_left
keep,True,False,False,False,True,False,True,406,swerve_right
keep,True,False,False,False,True,True,False,407,swerve_right
keep,True,False,False,False,True,True,True,408,swerve_left
keep,True,False,False,False,True,True,True,408,swerve_right
keep,True,False,False,True,False,False,False,409,swerve_left
keep,True,False,False,True,False,False,False,409,swerve_right
change_to_left,True,False,False,True,False,False,True,410,keep
change_to_left,True,False,False,True,False,False,True,410,swerve_left
change_to_left,True,False,False,True,False,False,True,410,swerve_right
keep,True,False,False,True,False,False,True,411,change_to_left
keep,True,False,False,True,False,False,True,411,swerve_left
keep,True,False,False,True,False,False,True,411,swerve_right
keep,True,False,False,True,False,True,False,412,swerve_left
keep,True,False,False,True,False,True,False,412,swerve_right
change_to_left,True,False,False,True,False,True,True,413,keep
change_to_left,True,False,False,True,False,True,True,413,swerve_left
change_to_left,True,False,False,True,False,True,True,413,swerve_right
keep,True,False,False,True,False,True,True,414,change_to_left
keep,True,False,False,True,False,True,True,414,swerve_left
keep,True,False,False,True,False,True,True,414,swerve_right
keep,True,False,False,True,True,False,False,415,swerve_left
keep,True,False,False,True,True,False,False,415,swerve_right
change_to_left,True,False,False,True,True,False,True,416,keep
change_to_left,True,False,False,True,True,False,True,416,swerve_left
change_to_left,True,False,False,True,True,False,True,416,swerve_right
keep,True,False,False,True,True,False,True,417,change_to_left
keep,True,False,False,True,True,False,True,417,swerve_left
keep,True,False,False,True,True,False,True,417,swerve_right
keep,True,False,False,True,True,True,False,418,swerve_left
keep,True,False,False,True,True,True,False,418,swerve_right
change_to_left,True,False,False,True,True,True,True,419,keep
change_to_left,True,False,False,True,True,True,True,419,swerve_left
change_to_left,True,False,False,True,True,True,True,419,swerve_right
keep,True,False,False,True,True,True,True,420,change_to_left
keep,True,False,False,True,True,True,True,420,swerve_left
keep,True,False,False,True,True,True,True,420,swerve_right
cruise,True,False,True,False,False,False,False,421,swerve_right
keep,True,False,True,False,False,False,False,422,cruise
keep,True,False,True,False,False,False,False,422,swerve_right
cruise,True,False,True,False,False,False,True,423,keep
cruise,True,False,True,False,False,False,True,423,swerve_left
keep,True,False,True,False,False,False,True,424,cruise
keep,True,False,True,False,False,False,True,424,swerve_left
cruise,True,False,True,False,False,True,False,425,swerve_right
keep,True,False,True,False,False,True,False,426,cruise
keep,True,False,True,False,False,True,False,426,swerve_right
cruise,True,False,True,False,False,True,True,427,keep
cruise,True,False,True,False,False,True,True,427,swerve_left
keep,True,False,True,False,False,True,True,428,cruise
keep,True,False,True,False,False,True,True,428,swerve_left
cruise,True,False,True,False,True,False,False,429,swerve_right
keep,True,False,True,False,True,False,False,430,cruise
keep,True,False,True,False,True,False,False,430,swerve_right
cruise,True,False,True,False,True,False,True,431,keep
cruise,True,False,True,False,True,False,True,431,swerve_left
keep,True,False,True,False,True,False,True,432,cruise
keep,True,False,True,False,True,False,True,432,swerve_left
cruise,True,False,True,False,True,True,False,433,swerve_right
keep,True,False,True,False,True,True,False,434,cruise
keep,True,False,True,False,True,True,False,434,swerve_right
cruise,True,False,True,False,True,True,True,435,keep
cruise,True,False,True,False,True,True,True,435,swerve_left
keep,True,False,True,False,True,True,True,436,cruise
keep,True,False,True,False,True,True,True,436,swerve_left
cruise,True,False,True,True,False,False,False,437,keep
cruise,True,False,True,True,False,False,False,437,swerve_left
cruise,True,False,True,True,False,False,False,437,swerve_right
keep,True,False,True,True,False,False,False,438,cruise
change_to_left,True,False,True,True,False,False,True,439,cruise
change_to_left,True,False,True,True,False,False,True,439,keep
change_to_left,True,False,True,True,False,False,True,439,swerve_left
cruise,True,False,True,True,False,False,True,440,change_to_left
cruise,True,False,True,True,False,False,True,440,keep
cruise,True,False,True,True,False,False,True,440,swerve_left
keep,True,False,True,True,False,False,True,441,change_to_left
keep,True,False,True,True,False,False,True,441,cruise
keep,True,False,True,True,False,False,True,441,swerve_left
cruise,True,False,True,True,False,True,False,442,keep
cruise,True,False,True,True,False,True,False,442,swerve_left
cruise,True,False,True,True,False,True,False,442,swerve_right
keep,True,False,True,True,False,True,False,443,cruise
change_to_left,True,False,True,True,False,True,True,444,cruise
change_to_left,True,False,True,True,False,True,True,444,keep
change_to_left,True,False,True,True,False,True,True,444,swerve_left
cruise,True,False,True,True,False,True,True,445,change_to_left
cruise,True,False,True,True,False,True,True,445,keep
cruise,True,False,True,True,False,True,True,445,swerve_left
keep,True,False,True,True,False,True,True,446,change_to_left
keep,True,False,True,True,False,True,True,446,cruise
keep,True,False,True,True,False,True,True,446,swerve_left
cruise,True,False,True,True,True,False,False,447,keep
cruise,True,False,True,True,True,False,False,447,swerve_left
cruise,True,False,True,True,True,False,False,447,swerve_right
keep,True,False,True,True,True,False,False,448,cruise
change_to_left,True,False,True,True,True,False,True,449,cruise
change_to_left,True,False,True,True,True,False,True,449,keep
change_to_left,True,False,True,True,True,False,True,449,swerve_left
cruise,True,False,True,True,True,False,True,450,change_to_left
cruise,True,False,True,True,True,False,True,450,keep
cruise,True,False,True,True,True,False,True,450,swerve_left
keep,True,False,True,True,True,False,True,451,change_to_left
keep,True,False,True,True,True,False,True,451,cruise
keep,True,False,True,True,True,False,True,451,swerve_left
cruise,True,False,True,True,True,True,False,452,keep
cruise,True,False,True,True,True,True,False,452,swerve_left
cruise,True,False,True,True,True,True,False,452,swerve_right
keep,True,False,True,True,True,True,False,453,cruise
change_to_left,True,False,True,True,True,True,True,454,cruise
change_to_left,True,False,True,True,True,True,True,454,keep
change_to_left,True,False,True,True,True,True,True,454,swerve_left
cruise,True,False,True,True,True,True,True,455,change_to_left
cruise,True,False,True,True,True,True,True,455,keep
cruise,True,False,True,True,True,True,True,455,swerve_left
keep,True,False,True,True,True,True,True,456,change_to_left
keep,True,False,True,True,True,True,True,456,cruise
keep,True,False,True,True,True,True,True,456,swerve_left
keep,True,True,False,False,False,False,False,457,swerve_left
keep,True,True,False,False,False,False,False,457,swerve_right
keep,True,True,False,False,False,False,True,458,swerve_left
keep,True,True,False,False,False,False,True,458,swerve_right
keep,True,True,False,False,False,True,False,459,swerve_left
keep,True,True,False,False,False,True,False,459,swerve_right
keep,True,True,False,False,False,True,True,460,swerve_left
keep,True,True,False,False,False,True,True,460,swerve_right
keep,True,True,False,False,True,False,False,461,swerve_left
keep,True,True,False,False,True,False,False,461,swerve_right
keep,True,True,False,False,True,False,True,462,swerve_left
keep,True,True,False,False,True,False,True,462,swerve_right
keep,True,True,False,False,True,True,False,463,swerve_left
keep,True,True,False,False,True,True,False,463,swerve_right
keep,True,True,False,False,True,True,True,464,swerve_left
keep,True,True,False,False,True,True,True,464,swerve_right
keep,True,True,False,True,False,False,False,465,swerve_left
keep,True,True,False,True,False,False,False,465,swerve_right
change_to_left,True,True,False,True,False,False,True,466,keep
change_to_left,True,True,False,True,False,False,True,466,swerve_left
change_to_left,True,True,False,True,False,False,True,466,swerve_right
keep,True,True,False,True,False,False,True,467,change_to_left
keep,True,True,False,True,False,False,True,467,swerve_left
keep,True,True,False,True,False,False,True,467,swerve_right
keep,True,True,False,True,False,True,False,468,swerve_left
keep,True,True,False,True,False,True,False,468,swerve_right
change_to_left,True,True,False,True,False,True,True,469,keep
change_to_left,True,True,False,True,False,True,True,469,swerve_left
change_to_left,True,True,False,True,False,True,True,469,swerve_right
keep,True,True,False,True,False,True,True,470,change_to_left
keep,True,True,False,True,False,True,True,470,swerve_left
keep,True,True,False,True,False,True,True,470,swerve_right
keep,True,True,False,True,True,False,False,471,swerve_left
keep,True,True,False,True,True,False,False,471,swerve_right
change_to_left,True,True,False,True,True,False,True,472,keep
change_to_left,True,True,False,True,True,False,True,472,swerve_left
change_to_left,True,True,False,True,True,False,True,472,swerve_right
keep,True,True,False,True,True,False,True,473,change_to_left
keep,True,True,False,True,True,False,True,473,swerve_left
keep,True,True,False,True,True,False,True,473,swerve_right
keep,True,True,False,True,True,True,False,474,swerve_left
keep,True,True,False,True,True,True,False,474,swerve_right
change_to_left,True,True,False,True,True,True,True,475,keep
change_to_left,True,True,False,True,True,True,True,475,swerve_left
change_to_left,True,True,False,True,True,True,True,475,swerve_right
keep,True,True,False,True,True,True,True,476,change_to_left
keep,True,True,False,True,True,True,True,476,swerve_left
keep,True,True,False,True,True,True,True,476,swerve_right
cruise,True,True,True,False,False,False,False,477,keep
cruise,True,True,True,False,False,False,False,477,swerve_left
cruise,True,True,True,False,False,False,False,477,swerve_right
keep,True,True,True,False,False,False,False,478,cruise
keep,True,True,True,False,False,False,False,478,swerve_left
keep,True,True,True,False,False,False,False,478,swerve_right
cruise,True,True,True,False,False,False,True,479,keep
cruise,True,True,True,False,False,False,True,479,swerve_left
cruise,True,True,True,False,False,False,True,479,swerve_right
keep,True,True,True,False,False,False,True,480,cruise
keep,True,True,True,False,False,False,True,480,swerve_left
keep,True,True,True,False,False,False,True,480,swerve_right
cruise,True,True,True,False,False,True,False,481,keep
cruise,True,True,True,False,False,True,False,481,swerve_left
cruise,True,True,True,False,False,True,False,481,swerve_right
keep,True,True,True,False,False,True,False,482,cruise
keep,True,True,True,False,False,True,False,482,swerve_left
keep,True,True,True,False,False,True,False,482,swerve_right
cruise,True,True,True,False,False,True,True,483,keep
cruise,True,True,True,False,False,True,True,483,swerve_left
cruise,True,True,True,False,False,True,True,483,swerve_right
keep,True,True,True,False,False,True,True,484,cruise
keep,True,True,True,False,False,True,True,484,swerve_left
keep,True,True,True,False,False,True,True,484,swerve_right
cruise,True,True,True,False,True,False,False,485,keep
cruise,True,True,True,False,True,False,False,485,swerve_left
cruise,True,True,True,False,True,False,False,485,swerve_right
keep,True,True,True,False,True,False,False,486,cruise
keep,True,True,True,False,True,False,False,486,swerve_left
keep,True,True,True,False,True,False,False,486,swerve_right
cruise,True,True,True,False,True,False,True,487,keep
cruise,True,True,True,False,True,False,True,487,swerve_left
cruise,True,True,True,False,True,False,True,487,swerve_right
keep,True,True,True,False,True,False,True,488,cruise
keep,True,True,True,False,True,False,True,488,swerve_left
keep,True,True,True,False,True,False,True,488,swerve_right
cruise,True,True,True,False,True,True,False,489,keep
cruise,True,True,True,False,True,True,False,489,swerve_left
cruise,True,True,True,False,True,True,False,489,swerve_right
keep,True,True,True,False,True,True,False,490,cruise
keep,True,True,True,False,True,True,False,490,swerve_left
keep,True,True,True,False,True,True,False,490,swerve_right
cruise,True,True,True,False,True,True,True,491,keep
cruise,True,True,True,False,True,True,True,491,swerve_left
cruise,True,True,True,False,True,True,True,491,swerve_right
keep,True,True,True,False,True,True,True,492,cruise
keep,True,True,True,False,True,True,True,492,swerve_left
keep,True,True,True,False,True,True,True,492,swerve_right
cruise,True,True,True,True,False,False,False,493,keep
cruise,True,True,True,True,False,False,False,493,swerve_left
cruise,True,True,True,True,False,False,False,493,swerve_right
keep,True,True,True,True,False,False,False,494,cruise
keep,True,True,True,True,False,False,False,494,swerve_left
keep,True,True,True,True,False,False,False,494,swerve_right
change_to_left,True,True,True,True,False,False,True,495,cruise
change_to_left,True,True,True,True,False,False,True,495,keep
change_to_left,True,True,True,True,False,False,True,495,swerve_left
change_to_left,True,True,True,True,False,False,True,495,swerve_right
cruise,True,True,True,True,False,False,True,496,change_to_left
cruise,True,True,True,True,False,False,True,496,keep
cruise,True,True,True,True,False,False,True,496,swerve_left
cruise,True,True,True,True,False,False,True,496,swerve_right
keep,True,True,True,True,False,False,True,497,change_to_left
keep,True,True,True,True,False,False,True,497,cruise
keep,True,True,True,True,False,False,True,497,swerve_left
keep,True,True,True,True,False,False,True,497,swerve_right
cruise,True,True,True,True,False,True,False,498,keep
cruise,True,True,True,True,False,True,False,498,swerve_left
cruise,True,True,True,True,False,True,False,498,swerve_right
keep,True,True,True,True,False,True,False,499,cruise
keep,True,True,True,True,False,True,False,499,swerve_left
keep,True,True,True,True,False,True,False,499,swerve_right
change_to_left,True,True,True,True,False,True,True,500,cruise
change_to_left,True,True,True,True,False,True,True,500,keep
change_to_left,True,True,True,True,False,True,True,500,swerve_left
change_to_left,True,True,True,True,False,True,True,500,swerve_right
cruise,True,True,True,True,False,True,True,501,change_to_left
cruise,True,True,True,True,False,True,True,501,keep
cruise,True,True,True,True,False,True,True,501,swerve_left
cruise,True,True,True,True,False,True,True,501,swerve_right
keep,True,True,True,True,False,True,True,502,change_to_left
keep,True,True,True,True,False,True,True,502,cruise
keep,True,True,True,True,False,True,True,502,swerve_left
keep,True,True,True,True,False,True,True,502,swerve_right
cruise,True,True,True,True,True,False,False,503,keep
cruise,True,True,True,True,True,False,False,503,swerve_left
cruise,True,True,True,True,True,False,False,503,swerve_right
keep,True,True,True,True,True,False,False,504,cruise
keep,True,True,True,True,True,False,False,504,swerve_left
keep,True,True,True,True,True,False,False,504,swerve_right
change_to_left,True,True,True,True,True,False,True,505,cruise
change_to_left,True,True,True,True,True,False,True,505,keep
change_to_left,True,True,True,True,True,False,True,505,swerve_left
change_to_left,True,True,True,True,True,False,True,505,swerve_right
cruise,True,True,True,True,True,False,True,506,change_to_left
cruise,True,True,True,True,True,False,True,506,keep
cruise,True,True,True,True,True,False,True,506,swerve_left
cruise,True,True,True,True,True,False,True,506,swerve_right
keep,True,True,True,True,True,False,True,507,change_to_left
keep,True,True,True,True,True,False,True,507,cruise
keep,True,True,True,True,True,False,True,507,swerve_left
keep,True,True,True,True,True,False,True,507,swerve_right
cruise,True,True,True,True,True,True,False,508,keep
cruise,True,True,True,True,True,True,False,508,swerve_left
cruise,True,True,True,True,True,True,False,508,swerve_right
keep,True,True,True,True,True,True,False,509,cruise
keep,True,True,True,True,True,True,False,509,swerve_left
keep,True,True,True,True,True,True,False,509,swerve_right
change_to_left,True,True,True,True,True,True,True,510,cruise
change_to_left,True,True,True,True,True,True,True,510,keep
change_to_left,True,True,True,True,True,True,True,510,swerve_left
change_to_left,True,True,True,True,True,True,True,510,swerve_right
cruise,True,True,True,True,True,True,True,511,change_to_left
cruise,True,True,True,True,True,True,True,511,keep
cruise,True,True,True,True,True,True,True,511,swerve_left
cruise,True,True,True,True,True,True,True,511,swerve_right
keep,True,True,True,True,True,True,True,512,change_to_left
keep,True,True,True,True,True,True,True,512,cruise
keep,True,True,True,True,True,True,True,512,swerve_left
keep,True,True,True,True,True,True,True,512,swerve_right
swerve_left,False,False,False,False,False,False,False,513,keep
swerve_left,False,False,False,False,False,False,False,513,swerve_right
swerve_left,False,True,False,False,False,False,False,514,keep
swerve_left,False,True,False,False,False,False,False,514,swerve_right
swerve_left,False,False,True,False,False,False,False,515,keep
swerve_left,False,True,True,False,False,False,False,516,change_to_right
swerve_left,False,True,True,False,False,False,False,516,keep
swerve_left,False,False,False,True,False,False,False,517,cruise
swerve_left,False,False,False,True,False,False,False,517,keep
swerve_left,False,False,False,True,False,False,False,517,swerve_right
swerve_left,False,True,False,True,False,False,False,518,cruise
swerve_left,False,False,True,True,False,False,False,519,cruise
swerve_left,False,True,True,True,False,False,False,520,change_to_right
swerve_left,False,True,True,True,False,False,False,520,cruise
swerve_left,False,False,False,False,True,False,False,521,keep
swerve_left,False,False,False,False,True,False,False,521,swerve_right
swerve_left,False,True,False,False,True,False,False,522,keep
swerve_left,False,True,False,False,True,False,False,522,swerve_right
swerve_left,False,False,True,False,True,False,False,523,keep
swerve_left,False,True,True,False,True,False,False,524,change_to_right
swerve_left,False,True,True,False,True,False,False,524,keep
swerve_left,False,False,False,True,True,False,False,525,cruise
swerve_left,False,False,False,True,True,False,False,525,keep
swerve_left,False,False,False,True,True,False,False,525,swerve_right
swerve_left,False,True,False,True,True,False,False,526,cruise
swerve_left,False,False,True,True,True,False,False,527,cruise
swerve_left,False,True,True,True,True,False,False,528,change_to_right
swerve_left,False,True,True,True,True,False,False,528,cruise
swerve_left,False,False,False,False,False,True,False,529,keep
swerve_left,False,False,False,False,False,True,False,529,swerve_right
swerve_left,False,True,False,False,False,True,False,530,keep
swerve_left,False,True,False,False,False,True,False,530,swerve_right
swerve_left,False,False,True,False,False,True,False,531,keep
swerve_left,False,True,True,False,False,True,False,532,change_to_right
swerve_left,False,True,True,False,False,True,False,532,keep
swerve_left,False,False,False,True,False,True,False,533,cruise
swerve_left,False,False,False,True,False,True,False,533,keep
swerve_left,False,False,False,True,False,True,False,533,swerve_right
swerve_left,False,True,False,True,False,True,False,534,cruise
swerve_left,False,False,True,True,False,True,False,535,cruise
swerve_left,False,True,True,True,False,True,False,536,change_to_right
swerve_left,False,True,True,True,False,True,False,536,cruise
swerve_left,False,False,False,False,True,True,False,537,keep
swerve_left,False,False,False,False,True,True,False,537,swerve_right
swerve_left,False,True,False,False,True,True,False,538,keep
swerve_left,False,True,False,False,True,True,False,538,swerve_right
swerve_left,False,False,True,False,True,True,False,539,keep
swerve_left,False,True,True,False,True,True,False,540,change_to_right
swerve_left,False,True,True,False,True,True,False,540,keep
swerve_left,False,False,False,True,True,True,False,541,cruise
swerve_left,False,False,False,True,True,True,False,541,keep
swerve_left,False,False,False,True,True,True,False,541,swerve_right
swerve_left,False,True,False,True,True,True,False,542,cruise
swerve_left,False,False,True,True,True,True,False,543,cruise
swerve_left,False,True,True,True,True,True,False,544,change_to_right
swerve_left,False,True,True,True,True,True,False,544,cruise
swerve_left,False,False,False,False,False,False,True,545,keep
swerve_left,False,True,False,False,False,False,True,546,keep
swerve_left,False,False,True,False,False,False,True,547,keep
swerve_left,False,True,True,False,False,False,True,548,change_to_right
swerve_left,False,True,True,False,False,False,True,548,keep
swerve_left,False,False,False,True,False,False,True,549,cruise
swerve_left,False,False,False,True,False,False,True,549,keep
swerve_left,False,True,False,True,False,False,True,550,cruise
swerve_left,False,True,False,True,False,False,True,550,keep
swerve_left,False,False,True,True,False,False,True,551,cruise
swerve_left,False,False,True,True,False,False,True,551,keep
swerve_left,False,True,True,True,False,False,True,552,change_to_right
swerve_left,False,True,True,True,False,False,True,552,cruise
swerve_left,False,True,True,True,False,False,True,552,keep
swerve_left,False,True,True,True,False,False,True,552,swerve_right
swerve_left,False,False,False,False,True,False,True,553,keep
swerve_left,False,True,False,False,True,False,True,554,keep
swerve_left,False,False,True,False,True,False,True,555,keep
swerve_left,False,True,True,False,True,False,True,556,change_to_right
swerve_left,False,True,True,False,True,False,True,556,keep
swerve_left,False,False,False,True,True,False,True,557,cruise
swerve_left,False,False,False,True,True,False,True,557,keep
swerve_left,False,True,False,True,True,False,True,558,cruise
swerve_left,False,True,False,True,True,False,True,558,keep
swerve_left,False,False,True,True,True,False,True,559,cruise
swerve_left,False,False,True,True,True,False,True,559,keep
swerve_left,False,True,True,True,True,False,True,560,change_to_right
swerve_left,False,True,True,True,True,False,True,560,cruise
swerve_left,False,True,True,True,True,False,True,560,keep
swerve_left,False,True,True,True,True,False,True,560,swerve_right
swerve_left,False,False,False,False,False,True,True,561,keep
swerve_left,False,True,False,False,False,True,True,562,keep
swerve_left,False,False,True,False,False,True,True,563,keep
swerve_left,False,True,True,False,False,True,True,564,change_to_right
swerve_left,False,True,True,False,False,True,True,564,keep
swerve_left,False,False,False,True,False,True,True,565,cruise
swerve_left,False,False,False,True,False,True,True,565,keep
swerve_left,False,True,False,True,False,True,True,566,cruise
swerve_left,False,True,False,True,False,True,True,566,keep
swerve_left,False,False,True,True,False,True,True,567,cruise
swerve_left,False,False,True,True,False,True,True,567,keep
swerve_left,False,True,True,True,False,True,True,568,change_to_right
swerve_left,False,True,True,True,False,True,True,568,cruise
swerve_left,False,True,True,True,False,True,True,568,keep
swerve_left,False,True,True,True,False,True,True,568,swerve_right
swerve_left,False,False,False,False,True,True,True,569,keep
swerve_left,False,True,False,False,True,True,True,570,keep
swerve_left,False,False,True,False,True,True,True,571,keep
swerve_left,False,True,True,False,True,True,True,572,change_to_right
swerve_left,False,True,True,False,True,True,True,572,keep
swerve_left,False,False,False,True,True,True,True,573,cruise
swerve_left,False,False,False,True,True,True,True,573,keep
swerve_left,False,True,False,True,True,True,True,574,cruise
swerve_left,False,True,False,True,True,True,True,574,keep
swerve_left,False,False,True,True,True,True,True,575,cruise
swerve_left,False,False,True,True,True,True,True,575,keep
swerve_left,False,True,True,True,True,True,True,576,change_to_right
swerve_left,False,True,True,True,True,True,True,576,cruise
swerve_left,False,True,True,True,True,True,True,576,keep
swerve_left,False,True,True,True,True,True,True,576,swerve_right
swerve_right,True,False,False,False,False,False,False,577,keep
swerve_right,True,True,False,False,False,False,False,578,keep
swerve_right,True,True,False,False,False,False,False,578,swerve_left
swerve_right,True,False,True,False,False,False,False,579,cruise
swerve_right,True,True,True,False,False,False,False,580,cruise
swerve_right,True,True,True,False,False,False,False,580,keep
swerve_right,True,True,True,False,False,False,False,580,swerve_left
swerve_right,True,False,False,True,False,False,False,581,keep
swerve_right,True,True,False,True,False,False,False,582,keep
swerve_right,True,True,False,True,False,False,False,582,swerve_left
swerve_right,True,False,True,True,False,False,False,583,cruise
swerve_right,True,True,True,True,False,False,False,584,cruise
swerve_right,True,True,True,True,False,False,False,584,keep
swerve_right,True,True,True,True,False,False,False,584,swerve_left
swerve_right,True,False,False,False,True,False,False,585,keep
swerve_right,True,True,False,False,True,False,False,586,keep
swerve_right,True,True,False,False,True,False,False,586,swerve_left
swerve_right,True,False,True,False,True,False,False,587,cruise
swerve_right,True,True,True,False,True,False,False,588,cruise
swerve_right,True,True,True,False,True,False,False,588,keep
swerve_right,True,True,True,False,True,False,False,588,swerve_left
swerve_right,True,False,False,True,True,False,False,589,keep
swerve_right,True,True,False,True,True,False,False,590,keep
swerve_right,True,True,False,True,True,False,False,590,swerve_left
swerve_right,True,False,True,True,True,False,False,591,cruise
swerve_right,True,True,True,True,True,False,False,592,cruise
swerve_right,True,True,True,True,True,False,False,592,keep
swerve_right,True,True,True,True,True,False,False,592,swerve_left
swerve_right,True,False,False,False,False,True,False,593,keep
swerve_right,True,True,False,False,False,True,False,594,keep
swerve_right,True,True,False,False,False,True,False,594,swerve_left
swerve_right,True,False,True,False,False,True,False,595,cruise
swerve_right,True,True,True,False,False,True,False,596,cruise
swerve_right,True,True,True,False,False,True,False,596,keep
swerve_right,True,True,True,False,False,True,False,596,swerve_left
swerve_right,True,False,False,True,False,True,False,597,keep
swerve_right,True,True,False,True,False,True,False,598,keep
swerve_right,True,True,False,True,False,True,False,598,swerve_left
swerve_right,True,False,True,True,False,True,False,599,cruise
swerve_right,True,True,True,True,False,True,False,600,cruise
swerve_right,True,True,True,True,False,True,False,600,keep
swerve_right,True,True,True,True,False,True,False,600,swerve_left
swerve_right,True,False,False,False,True,True,False,601,keep
swerve_right,True,True,False,False,True,True,False,602,keep
swerve_right,True,True,False,False,True,True,False,602,swerve_left
swerve_right,True,False,True,False,True,True,False,603,cruise
swerve_right,True,True,True,False,True,True,False,604,cruise
swerve_right,True,True,True,False,True,True,False,604,keep
swerve_right,True,True,True,False,True,True,False,604,swerve_left
swerve_right,True,False,False,True,True,True,False,605,keep
swerve_right,True,True,False,True,True,True,False,606,keep
swerve_right,True,True,False,True,True,True,False,606,swerve_left
swerve_right,True,False,True,True,True,True,False,607,cruise
swerve_right,True,True,True,True,True,True,False,608,cruise
swerve_right,True,True,True,True,True,True,False,608,keep
swerve_right,True,True,True,True,True,True,False,608,swerve_left
swerve_right,True,False,False,False,False,False,True,609,keep
swerve_right,True,False,False,False,False,False,True,609,swerve_left
swerve_right,True,True,False,False,False,False,True,610,keep
swerve_right,True,True,False,False,False,False,True,610,swerve_left
swerve_right,True,False,True,False,False,False,True,611,cruise
swerve_right,True,False,True,False,False,False,True,611,keep
swerve_right,True,False,True,False,False,False,True,611,swerve_left
swerve_right,True,True,True,False,False,False,True,612,cruise
swerve_right,True,True,True,False,False,False,True,612,keep
swerve_right,True,True,True,False,False,False,True,612,swerve_left
swerve_right,True,False,False,True,False,False,True,613,change_to_left
swerve_right,True,False,False,True,False,False,True,613,keep
swerve_right,True,False,False,True,False,False,True,613,swerve_left
swerve_right,True,True,False,True,False,False,True,614,change_to_left
swerve_right,True,True,False,True,False,False,True,614,keep
swerve_right,True,True,False,True,False,False,True,614,swerve_left
swerve_right,True,False,True,True,False,False,True,615,change_to_left
swerve_right,True,False,True,True,False,False,True,615,cruise
swerve_right,True,False,True,True,False,False,True,615,keep
swerve_right,True,False,True,True,False,False,True,615,swerve_left
swerve_right,True,True,True,True,False,False,True,616,change_to_left
swerve_right,True,True,True,True,False,False,True,616,cruise
swerve_right,True,True,True,True,False,False,True,616,keep
swerve_right,True,True,True,True,False,False,True,616,swerve_left
swerve_right,True,False,False,False,True,False,True,617,keep
swerve_right,True,False,False,False,True,False,True,617,swerve_left
swerve_right,True,True,False,False,True,False,True,618,keep
swerve_right,True,True,False,False,True,False,True,618,swerve_left
swerve_right,True,False,True,False,True,False,True,619,cruise
swerve_right,True,False,True,False,True,False,True,619,keep
swerve_right,True,False,True,False,True,False,True,619,swerve_left
swerve_right,True,True,True,False,True,False,True,620,cruise
swerve_right,True,True,True,False,True,False,True,620,keep
swerve_right,True,True,True,False,True,False,True,620,swerve_left
swerve_right,True,False,False,True,True,False,True,621,change_to_left
swerve_right,True,False,False,True,True,False,True,621,keep
swerve_right,True,False,False,True,True,False,True,621,swerve_left
swerve_right,True,True,False,True,True,False,True,622,change_to_left
swerve_right,True,True,False,True,True,False,True,622,keep
swerve_right,True,True,False,True,True,False,True,622,swerve_left
swerve_right,True,False,True,True,True,False,True,623,change_to_left
swerve_right,True,False,True,True,True,False,True,623,cruise
swerve_right,True,False,True,True,True,False,True,623,keep
swerve_right,True,False,True,True,True,False,True,623,swerve_left
swerve_right,True,True,True,True,True,False,True,624,change_to_left
swerve_right,True,True,True,True,True,False,True,624,cruise
swerve_right,True,True,True,True,True,False,True,624,keep
swerve_right,True,True,True,True,True,False,True,624,swerve_left
swerve_right,True,False,False,False,False,True,True,625,keep
swerve_right,True,False,False,False,False,True,True,625,swerve_left
swerve_right,True,True,False,False,False,True,True,626,keep
swerve_right,True,True,False,False,False,True,True,626,swerve_left
swerve_right,True,False,True,False,False,True,True,627,cruise
swerve_right,True,False,True,False,False,True,True,627,keep
swerve_right,True,False,True,False,False,True,True,627,swerve_left
swerve_right,True,True,True,False,False,True,True,628,cruise
swerve_right,True,True,True,False,False,True,True,628,keep
swerve_right,True,True,True,False,False,True,True,628,swerve_left
swerve_right,True,False,False,True,False,True,True,629,change_to_left
swerve_right,True,False,False,True,False,True,True,629,keep
swerve_right,True,False,False,True,False,True,True,629,swerve_left
swerve_right,True,True,False,True,False,True,True,630,change_to_left
swerve_right,True,True,False,True,False,True,True,630,keep
swerve_right,True,True,False,True,False,True,True,630,swerve_left
swerve_right,True,False,True,True,False,True,True,631,change_to_left
swerve_right,True,False,True,True,False,True,True,631,cruise
swerve_right,True,False,True,True,False,True,True,631,keep
swerve_right,True,False,True,True,False,True,True,631,swerve_left
swerve_right,True,True,True,True,False,True,True,632,change_to_left
swerve_right,True,True,True,True,False,True,True,632,cruise
swerve_right,True,True,True,True,False,True,True,632,keep
swerve_right,True,True,True,True,False,True,True,632,swerve_left
swerve_right,True,False,False,False,True,True,True,633,keep
swerve_right,True,False,False,False,True,True,True,633,swerve_left
swerve_right,True,True,False,False,True,True,True,634,keep
swerve_right,True,True,False,False,True,True,True,634,swerve_left
swerve_right,True,False,True,False,True,True,True,635,cruise
swerve_right,True,False,True,False,True,True,True,635,keep
swerve_right,True,False,True,False,True,True,True,635,swerve_left
swerve_right,True,True,True,False,True,True,True,636,cruise
swerve_right,True,True,True,False,True,True,True,636,keep
swerve_right,True,True,True,False,True,True,True,636,swerve_left
swerve_right,True,False,False,True,True,True,True,637,change_to_left
swerve_right,True,False,False,True,True,True,True,637,keep
swerve_right,True,False,False,True,True,True,True,637,swerve_left
swerve_right,True,True,False,True,True,True,True,638,change_to_left
swerve_right,True,True,False,True,True,True,True,638,keep
swerve_right,True,True,False,True,True,True,True,638,swerve_left
swerve_right,True,False,True,True,True,True,True,639,change_to_left
swerve_right,True,False,True,True,True,True,True,639,cruise
swerve_right,True,False,True,True,True,True,True,639,keep
swerve_right,True,False,True,True,True,True,True,639,swerve_left
swerve_right,True,True,True,True,True,True,True,640,change_to_left
swerve_right,True,True,True,True,True,True,True,640,cruise
swerve_right,True,True,True,True,True,True,True,640,keep
swerve_right,True,True,True,True,True,True,True,640,swerve_left
swerve_left,True,False,False,False,False,False,False,641,keep
swerve_left,True,False,False,False,False,False,False,641,swerve_right
swerve_left,True,True,False,False,False,False,False,642,keep
swerve_left,True,True,False,False,False,False,False,642,swerve_right
swerve_left,True,False,True,False,False,False,False,643,cruise
swerve_left,True,False,True,False,False,False,False,643,swerve_right
swerve_left,True,True,True,False,False,False,False,644,cruise
swerve_left,True,True,True,False,False,False,False,644,keep
swerve_left,True,True,True,False,False,False,False,644,swerve_right
swerve_left,True,False,False,True,False,False,False,645,keep
swerve_left,True,True,False,True,False,False,False,646,keep
swerve_left,True,True,False,True,False,False,False,646,swerve_right
swerve_left,True,False,True,True,False,False,False,647,cruise
swerve_left,True,True,True,True,False,False,False,648,cruise
swerve_left,True,True,True,True,False,False,False,648,keep
swerve_left,True,True,True,True,False,False,False,648,swerve_right
swerve_left,True,False,False,False,True,False,False,649,keep
swerve_left,True,False,False,False,True,False,False,649,swerve_right
swerve_left,True,True,False,False,True,False,False,650,keep
swerve_left,True,True,False,False,True,False,False,650,swerve_right
swerve_left,True,False,True,False,True,False,False,651,cruise
swerve_left,True,False,True,False,True,False,False,651,swerve_right
swerve_left,True,True,True,False,True,False,False,652,cruise
swerve_left,True,True,True,False,True,False,False,652,keep
swerve_left,True,True,True,False,True,False,False,652,swerve_right
swerve_left,True,False,False,True,True,False,False,653,keep
swerve_left,True,True,False,True,True,False,False,654,keep
swerve_left,True,True,False,True,True,False,False,654,swerve_right
swerve_left,True,False,True,True,True,False,False,655,cruise
swerve_left,True,True,True,True,True,False,False,656,cruise
swerve_left,True,True,True,True,True,False,False,656,keep
swerve_left,True,True,True,True,True,False,False,656,swerve_right
swerve_left,True,False,False,False,False,True,False,657,keep
swerve_left,True,False,False,False,False,True,False,657,swerve_right
swerve_left,True,True,False,False,False,True,False,658,keep
swerve_left,True,True,False,False,False,True,False,658,swerve_right
swerve_left,True,False,True,False,False,True,False,659,cruise
swerve_left,True,False,True,False,False,True,False,659,swerve_right
swerve_left,True,True,True,False,False,True,False,660,cruise
swerve_left,True,True,True,False,False,True,False,660,keep
swerve_left,True,True,True,False,False,True,False,660,swerve_right
swerve_left,True,False,False,True,False,True,False,661,keep
swerve_left,True,True,False,True,False,True,False,662,keep
swerve_left,True,True,False,True,False,True,False,662,swerve_right
swerve_left,True,False,True,True,False,True,False,663,cruise
swerve_left,True,True,True,True,False,True,False,664,cruise
swerve_left,True,True,True,True,False,True,False,664,keep
swerve_left,True,True,True,True,False,True,False,664,swerve_right
swerve_left,True,False,False,False,True,True,False,665,keep
swerve_left,True,False,False,False,True,True,False,665,swerve_right
swerve_left,True,True,False,False,True,True,False,666,keep
swerve_left,True,True,False,False,True,True,False,666,swerve_right
swerve_left,True,False,True,False,True,True,False,667,cruise
swerve_left,True,False,True,False,True,True,False,667,swerve_right
swerve_left,True,True,True,False,True,True,False,668,cruise
swerve_left,True,True,True,False,True,True,False,668,keep
swerve_left,True,True,True,False,True,True,False,668,swerve_right
swerve_left,True,False,False,True,True,True,False,669,keep
swerve_left,True,True,False,True,True,True,False,670,keep
swerve_left,True,True,False,True,True,True,False,670,swerve_right
swerve_left,True,False,True,True,True,True,False,671,cruise
swerve_left,True,True,True,True,True,True,False,672,cruise
swerve_left,True,True,True,True,True,True,False,672,keep
swerve_left,True,True,True,True,True,True,False,672,swerve_right
swerve_left,True,False,False,False,False,False,True,673,keep
swerve_left,True,False,False,False,False,False,True,673,swerve_right
swerve_left,True,True,False,False,False,False,True,674,keep
swerve_left,True,True,False,False,False,False,True,674,swerve_right
swerve_left,True,False,True,False,False,False,True,675,cruise
swerve_left,True,False,True,False,False,False,True,675,keep
swerve_left,True,True,True,False,False,False,True,676,cruise
swerve_left,True,True,True,False,False,False,True,676,keep
swerve_left,True,True,True,False,False,False,True,676,swerve_right
swerve_left,True,False,False,True,False,False,True,677,change_to_left
swerve_left,True,False,False,True,False,False,True,677,keep
swerve_left,True,False,False,True,False,False,True,677,swerve_right
swerve_left,True,True,False,True,False,False,True,678,change_to_left
swerve_left,True,True,False,True,False,False,True,678,keep
swerve_left,True,True,False,True,False,False,True,678,swerve_right
swerve_left,True,False,True,True,False,False,True,679,change_to_left
swerve_left,True,False,True,True,False,False,True,679,cruise
swerve_left,True,False,True,True,False,False,True,679,keep
swerve_left,True,True,True,True,False,False,True,680,change_to_left
swerve_left,True,True,True,True,False,False,True,680,cruise
swerve_left,True,True,True,True,False,False,True,680,keep
swerve_left,True,True,True,True,False,False,True,680,swerve_right
swerve_left,True,False,False,False,True,False,True,681,keep
swerve_left,True,False,False,False,True,False,True,681,swerve_right
swerve_left,True,True,False,False,True,False,True,682,keep
swerve_left,True,True,False,False,True,False,True,682,swerve_right
swerve_left,True,False,True,False,True,False,True,683,cruise
swerve_left,True,False,True,False,True,False,True,683,keep
swerve_left,True,True,True,False,True,False,True,684,cruise
swerve_left,True,True,True,False,True,False,True,684,keep
swerve_left,True,True,True,False,True,False,True,684,swerve_right
swerve_left,True,False,False,True,True,False,True,685,change_to_left
swerve_left,True,False,False,True,True,False,True,685,keep
swerve_left,True,False,False,True,True,False,True,685,swerve_right
swerve_left,True,True,False,True,True,False,True,686,change_to_left
swerve_left,True,True,False,True,True,False,True,686,keep
swerve_left,True,True,False,True,True,False,True,686,swerve_right
swerve_left,True,False,True,True,True,False,True,687,change_to_left
swerve_left,True,False,True,True,True,False,True,687,cruise
swerve_left,True,False,True,True,True,False,True,687,keep
swerve_left,True,True,True,True,True,False,True,688,change_to_left
swerve_left,True,True,True,True,True,False,True,688,cruise
swerve_left,True,True,True,True,True,False,True,688,keep
swerve_left,True,True,True,True,True,False,True,688,swerve_right
swerve_left,True,False,False,False,False,True,True,689,keep
swerve_left,True,False,False,False,False,True,True,689,swerve_right
swerve_left,True,True,False,False,False,True,True,690,keep
swerve_left,True,True,False,False,False,True,True,690,swerve_right
swerve_left,True,False,True,False,False,True,True,691,cruise
swerve_left,True,False,True,False,False,True,True,691,keep
swerve_left,True,True,True,False,False,True,True,692,cruise
swerve_left,True,True,True,False,False,True,True,692,keep
swerve_left,True,True,True,False,False,True,True,692,swerve_right
swerve_left,True,False,False,True,False,True,True,693,change_to_left
swerve_left,True,False,False,True,False,True,True,693,keep
swerve_left,True,False,False,True,False,True,True,693,swerve_right
swerve_left,True,True,False,True,False,True,True,694,change_to_left
swerve_left,True,True,False,True,False,True,True,694,keep
swerve_left,True,True,False,True,False,True,True,694,swerve_right
swerve_left,True,False,True,True,False,True,True,695,change_to_left
swerve_left,True,False,True,True,False,True,True,695,cruise
swerve_left,True,False,True,True,False,True,True,695,keep
swerve_left,True,True,True,True,False,True,True,696,change_to_left
swerve_left,True,True,True,True,False,True,True,696,cruise
swerve_left,True,True,True,True,False,True,True,696,keep
swerve_left,True,True,True,True,False,True,True,696,swerve_right
swerve_left,True,False,False,False,True,True,True,697,keep
swerve_left,True,False,False,False,True,True,True,697,swerve_right
swerve_left,True,True,False,False,True,True,True,698,keep
swerve_left,True,True,False,False,True,True,True,698,swerve_right
swerve_left,True,False,True,False,True,True,True,699,cruise
swerve_left,True,False,True,False,True,True,True,699,keep
swerve_left,True,True,True,False,True,True,True,700,cruise
swerve_left,True,True,True,False,True,True,True,700,keep
swerve_left,True,True,True,False,True,True,True,700,swerve_right
swerve_left,True,False,False,True,True,True,True,701,change_to_left
swerve_left,True,False,False,True,True,True,True,701,keep
swerve_left,True,False,False,True,True,True,True,701,swerve_right
swerve_left,True,True,False,True,True,True,True,702,change_to_left
swerve_left,True,True,False,True,True,True,True,702,keep
swerve_left,True,True,False,True,True,True,True,702,swerve_right
swerve_left,True,False,True,True,True,True,True,703,change_to_left
swerve_left,True,False,True,True,True,True,True,703,cruise
swerve_left,True,False,True,True,True,True,True,703,keep
swerve_left,True,True,True,True,True,True,True,704,change_to_left
swerve_left,True,True,True,True,True,True,True,704,cruise
swerve_left,True,True,True,True,True,True,True,704,keep
swerve_left,True,True,True,True,True,True,True,704,swerve_right
swerve_right,False,False,False,False,False,False,False,705,keep
swerve_right,False,False,False,False,False,False,False,705,swerve_left
swerve_right,False,True,False,False,False,False,False,706,keep
swerve_right,False,True,False,False,False,False,False,706,swerve_left
swerve_right,False,False,True,False,False,False,False,707,keep
swerve_right,False,True,True,False,False,False,False,708,change_to_right
swerve_right,False,True,True,False,False,False,False,708,keep
swerve_right,False,False,False,True,False,False,False,709,cruise
swerve_right,False,False,False,True,False,False,False,709,keep
swerve_right,False,False,False,True,False,False,False,709,swerve_left
swerve_right,False,True,False,True,False,False,False,710,cruise
swerve_right,False,False,True,True,False,False,False,711,cruise
swerve_right,False,True,True,True,False,False,False,712,change_to_right
swerve_right,False,True,True,True,False,False,False,712,cruise
swerve_right,False,False,False,False,True,False,False,713,keep
swerve_right,False,False,False,False,True,False,False,713,swerve_left
swerve_right,False,True,False,False,True,False,False,714,keep
swerve_right,False,True,False,False,True,False,False,714,swerve_left
swerve_right,False,False,True,False,True,False,False,715,keep
swerve_right,False,True,True,False,True,False,False,716,change_to_right
swerve_right,False,True,True,False,True,False,False,716,keep
swerve_right,False,False,False,True,True,False,False,717,cruise
swerve_right,False,False,False,True,True,False,False,717,keep
swerve_right,False,False,False,True,True,False,False,717,swerve_left
swerve_right,False,True,False,True,True,False,False,718,cruise
swerve_right,False,False,True,True,True,False,False,719,cruise
swerve_right,False,True,True,True,True,False,False,720,change_to_right
swerve_right,False,True,True,True,True,False,False,720,cruise
swerve_right,False,False,False,False,False,True,False,721,keep
swerve_right,False,False,False,False,False,True,False,721,swerve_left
swerve_right,False,True,False,False,False,True,False,722,keep
swerve_right,False,True,False,False,False,True,False,722,swerve_left
swerve_right,False,False,True,False,False,True,False,723,keep
swerve_right,False,True,True,False,False,True,False,724,change_to_right
swerve_right,False,True,True,False,False,True,False,724,keep
swerve_right,False,False,False,True,False,True,False,725,cruise
swerve_right,False,False,False,True,False,True,False,725,keep
swerve_right,False,False,False,True,False,True,False,725,swerve_left
swerve_right,False,True,False,True,False,True,False,726,cruise
swerve_right,False,False,True,True,False,True,False,727,cruise
swerve_right,False,True,True,True,False,True,False,728,change_to_right
swerve_right,False,True,True,True,False,True,False,728,cruise
swerve_right,False,False,False,False,True,True,False,729,keep
swerve_right,False,False,False,False,True,True,False,729,swerve_left
swerve_right,False,True,False,False,True,True,False,730,keep
swerve_right,False,True,False,False,True,True,False,730,swerve_left
swerve_right,False,False,True,False,True,True,False,731,keep
swerve_right,False,True,True,False,True,True,False,732,change_to_right
swerve_right,False,True,True,False,True,True,False,732,keep
swerve_right,False,False,False,True,True,True,False,733,cruise
swerve_right,False,False,False,True,True,True,False,733,keep
swerve_right,False,False,False,True,True,True,False,733,swerve_left
swerve_right,False,True,False,True,True,True,False,734,cruise
swerve_right,False,False,True,True,True,True,False,735,cruise
swerve_right,False,True,True,True,True,True,False,736,change_to_right
swerve_right,False,True,True,True,True,True,False,736,cruise
swerve_right,False,False,False,False,False,False,True,737,keep
swerve_right,False,False,False,False,False,False,True,737,swerve_left
swerve_right,False,True,False,False,False,False,True,738,keep
swerve_right,False,True,False,False,False,False,True,738,swerve_left
swerve_right,False,False,True,False,False,False,True,739,keep
swerve_right,False,False,True,False,False,False,True,739,swerve_left
swerve_right,False,True,True,False,False,False,True,740,change_to_right
swerve_right,False,True,True,False,False,False,True,740,keep
swerve_right,False,False,False,True,False,False,True,741,cruise
swerve_right,False,False,False,True,False,False,True,741,keep
swerve_right,False,False,False,True,False,False,True,741,swerve_left
swerve_right,False,True,False,True,False,False,True,742,cruise
swerve_right,False,True,False,True,False,False,True,742,keep
swerve_right,False,True,False,True,False,False,True,742,swerve_left
swerve_right,False,False,True,True,False,False,True,743,cruise
swerve_right,False,False,True,True,False,False,True,743,keep
swerve_right,False,False,True,True,False,False,True,743,swerve_left
swerve_right,False,True,True,True,False,False,True,744,change_to_right
swerve_right,False,True,True,True,False,False,True,744,cruise
swerve_right,False,True,True,True,False,False,True,744,keep
swerve_right,False,True,True,True,False,False,True,744,swerve_left
swerve_right,False,False,False,False,True,False,True,745,keep
swerve_right,False,False,False,False,True,False,True,745,swerve_left
swerve_right,False,True,False,False,True,False,True,746,keep
swerve_right,False,True,False,False,True,False,True,746,swerve_left
swerve_right,False,False,True,False,True,False,True,747,keep
swerve_right,False,False,True,False,True,False,True,747,swerve_left
swerve_right,False,True,True,False,True,False,True,748,change_to_right
swerve_right,False,True,True,False,True,False,True,748,keep
swerve_right,False,False,False,True,True,False,True,749,cruise
swerve_right,False,False,False,True,True,False,True,749,keep
swerve_right,False,False,False,True,True,False,True,749,swerve_left
swerve_right,False,True,False,True,True,False,True,750,cruise
swerve_right,False,True,False,True,True,False,True,750,keep
swerve_right,False,True,False,True,True,False,True,750,swerve_left
swerve_right,False,False,True,True,True,False,True,751,cruise
swerve_right,False,False,True,True,True,False,True,751,keep
swerve_right,False,False,True,True,True,False,True,751,swerve_left
swerve_right,False,True,True,True,True,False,True,752,change_to_right
swerve_right,False,True,True,True,True,False,True,752,cruise
swerve_right,False,True,True,True,True,False,True,752,keep
swerve_right,False,True,True,True,True,False,True,752,swerve_left
swerve_right,False,False,False,False,False,True,True,753,keep
swerve_right,False,False,False,False,False,True,True,753,swerve_left
swerve_right,False,True,False,False,False,True,True,754,keep
swerve_right,False,True,False,False,False,True,True,754,swerve_left
swerve_right,False,False,True,False,False,True,True,755,keep
swerve_right,False,False,True,False,False,True,True,755,swerve_left
swerve_right,False,True,True,False,False,True,True,756,change_to_right
swerve_right,False,True,True,False,False,True,True,756,keep
swerve_right,False,False,False,True,False,True,True,757,cruise
swerve_right,False,False,False,True,False,True,True,757,keep
swerve_right,False,False,False,True,False,True,True,757,swerve_left
swerve_right,False,True,False,True,False,True,True,758,cruise
swerve_right,False,True,False,True,False,True,True,758,keep
swerve_right,False,True,False,True,False,True,True,758,swerve_left
swerve_right,False,False,True,True,False,True,True,759,cruise
swerve_right,False,False,True,True,False,True,True,759,keep
swerve_right,False,False,True,True,False,True,True,759,swerve_left
swerve_right,False,True,True,True,False,True,True,760,change_to_right
swerve_right,False,True,True,True,False,True,True,760,cruise
swerve_right,False,True,True,True,False,True,True,760,keep
swerve_right,False,True,True,True,False,True,True,760,swerve_left
swerve_right,False,False,False,False,True,True,True,761,keep
swerve_right,False,False,False,False,True,True,True,761,swerve_left
swerve_right,False,True,False,False,True,True,True,762,keep
swerve_right,False,True,False,False,True,True,True,762,swerve_left
swerve_right,False,False,True,False,True,True,True,763,keep
swerve_right,False,False,True,False,True,True,True,763,swerve_left
swerve_right,False,True,True,False,True,True,True,764,change_to_right
swerve_right,False,True,True,False,True,True,True,764,keep
swerve_right,False,False,False,True,True,True,True,765,cruise
swerve_right,False,False,False,True,True,True,True,765,keep
swerve_right,False,False,False,True,True,True,True,765,swerve_left
swerve_right,False,True,False,True,True,True,True,766,cruise
swerve_right,False,True,False,True,True,True,True,766,keep
swerve_right,False,True,False,True,True,True,True,766,swerve_left
swerve_right,False,False,True,True,True,True,True,767,cruise
swerve_right,False,False,True,True,True,True,True,767,keep
swerve_right,False,False,True,True,True,True,True,767,swerve_left
swerve_right,False,True,True,True,True,True,True,768,change_to_right
swerve_right,False,True,True,True,True,True,True,768,cruise
swerve_right,False,True,True,True,True,True,True,768,keep
swerve_right,False,True,True,True,True,True,True,768,swerve_left
