trial_num,iteration,accel_x,accel_y,accel_z,accel_diff,action,change_lane_finished,curr_time,curr_lane,lane_rho_l,lane_theta_l,lane_rho_r,lane_theta_r,follow_enable,free_east,free_north,free_north_east,free_north_west,free_south_east,free_south_west,free_west,distance_to_north,pass_finished,sdc_curr_pos.x,sdc_curr_pos.y,sdc_curr_pos.theta,speed,start_change_lane_on_left,start_change_lane_on_right,steering,success,goal_reached,latent_collision,type_latent_collision,car_1_pose.x,car_1_pose.y,car_2_pose.x,car_2_pose.y,car_3_pose.x,car_3_pose.y,car_4_pose.x,car_4_pose.y,car_5_pose.x,car_5_pose.y,car_6_pose.x,car_6_pose.y,car_7_pose.x,car_7_pose.y,car_8_pose.x,car_8_pose.y,car_9_pose.x,car_9_pose.y,car_10_pose.x,car_10_pose.y
1,1,0.026730327294100624,5.371577793790214e-13,9.801568382805854,0.012072363551882688,,False,0.78,True,459.42661266185826,2.1528209626371253,509.9068621688877,1.1755574545980234,False,False,True,True,True,True,True,False,0.0,False,18.861616053948588,-2.49999999999998,3.844951143664385e-14,0.0,False,False,0.0,True,False,False,0.0,21.46714756858446,3.68,79.29439186358788,-2.0,0.0,0.0,0.0,0.0,0.0,0.0,0.0,0.0,0.0,0.0,0.0,0.0,0.0,0.0,0.0,0.0
1,2,0.052065071572467224,-3.7235630862732685e-13,9.816620347789012,0.0020269659290747402,,False,1.24,True,458.80612336092736,2.1600711772698458,498.2836425280407,1.1212391501532497,False,False,True,True,True,True,True,False,0.0,False,18.86162554636222,-2.4999999999999796,3.808206191893076e-14,0.0,False,False,0.0,True,False,False,0.0,21.46714756858446,3.68,79.29439186358788,-2.0,0.0,0.0,0.0,0.0,0.0,0.0,0.0,0.0,0.0,0.0,0.0,0.0,0.0,0.0,0.0,0.0
1,3,0.04396217939584596,-1.3445485233456647e-13,9.809930616377578,1.5232333617943313e-06,,False,1.65,True,459.00925097085013,2.156617351581155,499.0642894955079,1.1190264073139558,False,False,True,True,True,True,True,False,0.0,False,18.86164180675836,-2.49999999999998,3.7828081163144955e-14,0.0,False,False,0.0,True,False,False,0.0,21.46714756858446,3.68,79.29439186358788,-2.0,0.0,0.0,0.0,0.0,0.0,0.0,0.0,0.0,0.0,0.0,0.0,0.0,0.0,0.0,0.0,0.0
1,4,1.2073210114584216,-0.04250010248802097,9.559828610879627,1.8297465879831254,cruise,False,2.04,True,462.542739107712,2.1560886292860433,500.8433067060025,1.1188374765336395,False,False,True,True,False,True,True,False,0.0,False,18.888913649269963,-2.500147518493371,-0.0003144574629834136,28.81010087013513,False,False,-0.026442202885885998,True,False,False,0.0,24.12714756858447,3.68,79.29439186358788,-2.0,0.0,0.0,0.0,0.0,0.0,0.0,0.0,0.0,0.0,0.0,0.0,0.0,0.0,0.0,0.0,0.0
1,5,-3.5627194322103333,-0.057387702872575844,10.10144181097615,0.4863549241425225,change_to_left,False,2.44,True,452.6339718205905,2.1535053252775676,494.81752583959076,1.1223682877111276,False,False,True,True,False,True,True,True,0.0,False,19.21212490747144,-2.4999369151854354,0.00097729289806887,0.0,True,False,0.0,True,False,True,3.0,26.92714756858448,3.68,79.29439186358788,-2.0,0.0,0.0,0.0,0.0,0.0,0.0,0.0,0.0,0.0,0.0,0.0,0.0,0.0,0.0,0.0,0.0
1,6,5.226441467315197,-0.07556807769723958,10.25574727062081,0.22010024839979536,cruise,False,2.85,True,447.2854104952981,2.1569173751191646,486.37214358585845,1.1202447317386652,False,False,True,True,False,True,True,True,0.0,False,19.581321579684044,-2.5000034975337018,-0.00027858040197009193,28.77905871552632,False,False,-0.027132028543859602,True,False,False,0.0,29.797147568584492,3.68,79.29439186358788,-2.0,0.0,0.0,0.0,0.0,0.0,0.0,0.0,0.0,0.0,0.0,0.0,0.0,0.0,0.0,0.0,0.0
1,7,4.415718709385934,0.39319605377787537,9.746442622034907,0.5787848767668231,cruise,False,3.25,True,461.0207743170503,2.1595178572778546,487.677751746435,1.1181528884364569,False,True,True,True,False,False,True,True,0.0,False,20.531608228401442,-2.5046444844247318,-0.007438272659567025,28.910605604168463,False,False,0.12066364325748243,True,False,True,1.0,32.597147568584504,3.68,79.29439186358788,-2.0,0.0,0.0,0.0,0.0,0.0,0.0,0.0,0.0,0.0,0.0,0.0,0.0,0.0,0.0,0.0,0.0
1,8,4.024378272524868,-0.5325386019191338,9.748169735143982,0.11410923790162092,cruise,False,3.66,True,448.3359454094286,2.158407081880884,496.80725254322283,1.1192254253316656,False,True,True,True,False,False,True,True,0.0,False,22.20964254036153,-2.496067450310847,0.0057342635912045045,28.5262089170417,False,False,-0.032750912954628904,True,False,False,0.0,35.537147568584516,3.68,79.29439186358788,-2.0,0.0,0.0,0.0,0.0,0.0,0.0,0.0,0.0,0.0,0.0,0.0,0.0,0.0,0.0,0.0,0.0
1,9,4.060686821127412,-0.2288542252725448,9.771139264797329,0.06560884406132814,cruise,False,4.08,True,464.58824640122936,2.147689447052403,483.77071184851684,1.1222609605555762,False,True,True,True,False,False,True,True,0.0,False,24.523779361718937,-2.5082525346691233,-0.013100657918168895,29.179739569017286,False,False,-0.018228009577393702,True,False,False,0.0,38.40714756858453,3.68,79.29439186358788,-2.0,0.0,0.0,0.0,0.0,0.0,0.0,0.0,0.0,0.0,0.0,0.0,0.0,0.0,0.0,0.0,0.0
1,10,4.058720896344598,-0.08164685133417318,9.7740049843238,0.014264470153489445,cruise,False,4.5,True,481.17990377261805,2.1459378987177815,470.8675974731452,1.1173109896399167,False,True,True,True,False,False,True,True,0.0,False,27.585884319140415,-2.5737003456458534,-0.02581147180299465,29.810819608722475,False,False,-0.004204008695056093,True,False,False,0.0,41.34714756858454,3.68,79.29439186358788,-2.0,0.0,0.0,0.0,0.0,0.0,0.0,0.0,0.0,0.0,0.0,0.0,0.0,0.0,0.0,0.0,0.0
1,11,-0.2761909752631416,0.2223415543276166,9.721086204460947,0.12752244220035994,cruise,False,4.9,True,495.33813592506533,2.126333619740679,473.89092433568106,1.0999351368765795,False,True,True,True,False,False,True,True,0.0,False,30.908727598960358,-2.6661921536061213,-0.02823363932178245,29.88762995868505,False,False,0.0024971120292211634,True,False,False,0.0,44.14714756858455,3.68,79.29439186358788,-2.0,0.0,0.0,0.0,0.0,0.0,0.0,0.0,0.0,0.0,0.0,0.0,0.0,0.0,0.0,0.0,0.0
1,12,-0.009531889595616475,0.307441076068505,9.773489444656521,0.03802622231277373,cruise,False,5.3,True,495.4322247158369,2.1048246620996913,471.94332612342487,1.0842995094534846,False,True,True,True,False,False,True,True,0.0,False,34.222356430422955,-2.755507502896173,-0.025174466997706927,29.82106761364929,False,False,0.0039762752522379515,True,False,False,0.0,46.94714756858456,3.68,79.29439186358788,-2.0,0.0,0.0,0.0,0.0,0.0,0.0,0.0,0.0,0.0,0.0,0.0,0.0,0.0,0.0,0.0,0.0
1,13,0.18814515365636314,0.1051129711531094,9.793034650806847,0.15964658113947647,cruise,False,5.6899999999999995,True,493.6625403063883,2.0941012286896865,471.30915365687895,1.0822162294716802,False,True,True,True,False,False,True,True,0.0,False,37.53481956461039,-2.8320318090759034,-0.020986116687767353,29.839117649130024,False,False,0.003575163352666177,True,False,False,0.0,49.74714756858457,3.68,79.29439186358788,-2.0,0.0,0.0,0.0,0.0,0.0,0.0,0.0,0.0,0.0,0.0,0.0,0.0,0.0,0.0,0.0,0.0
1,14,0.04294155186629741,0.0760258797246017,9.811057202460994,0.22553203429418764,cruise,False,6.08,True,492.7123220316784,2.0857233904321304,473.0151294296439,1.0656527514872016,False,True,True,True,False,False,True,True,0.0,False,40.7674225878105,-2.893713855681177,-0.017247528115971154,29.88937100863438,False,False,0.002458422030347075,True,False,False,0.0,52.477147568584584,3.68,79.29439186358788,-2.0,0.0,0.0,0.0,0.0,0.0,0.0,0.0,0.0,0.0,0.0,0.0,0.0,0.0,0.0,0.0,0.0
1,15,0.00793449923186814,0.084931566964164,9.812014192139454,0.051865879432279646,cruise,False,6.5,True,493.76743964411213,2.0828754813695545,472.56883284368837,1.0652788487532079,False,True,True,True,False,True,True,True,0.0,False,44.17192466353361,-2.947430089282216,-0.0144951995168187,29.90486014912597,False,False,0.00211421890831177,True,False,False,0.0,55.347147568584596,3.68,79.29439186358788,-2.0,0.0,0.0,0.0,0.0,0.0,0.0,0.0,0.0,0.0,0.0,0.0,0.0,0.0,0.0,0.0,0.0
1,16,0.13402218232917465,0.027364509012475002,9.805919733021543,0.09326746809084857,cruise,False,6.9,True,492.2632020407368,2.0797717081564815,473.05351566215325,1.0616598679199551,False,True,True,True,False,True,True,True,0.0,False,47.492009121476364,-2.991248119601053,-0.011854249939811653,29.929867073900763,False,False,0.001558509468871937,True,False,False,0.0,58.14714756858461,3.68,79.29439186358788,-2.0,0.0,0.0,0.0,0.0,0.0,0.0,0.0,0.0,0.0,0.0,0.0,0.0,0.0,0.0,0.0,0.0
1,17,0.02328415545464787,0.02237070306651766,9.805244463604206,0.02165223039453283,cruise,False,7.31,True,491.65253603373253,2.0657040621592992,473.5482387783875,1.0515248807696578,False,True,True,True,False,True,True,True,0.0,False,50.900752501170984,-3.02824781953416,-0.010053225108513546,29.935288812448306,False,False,0.0014380263900376205,True,False,False,0.0,61.01714756858462,3.68,79.29439186358788,-2.0,0.0,0.0,0.0,0.0,0.0,0.0,0.0,0.0,0.0,0.0,0.0,0.0,0.0,0.0,0.0,0.0
1,18,-3.89658177690488,-1.113364331294366,9.882044865104824,1.3795074062884933,swerve_right,False,7.72,True,504.4725474417461,2.061429556826634,468.7024091111325,1.0466710005858717,False,True,False,True,False,True,True,True,0.0,False,54.28334451805628,-3.0639889510061167,-0.018481263484726573,0.0,False,False,0.0,True,False,True,7.0,63.88714756858463,3.68,79.29439186358788,-2.0,0.0,0.0,0.0,0.0,0.0,0.0,0.0,0.0,0.0,0.0,0.0,0.0,0.0,0.0,0.0,0.0
1,19,-3.8139410957555646,-0.08375589281953037,9.892590661003357,0.022707549272855038,swerve_left,False,8.12,True,513.0508990221588,2.0455957147028974,459.7848006843772,1.032948271005004,False,True,False,True,False,True,True,True,0.0,False,57.103485051989274,-3.1349122301395465,-0.026101724655287796,0.0,False,False,0.0,True,False,True,6.0,66.68714756858436,3.68,79.29439186358788,-2.0,0.0,0.0,0.0,0.0,0.0,0.0,0.0,0.0,0.0,0.0,0.0,0.0,0.0,0.0,0.0,0.0
1,20,-3.968724219671612,-0.002934371793549948,9.79935903713553,0.008821892555706696,swerve_left,False,8.52,True,516.7574462955893,2.0543810708744914,458.43653898196425,1.0272865860196172,False,True,False,True,False,True,True,True,0.0,False,59.28904352116844,-3.1922772291032335,-0.026038854876700348,0.0,False,False,0.0,True,False,True,6.0,69.48714756858409,3.68,79.29439186358788,-2.0,0.0,0.0,0.0,0.0,0.0,0.0,0.0,0.0,0.0,0.0,0.0,0.0,0.0,0.0,0.0,0.0
1,21,-3.974627836366482,0.0011090919158266825,9.804195584026097,0.00038761920110774983,swerve_left,False,8.92,True,514.9048887109789,2.0300921989751775,456.2672404846985,1.0145121373711508,False,True,False,True,False,True,True,True,0.0,False,60.839791769079696,-3.2327954506422545,-0.02587349165536639,0.0,False,False,0.0,True,False,True,7.0,72.28714756858382,3.68,79.29439186358788,-2.0,0.0,0.0,0.0,0.0,0.0,0.0,0.0,0.0,0.0,0.0,0.0,0.0,0.0,0.0,0.0,0.0
1,22,-3.9693034726843703,0.0006316559522457134,9.809323416675081,0.0003565022193292816,swerve_left,False,9.33,True,516.3933034398283,2.0306784563733,455.09472506134966,1.013124217103218,False,True,False,True,False,True,True,True,0.0,False,61.770679345740795,-3.2570680612160507,-0.025705286120816243,0.0,False,False,0.0,True,False,True,7.0,75.15714756858354,3.68,79.29439186358788,-2.0,0.0,0.0,0.0,0.0,0.0,0.0,0.0,0.0,0.0,0.0,0.0,0.0,0.0,0.0,0.0,0.0
1,23,-0.83093610276854,0.009058199102558765,9.586422576521075,1.7607605034813376,swerve_left,False,9.74,True,517.0553928318081,2.032620394151749,453.8592110410916,1.0125059633221818,False,True,False,True,False,True,True,True,0.0,False,62.037936723489125,-3.2641456843158596,-0.025560607302429404,0.0,False,False,0.0,True,False,True,7.0,78.02714756858326,3.68,79.29439186358788,-2.0,0.0,0.0,0.0,0.0,0.0,0.0,0.0,0.0,0.0,0.0,0.0,0.0,0.0,0.0,0.0,0.0
1,24,-0.1352582140241901,0.00034904365339478153,9.77147784926682,0.03684169755445762,swerve_left,False,10.14,True,509.0841391976559,2.027649935465936,448.3213927227504,1.0121329288776066,False,True,False,True,False,True,True,True,0.0,False,62.03651032078385,-3.2641042982442525,-0.025561983349795016,0.0,False,False,0.0,True,False,True,5.0,80.89714756858298,3.68,79.29439186358788,-2.0,0.0,0.0,0.0,0.0,0.0,0.0,0.0,0.0,0.0,0.0,0.0,0.0,0.0,0.0,0.0,0.0
1,25,0.06921694300934762,1.717582027189386e-05,9.835236628314949,0.0055163326487698535,swerve_left,False,10.54,True,512.7088910961795,2.0450538833070597,447.63794439726644,1.0131926964865987,False,True,False,True,False,True,True,True,0.0,False,62.03639812319509,-3.2641012853216584,-0.0255619837532571,0.0,False,False,0.0,True,False,True,5.0,83.62714756858271,3.68,79.29439186358788,-2.0,0.0,0.0,0.0,0.0,0.0,0.0,0.0,0.0,0.0,0.0,0.0,0.0,0.0,0.0,0.0,0.0
1,26,0.04961758412160163,8.463209741352896e-07,9.813404925289076,0.0018043790855406536,swerve_left,False,10.94,True,512.7689683379103,2.045637173563515,447.7106210054998,1.0124313315321471,False,True,False,True,False,True,True,True,0.0,False,62.036439853536905,-3.2641023458520446,-0.02556198374881487,0.0,False,False,0.0,True,False,True,5.0,86.42714756858244,3.68,79.29439186358788,-2.0,0.0,0.0,0.0,0.0,0.0,0.0,0.0,0.0,0.0,0.0,0.0,0.0,0.0,0.0,0.0,0.0
1,27,0.044049978247572515,-1.4522242158282417e-08,9.809870983926041,1.5958802498884794e-06,swerve_left,False,11.34,True,511.16121048097693,2.0386144131035833,448.13708787154985,1.012956207937401,False,True,False,True,False,True,True,True,0.0,False,62.036439455652975,-3.2641023353881624,-0.025561983745492584,0.0,False,False,0.0,True,False,True,5.0,89.22714756858217,3.68,79.29439186358788,-2.0,0.0,0.0,0.0,0.0,0.0,0.0,0.0,0.0,0.0,0.0,0.0,0.0,0.0,0.0,0.0,0.0
1,28,3.9888579319445996,0.09751490916645204,9.705844465185418,0.21613275385718225,change_to_left,False,11.74,True,506.04653942720233,2.034860969972382,444.36702079883764,1.0132939532847702,False,True,False,True,True,True,True,True,0.0,False,62.05821891288656,-3.264181694119095,-0.0254097833753384,30.0,True,False,0.1162617373233272,True,False,False,-1.0,92.0271475685819,3.68,79.29439186358788,-2.0,0.0,0.0,0.0,0.0,0.0,0.0,0.0,0.0,0.0,0.0,0.0,0.0,0.0,0.0,0.0,0.0
1,29,3.8482889513654492,0.2805058039711022,9.70001150275874,0.019168643899222494,change_to_left,False,12.14,True,493.44334663545004,2.036974638853726,455.7889071891668,1.014645714955296,False,True,False,True,True,True,True,True,0.0,False,62.543682365913924,-3.2698359660808993,-0.009330887295778356,30.0,True,False,0.1162617373233272,True,False,False,-1.0,94.82714756858162,3.68,79.29439186358788,-2.0,0.0,0.0,0.0,0.0,0.0,0.0,0.0,0.0,0.0,0.0,0.0,0.0,0.0,0.0,0.0,0.0
1,30,4.013159808968704,0.5841204475646469,9.779934985448637,0.02119165697254338,change_to_left,False,12.54,True,461.7184496992799,2.0346354309535304,487.97078983345364,1.0302503882900522,False,True,False,True,True,True,True,True,0.0,False,63.69543970863725,-3.250773839516183,0.030718623717281127,30.0,True,False,0.1162617373233272,True,False,False,-1.0,97.69714756858134,3.68,79.29439186358788,-2.0,0.0,0.0,0.0,0.0,0.0,0.0,0.0,0.0,0.0,0.0,0.0,0.0,0.0,0.0,0.0,0.0
1,31,4.004430531129769,1.0811198795818338,9.776404445290101,0.027917551536426537,change_to_left,False,12.95,True,405.28597826328195,2.0608302016414672,520.8279135072419,1.0908719429535494,False,True,False,True,True,True,True,True,0.0,False,65.45382968826141,-3.132979700155187,0.09175420180859291,30.0,True,False,0.1162617373233272,True,False,False,-1.0,100.49714756858107,3.68,79.29439186358788,-2.0,0.0,0.0,0.0,0.0,0.0,0.0,0.0,0.0,0.0,0.0,0.0,0.0,0.0,0.0,0.0,0.0
1,32,3.9342131957186566,1.7682481870624238,9.767823505765431,0.03807545210787867,change_to_left,False,13.36,True,319.22080333008284,2.1217558953390183,518.708532066878,1.126170654458615,False,True,False,True,True,True,True,True,0.0,False,67.82127588598155,-2.8034676956995623,0.17472822193713838,30.0,True,False,0.1162617373233272,True,False,False,-1.0,103.2971475685808,3.68,79.29439186358788,-2.0,0.0,0.0,0.0,0.0,0.0,0.0,0.0,0.0,0.0,0.0,0.0,0.0,0.0,0.0,0.0,0.0
1,33,2.230311877281853,2.4313673561792566,9.837062811332492,0.24939803210652264,change_to_left,False,13.77,True,87.67325354381485,2.3468622878407044,473.8659816221141,0.8545331601913535,False,True,False,True,True,True,True,True,0.0,False,70.90707046274318,-2.0668851293893282,0.28706509920254325,30.0,True,False,0.1162617373233272,True,False,False,-1.0,106.23714756858051,3.68,79.29439186358788,-2.0,0.0,0.0,0.0,0.0,0.0,0.0,0.0,0.0,0.0,0.0,0.0,0.0,0.0,0.0,0.0,0.0
1,34,0.024047708772398237,2.6310107018502,9.785386650386124,0.05007186657371599,change_to_left,False,14.17,True,0.0,0.0,567.7360790559285,-0.1609381808059116,False,True,False,False,True,True,True,True,0.0,False,74.01778467258764,-0.9345434915652917,0.413417968185831,30.0,True,False,0.1162617373233272,True,False,False,-1.0,109.03714756858024,3.68,79.29439186358788,-2.0,0.0,0.0,0.0,0.0,0.0,0.0,0.0,0.0,0.0,0.0,0.0,0.0,0.0,0.0,0.0,0.0
1,35,-0.41430838052119845,-4.38247585665838,9.796551793883813,0.22189697530863348,change_to_left,False,14.59,False,0.0,0.0,0.0,0.0,False,False,True,True,True,True,True,True,0.0,False,77.13249743230202,0.6431716728448488,0.4750316148100758,30.0,True,False,-0.1162617373233272,True,False,True,2.0,111.97714756857995,3.68,79.29439186358788,-2.0,0.0,0.0,0.0,0.0,0.0,0.0,0.0,0.0,0.0,0.0,0.0,0.0,0.0,0.0,0.0,0.0
1,36,-4.222651228083457,-4.03346547971311,9.902418863460698,0.24836981062870345,cruise,False,15.0,False,324.87285224844163,1.9124523767844466,0.0,0.0,False,False,True,True,True,True,True,True,0.0,False,80.20921291709098,2.0060400499269946,0.3458824376508728,22.32005619741129,False,False,-0.17066541783530462,True,False,False,0.0,114.84714756857967,3.68,79.29439186358788,-2.0,0.0,0.0,0.0,0.0,0.0,0.0,0.0,0.0,0.0,0.0,0.0,0.0,0.0,0.0,0.0,0.0
1,37,-3.8924076447033196,-2.2942592277227316,9.868159571865874,3.79774603312521,cruise,False,15.41,False,373.3501270296113,1.997988570529259,641.026779130704,1.0753215475421767,False,False,True,True,True,False,True,True,0.0,False,82.95816109804534,2.76715504739051,0.19354319168392597,23.448263128203713,False,False,-0.1455941527065841,True,False,False,0.0,117.71714756857939,3.68,79.29439186358788,-2.0,0.0,0.0,0.0,0.0,0.0,0.0,0.0,0.0,0.0,0.0,0.0,0.0,0.0,0.0,0.0,0.0
1,38,2.8399701722278636,-1.3605886105512608,9.637054275438016,1.5217174568059584,cruise,False,15.82,False,431.1510914536067,2.029790431198841,547.6008202989748,1.0891732039408726,False,False,True,True,True,False,True,True,0.0,False,85.74565912514201,3.1293619287385193,0.07699513525697083,26.809103813577487,False,False,-0.07090880414272255,True,False,False,0.0,120.58714756857911,3.68,79.29439186358788,-2.0,0.0,0.0,0.0,0.0,0.0,0.0,0.0,0.0,0.0,0.0,0.0,0.0,0.0,0.0,0.0,0.0
1,39,-0.2513794657296685,-1.4697581345009283,9.798914025296572,0.8493142056678067,change_to_right,False,16.22,False,476.9013298985158,2.0287573684613696,506.6277096231229,1.104552534526222,False,True,True,True,True,False,True,True,0.0,False,88.82278300612356,3.2609871619282758,0.01666624670825909,28.207326925843528,False,True,-0.1236873325314619,True,False,False,0.0,123.38714756857884,3.68,79.29439186358788,-2.0,0.0,0.0,0.0,0.0,0.0,0.0,0.0,0.0,0.0,0.0,0.0,0.0,0.0,0.0,0.0,0.0
1,40,0.012925722001582235,-2.400682529500904,9.831719551644946,0.011616213111798529,change_to_right,False,16.62,False,554.9528707899933,2.041110503699375,418.02353133254167,1.0688661326149018,False,True,True,True,True,False,True,True,0.0,False,91.93520302810548,3.154756105577606,-0.09633927889448914,28.207326925843528,False,True,-0.1236873325314619,True,False,False,0.0,126.18714756857857,3.68,79.29439186358788,-2.0,0.0,0.0,0.0,0.0,0.0,0.0,0.0,0.0,0.0,0.0,0.0,0.0,0.0,0.0,0.0,0.0
1,41,-0.0441383180655439,-2.4725173843059376,9.813601399069995,0.01399290473903158,change_to_right,False,17.02,False,644.757718903463,1.9538305460452698,252.01197896421692,0.9574563401794024,False,True,True,True,True,False,True,True,0.0,False,95.08106243568002,2.646661661834692,-0.22595582643321602,28.207326925843528,False,True,-0.1236873325314619,True,False,False,0.0,129.0571475685783,3.68,79.29439186358788,-2.0,0.0,0.0,0.0,0.0,0.0,0.0,0.0,0.0,0.0,0.0,0.0,0.0,0.0,0.0,0.0,0.0
1,42,-0.02374711118149346,-2.526090043916707,9.818678290868826,0.00861884772955012,change_to_right,False,17.44,False,123.83270072196571,-2.499378088480009,0.0,0.0,False,True,True,True,True,False,True,True,0.0,False,98.13479945177792,1.7355929172930826,-0.3557821755619179,28.207326925843528,False,True,-0.1236873325314619,True,False,False,0.0,131.92714756857802,3.68,79.29439186358788,-2.0,0.0,0.0,0.0,0.0,0.0,0.0,0.0,0.0,0.0,0.0,0.0,0.0,0.0,0.0,0.0,0.0
1,43,-0.046235302451278354,-2.52046529170205,9.796138545799534,0.0016948283278446032,change_to_right,False,17.85,False,0.0,0.0,0.0,0.0,False,True,False,True,True,False,True,True,0.0,False,101.11368358374305,0.40049433314229504,-0.4888010734559293,28.207326925843528,False,True,-0.1236873325314619,True,False,False,0.0,134.86714756857774,3.68,79.29439186358788,-2.0,0.0,0.0,0.0,0.0,0.0,0.0,0.0,0.0,0.0,0.0,0.0,0.0,0.0,0.0,0.0,0.0
1,44,-0.171886917279387,2.319699588776661,9.725562393981349,0.1232176426321463,change_to_left,False,18.28,True,0.0,0.0,262.67108448158024,1.2248352671587965,False,True,False,True,True,True,True,True,0.0,False,104.00373976286099,-1.1641500014545811,-0.44890075503232163,28.207326925843528,True,False,0.1236873325314619,True,False,True,1.0,137.80714756857745,3.68,79.29439186358788,-2.0,0.0,0.0,0.0,0.0,0.0,0.0,0.0,0.0,0.0,0.0,0.0,0.0,0.0,0.0,0.0,0.0
1,45,-0.07450235861753651,2.506592318391112,9.778310460859071,0.0036862730516569165,change_to_left,False,18.71,True,0.0,0.0,291.6694797925245,1.1504791930148304,False,True,False,True,True,False,True,True,0.0,False,107.10412349587082,-2.4128489458488156,-0.31409983392323515,28.207326925843528,True,False,0.1236873325314619,True,False,False,-1.0,140.81714756857716,3.68,79.29439186358788,-2.0,0.0,0.0,0.0,0.0,0.0,0.0,0.0,0.0,0.0,0.0,0.0,0.0,0.0,0.0,0.0,0.0
1,46,-0.0465256119404589,2.5200541459512995,9.796170184670725,0.0015530277607582917,change_to_left,False,19.14,True,622.6127523227044,2.0068409397753926,345.60936136281117,1.079316095745712,False,True,False,True,True,True,True,True,0.0,False,110.34467854500697,-3.2298338614652398,-0.1779326140471945,28.207326925843528,True,False,0.1236873325314619,True,False,False,-1.0,143.82714756857686,3.68,79.29439186358788,-2.0,0.0,0.0,0.0,0.0,0.0,0.0,0.0,0.0,0.0,0.0,0.0,0.0,0.0,0.0,0.0,0.0
1,47,-0.04457578694228522,2.520382988430228,9.796950306738518,0.0001453062062627671,change_to_left,False,19.55,True,536.6933507356748,1.9953044756074938,430.9281807428952,1.0333335025356023,False,True,True,False,True,True,True,True,0.0,False,113.51076950228307,-3.5921818584127108,-0.04808142820984536,28.207326925843528,True,False,0.1236873325314619,True,False,False,-1.0,146.69714756857658,3.68,79.29439186358788,-2.0,0.0,0.0,0.0,0.0,0.0,0.0,0.0,0.0,0.0,0.0,0.0,0.0,0.0,0.0,0.0,0.0
1,48,-0.04538771789743532,2.520393492369717,9.79617800793414,5.5286559351504526e-05,change_to_left,False,19.96,True,442.5479405163332,2.030963845988952,532.3442432753744,0.9993668275635198,False,False,True,True,True,True,True,True,0.0,False,116.77464133274475,-3.535109390042005,0.08493711136556642,28.207326925843528,True,False,0.1236873325314619,True,False,False,-1.0,149.6371475685763,3.68,79.29439186358788,-2.0,0.0,0.0,0.0,0.0,0.0,0.0,0.0,0.0,0.0,0.0,0.0,0.0,0.0,0.0,0.0,0.0
1,49,1.5190538545944958,8.256668765213245,12.501688858304671,6.5321012718053995,change_to_left,False,20.37,True,303.02604810398225,2.1104996579783704,641.9412439076353,1.121570870258609,False,False,True,True,True,True,True,True,0.0,False,119.925770523533,-3.06226527348818,0.21485701910517263,28.207326925843528,True,False,0.1236873325314619,True,False,False,-1.0,152.50714756857602,3.68,79.29439186358788,-2.0,0.0,0.0,0.0,0.0,0.0,0.0,0.0,0.0,0.0,0.0,0.0,0.0,0.0,0.0,0.0,0.0
1,50,-0.04785146268207998,2.5073238096433386,9.792638004207756,0.00350226627683673,change_to_left,False,20.79,True,41.32593897322504,2.318537958546521,0.0,0.0,False,False,True,True,True,False,True,True,0.0,False,122.98946360156131,-2.185315726465353,0.3446970820662967,28.207326925843528,True,False,0.1236873325314619,True,False,False,-1.0,155.37714756857574,3.68,79.29439186358788,-2.0,0.0,0.0,0.0,0.0,0.0,0.0,0.0,0.0,0.0,0.0,0.0,0.0,0.0,0.0,0.0,0.0
1,51,-0.04379240574006387,2.519981321212414,9.797443039519074,0.0005484911605562792,change_to_left,False,21.22,True,0.0,0.0,0.0,0.0,False,True,True,True,True,False,True,True,0.0,False,126.05199467508807,-0.8475223472686348,0.4808827775260419,28.207326925843528,True,False,0.1236873325314619,True,False,False,-1.0,158.38714756857544,3.68,79.29439186358788,-2.0,0.0,0.0,0.0,0.0,0.0,0.0,0.0,0.0,0.0,0.0,0.0,0.0,0.0,0.0,0.0,0.0
1,52,-0.47954505944657366,-4.190652442236586,9.800278196807898,0.06873087792265985,change_to_left,False,21.65,False,0.0,0.0,0.0,0.0,False,True,True,True,True,True,True,True,0.0,False,128.94071829270973,0.8713821703822842,0.5399047771579583,28.207326925843528,True,False,-0.1236873325314619,True,False,True,2.0,161.39714756857515,3.68,79.29439186358788,-2.0,0.0,0.0,0.0,0.0,0.0,0.0,0.0,0.0,0.0,0.0,0.0,0.0,0.0,0.0,0.0,0.0
1,53,-4.84760185736163,-3.8951274032514815,9.602272714287485,0.3207816190942872,change_to_right,False,22.08,False,272.73550768169605,1.9511045995726721,0.0,0.0,False,True,True,True,True,False,True,True,0.0,False,131.82583183293443,2.3522945103792505,0.3840166228052198,20.197475628963343,False,True,-0.21783387491192577,True,False,False,0.0,164.40714756857486,3.68,79.29439186358788,-2.0,0.0,0.0,0.0,0.0,0.0,0.0,0.0,0.0,0.0,0.0,0.0,0.0,0.0,0.0,0.0,0.0
1,54,-0.07836379583734403,-1.5643961052444695,9.755138051461536,0.08712838385585134,change_to_right,False,22.5,False,335.1466476182803,2.0361631068585075,653.9377917296122,1.1271460468775905,False,True,True,True,True,False,True,True,0.0,False,134.2765837815767,3.098382006154245,0.21624137213211603,20.829288420450926,False,True,-0.1678596208751273,True,False,False,0.0,167.34714756857457,3.68,79.29439186358788,-2.0,0.0,0.0,0.0,0.0,0.0,0.0,0.0,0.0,0.0,0.0,0.0,0.0,0.0,0.0,0.0,0.0
1,55,-0.19230680774514305,-1.8430543934178794,9.742490646726015,0.008796867835389707,change_to_right,False,22.9,False,416.4075330239307,2.0698885665934146,559.8674551809729,1.138292106391716,False,True,True,True,True,False,True,True,0.0,False,136.58715349987082,3.449709256821938,0.08467972854544024,20.829288420450926,False,True,-0.1678596208751273,True,False,False,0.0,170.2171475685743,3.68,79.29439186358788,-2.0,0.0,0.0,0.0,0.0,0.0,0.0,0.0,0.0,0.0,0.0,0.0,0.0,0.0,0.0,0.0,0.0
1,56,-0.05552346885396865,-1.8618130739196006,9.806101158273753,0.0063479428922478915,change_to_right,False,23.32,False,511.59553181448337,2.0610475834398674,473.8413986398987,1.1211193942553463,False,True,True,True,True,True,True,True,0.0,False,138.9245276077266,3.49663093138239,-0.04596208740126254,20.829288420450926,False,True,-0.1678596208751273,True,False,False,-1.0,173.087147568574,3.68,79.29439186358788,-2.0,0.0,0.0,0.0,0.0,0.0,0.0,0.0,0.0,0.0,0.0,0.0,0.0,0.0,0.0,0.0,0.0
1,57,-0.04614296723317573,-1.861375631669878,9.805947521613545,0.0006484498254178934,change_to_right,False,23.73,False,610.8631410136823,2.024842036106787,354.9964347595961,1.0630587206775794,False,True,True,True,True,True,True,True,0.0,False,141.24825443325216,3.2386676471647373,-0.17659064793239815,20.829288420450926,False,True,-0.1678596208751273,True,False,False,-1.0,175.95714756857373,3.68,79.29439186358788,-2.0,0.0,0.0,0.0,0.0,0.0,0.0,0.0,0.0,0.0,0.0,0.0,0.0,0.0,0.0,0.0,0.0
1,58,-0.049393160447210066,-1.8610865532676606,9.802686801243484,0.0002038644174625247,change_to_right,False,24.14,False,0.0,0.0,168.0463468360964,0.9449931219828314,False,True,True,True,True,True,True,True,0.0,False,143.51858753052775,2.680217383716244,-0.30721908980900625,20.829288420450926,False,True,-0.1678596208751273,True,False,False,-1.0,178.82714756857345,3.68,79.29439186358788,-2.0,0.0,0.0,0.0,0.0,0.0,0.0,0.0,0.0,0.0,0.0,0.0,0.0,0.0,0.0,0.0,0.0
1,59,-0.04984663707645226,-1.8610968162920658,9.802331052861454,4.914458251377964e-05,change_to_right,False,24.56,False,241.2633805907339,-2.4972927803753158,0.0,0.0,False,True,True,True,True,True,True,True,0.0,False,145.74849205216236,1.8065588497417955,-0.44103355027339336,20.829288420450926,False,True,-0.1678596208751273,True,False,False,-1.0,181.76714756857317,3.68,79.29439186358788,-2.0,0.0,0.0,0.0,0.0,0.0,0.0,0.0,0.0,0.0,0.0,0.0,0.0,0.0,0.0,0.0,0.0
1,60,-0.04974649378362596,-1.861110057481978,9.80241561494479,1.6297955760476747e-05,change_to_right,False,24.97,False,0.0,0.0,0.0,0.0,False,True,True,True,True,True,True,True,0.0,False,147.7939370660305,0.6741231098497458,-0.5716619466054602,20.829288420450926,False,True,-0.1678596208751273,True,False,False,-1.0,184.63714756857289,3.68,79.29439186358788,-2.0,0.0,0.0,0.0,0.0,0.0,0.0,0.0,0.0,0.0,0.0,0.0,0.0,0.0,0.0,0.0,0.0
1,61,-0.6189671548907918,2.27270981221901,9.690372427185062,0.14739467097955997,change_to_right,False,25.39,True,0.0,0.0,212.04773506149328,1.2621454597180313,False,True,True,True,True,True,True,True,0.0,False,149.8291113271467,-0.7481187331668128,-0.5839066810726625,20.829288420450926,False,True,0.1678596208751273,True,False,True,1.0,187.6471475685726,3.68,79.29439186358788,-2.0,0.0,0.0,0.0,0.0,0.0,0.0,0.0,0.0,0.0,0.0,0.0,0.0,0.0,0.0,0.0,0.0
1,62,-2.2210857628832663,3.2587166630248268,9.683556120323344,2.720672355728752,cruise,False,25.83,True,0.0,0.0,248.0206696620343,1.2090191327014286,False,True,True,True,True,True,True,True,0.0,False,151.9344036520169,-1.948909467979123,-0.44498048337311163,19.990831317933548,False,False,0.22242597071258782,True,False,False,0.0,190.6571475685723,3.68,79.29439186358788,-2.0,0.0,0.0,0.0,0.0,0.0,0.0,0.0,0.0,0.0,0.0,0.0,0.0,0.0,0.0,0.0,0.0
1,63,2.3834390168856427,2.1864431668333566,9.788420433679939,1.6412082833058572,cruise,False,26.28,True,0.0,0.0,302.04933606224847,1.126024799795582,False,True,True,True,True,True,True,True,0.0,False,154.29410140319268,-2.8189675403046284,-0.26511778372656386,22.418059564421686,False,False,0.16848756523507363,True,False,False,0.0,193.807147568572,3.68,79.29439186358788,-2.0,0.0,0.0,0.0,0.0,0.0,0.0,0.0,0.0,0.0,0.0,0.0,0.0,0.0,0.0,0.0,0.0
1,64,4.14736332811414,1.67462805741772,9.860092457094131,0.4585817618099454,cruise,False,26.7,True,579.3610884946302,2.015241170776169,369.90361647600713,1.0479880434204671,False,True,True,True,True,True,True,True,0.0,False,156.90179707789932,-3.319117343139516,-0.12243348376709713,25.51892030875928,False,False,0.0995795486942382,True,False,False,0.0,196.7471475685717,3.68,79.29439186358788,-2.0,0.0,0.0,0.0,0.0,0.0,0.0,0.0,0.0,0.0,0.0,0.0,0.0,0.0,0.0,0.0,0.0
1,65,2.9118871442982366,0.5594357070071605,9.78356921646936,1.11497708580047,cruise,False,27.11,True,520.819361427394,2.0058070451412213,418.65043038571844,0.9610653374583926,False,True,True,True,True,True,True,True,0.0,False,159.8813489905232,-3.5374041801997564,-0.03294914395576566,27.869800692455016,False,False,0.04733776238988854,True,False,False,0.0,199.61714756857143,3.68,79.29439186358788,-2.0,0.0,0.0,0.0,0.0,0.0,0.0,0.0,0.0,0.0,0.0,0.0,0.0,0.0,0.0,0.0,0.0
1,66,1.542387227106613,0.22024788745843954,9.664382049362102,0.48334683222786234,cruise,False,27.51,True,497.52396823774023,2.0059077457134826,458.5059244107571,0.9696055067696709,False,True,True,True,True,True,True,True,0.0,False,163.14371285734194,-3.568136451484671,0.006797938300859799,29.426622687542007,False,False,0.012741718054622079,True,False,False,0.0,202.48714756857115,3.68,79.29439186358788,-2.0,0.0,0.0,0.0,0.0,0.0,0.0,0.0,0.0,0.0,0.0,0.0,0.0,0.0,0.0,0.0,0.0
1,67,0.043180075132754375,0.0013721127842581727,9.808255222500701,0.10359851873942796,cruise,False,27.92,True,487.55691171354715,2.0120701053020498,473.9613455673726,0.9812568707089684,False,True,True,True,True,True,True,True,0.0,False,166.44759958803795,-3.5228642461768374,0.017086784042382033,29.932873908674615,False,False,-0.001491690918341853,True,False,False,0.0,205.28714756857087,3.68,79.29439186358788,-2.0,0.0,0.0,0.0,0.0,0.0,0.0,0.0,0.0,0.0,0.0,0.0,0.0,0.0,0.0,0.0,0.0
1,68,0.0663046864032488,-0.051662461528077505,9.809711562129372,0.019830835910107827,cruise,False,28.35,True,486.7676554709539,2.0230908809884296,475.42387865795024,0.9928636241602696,False,True,True,True,True,True,True,True,0.0,False,170.02126817062725,-3.4619412322383525,0.01620802365301811,29.909723573071307,False,False,-0.002006142820637622,True,False,False,0.0,208.29714756857058,3.68,79.29439186358788,-2.0,0.0,0.0,0.0,0.0,0.0,0.0,0.0,0.0,0.0,0.0,0.0,0.0,0.0,0.0,0.0,0.0
1,69,0.07672790265904045,-0.16404749862103057,9.801979721028633,0.0039958961504915425,cruise,False,28.75,True,486.8140244997273,2.0265824233703484,476.2835123979718,0.9960704986295827,False,True,True,True,True,True,True,True,0.0,False,173.34143141352146,-3.411809761821455,0.013677566374800576,29.886057768664845,False,False,-0.002532049585225697,True,False,False,0.0,211.0971475685703,3.68,79.29439186358788,-2.0,0.0,0.0,0.0,0.0,0.0,0.0,0.0,0.0,0.0,0.0,0.0,0.0,0.0,0.0,0.0,0.0
1,70,0.022038111626246415,-0.1428620488092575,9.7953521299364,0.014097157254757842,cruise,False,29.16,True,486.9454533568832,2.025301866669873,495.0536147922247,1.0867331299463006,False,True,True,True,True,True,True,True,0.0,False,176.74576789506537,-3.370022046733982,0.010991144367935583,29.907487252904335,False,False,-0.0020558388243481144,True,False,False,0.0,213.96714756857003,3.68,79.29439186358788,-2.0,0.0,0.0,0.0,0.0,0.0,0.0,0.0,0.0,0.0,0.0,0.0,0.0,0.0,0.0,0.0,0.0
1,71,0.1288351893830541,-0.011651951713125611,9.80329370705847,0.031130331983566076,cruise,False,29.56,True,487.8813446557584,2.033715052991366,475.27381691013676,1.0120970314477096,False,True,True,True,True,True,True,True,0.0,False,180.1516484929084,-3.336824934767972,0.008688445767496156,29.929452080350956,False,False,-0.001567731547756541,True,False,False,0.0,216.83714756856975,3.68,79.29439186358788,-2.0,0.0,0.0,0.0,0.0,0.0,0.0,0.0,0.0,0.0,0.0,0.0,0.0,0.0,0.0,0.0,0.0
1,72,0.2435562611118424,-0.012872071351658337,9.777772027795821,0.23463177757297313,cruise,False,29.97,True,488.1644553623441,2.03738071174006,475.37204474755004,1.013287300639803,False,True,True,True,True,True,True,True,0.0,False,183.4776822443939,-3.310379655074365,0.007131671477710353,29.950000480180677,False,False,-0.00111110044042936,True,False,False,0.0,219.63714756856947,3.68,79.29439186358788,-2.0,0.0,0.0,0.0,0.0,0.0,0.0,0.0,0.0,0.0,0.0,0.0,0.0,0.0,0.0,0.0,0.0
1,73,0.13046120748593695,-0.027068077169358832,9.804414545379885,0.04706414550937984,cruise,False,30.39,True,489.2248875949208,2.0441391643892777,475.65822518443014,1.0187260063552657,False,True,True,True,True,True,True,True,0.0,False,186.9700621093837,-3.288228617309519,0.00553488266888659,29.95420909262516,False,False,-0.0010175757194409015,True,False,False,0.0,222.5771475685692,3.68,79.29439186358788,-2.0,0.0,0.0,0.0,0.0,0.0,0.0,0.0,0.0,0.0,0.0,0.0,0.0,0.0,0.0,0.0,0.0
1,74,-0.04205723014721437,-0.007596262479909446,9.815539719686285,0.025314346000003422,cruise,False,30.81,True,488.6246657767694,2.041735747631816,474.32819009156424,1.0200515470610165,False,True,True,True,True,True,True,True,0.0,False,190.46630144019352,-3.2709368891651374,0.004595143121064199,29.970681338470637,False,False,-0.0006515258117636726,True,False,False,0.0,225.5171475685689,3.68,79.29439186358788,-2.0,0.0,0.0,0.0,0.0,0.0,0.0,0.0,0.0,0.0,0.0,0.0,0.0,0.0,0.0,0.0,0.0
1,75,0.10653249085643968,0.00019269421852886474,9.811717419068593,0.018930436142149464,cruise,False,31.23,True,489.7890261793613,2.0452655396542756,474.7351901326959,1.023700805179047,False,True,True,True,True,True,True,True,0.0,False,193.96316433069285,-3.2559511186763013,0.003996082234603204,29.995316911855294,False,False,0.0001040686254378465,True,False,False,0.0,228.45714756856862,3.68,79.29439186358788,-2.0,0.0,0.0,0.0,0.0,0.0,0.0,0.0,0.0,0.0,0.0,0.0,0.0,0.0,0.0,0.0,0.0
1,76,0.17644361787545437,-0.016561850035346815,9.803283457275231,0.1361267863092772,cruise,False,31.64,True,489.7929098992949,2.0488026698013715,474.0770818418849,1.0301866266214121,False,True,True,True,True,True,True,True,0.0,False,197.37638726561636,-3.2430069319543073,0.0034400697569929913,29.999152909095287,False,False,-1.8824242326989334e-05,True,False,False,0.0,231.32714756856834,3.68,79.29439186358788,-2.0,0.0,0.0,0.0,0.0,0.0,0.0,0.0,0.0,0.0,0.0,0.0,0.0,0.0,0.0,0.0,0.0
1,77,0.0321068526781214,-0.01099686903069762,9.811280769318788,0.0005628008429908058,cruise,False,32.04,True,488.79922644245664,2.047033207868582,474.38515531645953,1.0280779651083103,False,True,True,True,True,True,True,True,0.0,False,200.78972024484952,-3.232322475178532,0.002787925456048108,29.97197013783319,False,False,-0.0006228858259290795,True,False,False,0.0,234.19714756856806,3.68,79.29439186358788,-2.0,0.0,0.0,0.0,0.0,0.0,0.0,0.0,0.0,0.0,0.0,0.0,0.0,0.0,0.0,0.0,0.0
1,78,0.12186653324585757,-0.021240320807493225,9.798520991965054,0.09516063813065927,cruise,False,32.46,True,489.59163060894076,2.0525505472311196,474.7215574642555,1.0292242221496906,False,True,True,True,True,True,True,True,0.0,False,204.20342101617143,-3.223689060110078,0.0022188495152958665,29.983589865255226,False,False,-0.00036466966099499775,True,False,False,0.0,237.06714756856778,3.68,79.29439186358788,-2.0,0.0,0.0,0.0,0.0,0.0,0.0,0.0,0.0,0.0,0.0,0.0,0.0,0.0,0.0,0.0,0.0
1,79,0.23795904855222053,-0.022386264931863523,9.778568124343249,0.22435267514012064,cruise,False,32.86,True,488.6976398011079,2.049671049816081,474.4599633266997,1.0296418567763155,False,True,True,True,True,True,True,True,0.0,False,207.6173396848431,-3.216856121526306,0.0017288396045122948,29.983397455742193,False,False,-0.0003689454279512341,True,False,False,0.0,239.9371475685675,3.68,79.29439186358788,-2.0,0.0,0.0,0.0,0.0,0.0,0.0,0.0,0.0,0.0,0.0,0.0,0.0,0.0,0.0,0.0,0.0
1,80,0.03101950573517654,0.003229017296355183,9.808925424080254,0.002479866016324556,cruise,False,33.27,True,489.5435624552866,2.049208882082051,474.2789209670764,1.0303768265242241,False,True,True,True,True,True,True,True,0.0,False,210.94820688458606,-3.212140112493387,0.0012527889889161323,29.9860671534182,False,False,-0.0003096188129288349,True,False,False,0.0,242.73714756856722,3.68,79.29439186358788,-2.0,0.0,0.0,0.0,0.0,0.0,0.0,0.0,0.0,0.0,0.0,0.0,0.0,0.0,0.0,0.0,0.0
1,81,0.08894916181926751,-0.017338149718614592,9.8068675059017,0.04447425177611237,cruise,False,33.69,True,489.4674808083022,2.0524747079054126,474.50623800500694,1.0298834866531372,False,True,True,True,True,True,True,True,0.0,False,214.5291568913171,-3.2078203186303407,0.0010632670262681876,29.98686817565405,False,False,-0.0002918183187989396,True,False,False,0.0,245.74714756856693,3.68,79.29439186358788,-2.0,0.0,0.0,0.0,0.0,0.0,0.0,0.0,0.0,0.0,0.0,0.0,0.0,0.0,0.0,0.0,0.0
1,82,0.030051560838044104,-0.001863335061085369,9.81192724241826,0.02918747871118544,cruise,False,34.11,True,488.9685769667616,2.0523115745440386,474.3075950035709,1.0301299129490884,False,True,True,True,True,True,True,True,0.0,False,217.94347782450797,-3.2048066233844725,0.0008078989368602952,29.984685242129217,False,False,-0.00034032795268407217,True,False,False,0.0,248.61714756856665,3.68,79.29439186358788,-2.0,0.0,0.0,0.0,0.0,0.0,0.0,0.0,0.0,0.0,0.0,0.0,0.0,0.0,0.0,0.0,0.0
1,83,0.09069917988353052,-0.010159101380598144,9.802157631638272,0.05916503821451214,cruise,False,34.52,True,489.51570222636315,2.045821870702512,474.3657955155881,1.0303768265243174,False,True,True,True,True,True,True,True,0.0,False,221.27542362299755,-3.2022628544737106,0.0006877349461053406,29.99234067371901,False,False,-0.00017020725068869668,True,False,False,0.0,251.48714756856637,3.68,79.29439186358788,-2.0,0.0,0.0,0.0,0.0,0.0,0.0,0.0,0.0,0.0,0.0,0.0,0.0,0.0,0.0,0.0,0.0
1,84,0.03717920435440176,0.002857837866055639,9.811761573671,0.001500235414861593,cruise,False,34.92,True,489.271291489796,2.0537003743282973,474.5930099676349,1.029879314127549,False,True,True,True,True,True,True,True,0.0,False,224.69072051823275,-3.200430753811414,0.0004419674751687064,29.995948342505823,False,False,9.003683320397401e-05,True,False,False,0.0,254.2871475685661,3.68,79.29439186358788,-2.0,0.0,0.0,0.0,0.0,0.0,0.0,0.0,0.0,0.0,0.0,0.0,0.0,0.0,0.0,0.0,0.0
2,1,4.055039183672838,-0.04999843231870022,9.771709414937572,0.002854837553817101,,False,3.32,True,478.8910977195902,2.1382538802731,472.4709913825531,1.1162908226731356,False,True,True,True,False,False,True,False,0.0,False,25.931747213291636,-2.5712610854799336,-0.02363188298785947,29.745765133658892,False,False,-0.005649663696469085,True,False,False,0.0,33.35989974614749,3.68,79.58999315376751,-2.0,0.0,0.0,0.0,0.0,0.0,0.0,0.0,0.0,0.0,0.0,0.0,0.0,0.0,0.0,0.0,0.0
2,2,4.093121401345755,0.046398728697995315,9.778280535360956,0.09617970334026904,cruise,False,3.74,True,485.6047157844161,2.1227383123053256,467.76571129689324,1.1000885013448634,False,True,True,True,False,False,True,True,0.0,False,28.860688318410347,-2.6472339460912013,-0.02691316716248007,29.994814443025923,False,False,-0.00011523459942390434,True,False,False,0.0,36.2998997461475,3.68,79.58999315376751,-2.0,0.0,0.0,0.0,0.0,0.0,0.0,0.0,0.0,0.0,0.0,0.0,0.0,0.0,0.0,0.0,0.0
2,3,-0.33235298752192244,-0.2007267055838227,9.652837935277976,0.14810882436755482,cruise,False,4.17,True,496.68261787593167,2.1068173297149806,474.2590195830041,1.094691795108303,False,True,True,True,False,False,True,False,0.0,False,32.40041676660141,-2.740739508451799,-0.025197703955488537,29.832890727814963,False,False,0.003713539381889781,True,False,False,0.0,39.309899746147515,3.68,79.58999315376751,-2.0,0.0,0.0,0.0,0.0,0.0,0.0,0.0,0.0,0.0,0.0,0.0,0.0,0.0,0.0,0.0,0.0
2,4,-0.04565165974316887,0.04847473865140888,9.79535706779343,0.04027852491513121,cruise,False,4.59,True,495.08446948895926,2.1036401929634607,471.8130830455325,1.0817464038804618,False,True,True,True,False,False,True,False,0.0,False,35.88177074125966,-2.822554897963212,-0.021614055922313143,29.84059036672294,False,False,0.00354243629504579,True,False,False,0.0,42.24989974614753,3.68,79.58999315376751,-2.0,0.0,0.0,0.0,0.0,0.0,0.0,0.0,0.0,0.0,0.0,0.0,0.0,0.0,0.0,0.0,0.0
2,5,0.01424623556558913,0.06017781479552282,9.82505072166065,0.020534687419898473,cruise,False,5.01,True,493.5898341358771,2.096020345357879,471.58728218977853,1.0697035132199786,False,True,True,True,False,False,True,False,0.0,False,39.28019498470708,-2.889444398417891,-0.01783992974391692,29.85905886206993,False,False,0.003132025287334901,True,False,False,0.0,45.18989974614754,3.68,79.58999315376751,-2.0,0.0,0.0,0.0,0.0,0.0,0.0,0.0,0.0,0.0,0.0,0.0,0.0,0.0,0.0,0.0,0.0
2,6,0.14665914417250295,-0.004502376229057087,9.802327745984197,0.036983112862541107,cruise,False,5.41,True,492.2283035865353,2.076509659044567,472.6283821419297,1.0651515018332,False,True,True,True,False,True,True,False,0.0,False,42.6817283906333,-2.944559999632688,-0.0146303617507382,29.895344243877602,False,False,0.0023256834693866587,True,False,False,0.0,47.98989974614755,3.68,79.58999315376751,-2.0,0.0,0.0,0.0,0.0,0.0,0.0,0.0,0.0,0.0,0.0,0.0,0.0,0.0,0.0,0.0,0.0
2,7,0.12733238936073032,0.016344336552149688,9.793393320762862,0.09535120724430529,cruise,False,5.83,True,492.06613083558506,2.073538315577433,473.4173031412789,1.0617395210661928,False,True,True,True,False,True,True,False,0.0,False,46.16918490979359,-2.9910328162324333,-0.011940838082706408,29.923829056548556,False,False,0.001692687632254339,True,False,False,0.0,50.92989974614756,3.68,79.58999315376751,-2.0,0.0,0.0,0.0,0.0,0.0,0.0,0.0,0.0,0.0,0.0,0.0,0.0,0.0,0.0,0.0,0.0
2,8,0.06140403564087142,0.05784122536191783,9.805894553441975,0.003938893776998608,cruise,False,6.25,True,491.78006916864985,2.0749335381515537,473.32448115974,1.0497406031575085,False,True,True,True,False,True,True,False,0.0,False,49.65897092780203,-3.028843902658476,-0.009767735075071024,29.923703372631245,False,False,0.0016954806081945864,True,False,False,0.0,53.869899746147574,3.68,79.58999315376751,-2.0,0.0,0.0,0.0,0.0,0.0,0.0,0.0,0.0,0.0,0.0,0.0,0.0,0.0,0.0,0.0,0.0
2,9,0.3128394575284525,0.046933831414475186,9.783192479648875,0.12302073332349092,swerve_right,False,6.66,True,492.25269274745074,2.0689713821626268,473.84528940364123,1.0502971909643697,False,True,True,True,False,True,True,False,0.0,False,53.06707758258187,-3.05917249465763,-0.007988960528425695,29.96658872916145,False,False,0.0007424726853010895,True,False,False,0.0,56.739899746147586,3.68,79.58999315376751,-2.0,0.0,0.0,0.0,0.0,0.0,0.0,0.0,0.0,0.0,0.0,0.0,0.0,0.0,0.0,0.0,0.0
2,10,2.5226593626832146,-0.8066354335168265,9.408764786970453,2.0643021198259484,keep,False,7.06,True,540.6023499968919,2.037886052276649,424.4557823939191,1.0171641669563813,False,True,False,True,False,True,True,False,0.0,False,56.218505793338,-3.1572563664199613,-0.0672352184298834,27.22528022349266,False,False,-0.06166043947794093,True,False,False,0.0,59.6098997461476,3.68,79.58999315376751,-2.0,0.0,0.0,0.0,0.0,0.0,0.0,0.0,0.0,0.0,0.0,0.0,0.0,0.0,0.0,0.0,0.0
2,11,-4.856113110690478,2.445079745682003,9.65334214890678,0.3410333331672637,cruise,False,7.5,True,570.195435079253,1.9808290401284872,409.14170706838496,1.0675298515895075,False,True,True,True,False,True,True,False,0.0,False,59.5547277136072,-3.474011829338241,-0.10067113890098046,25.975053787681382,False,False,0.08944324916263592,True,False,False,0.0,62.61989974614761,3.68,79.58999315376751,-2.0,0.0,0.0,0.0,0.0,0.0,0.0,0.0,0.0,0.0,0.0,0.0,0.0,0.0,0.0,0.0,0.0
2,12,2.0960035886225135,1.1262455298551346,9.84544837590686,0.5190713442230684,keep,False,7.93,True,524.6354051326393,1.9996717429107487,436.0861163482005,1.022353370317571,False,True,False,True,True,True,True,False,0.0,False,62.75699043491363,-3.6819122119721817,-0.02982953312013168,27.60576635249034,False,False,0.05320519216688143,True,False,False,0.0,65.62989974614746,3.68,79.58999315376751,-2.0,0.0,0.0,0.0,0.0,0.0,0.0,0.0,0.0,0.0,0.0,0.0,0.0,0.0,0.0,0.0,0.0
2,13,1.1162948451791992,0.34066969104087225,9.822552297270825,0.12612010355045808,keep,False,8.35,True,494.6658887732745,1.9974587235110561,457.1014282680462,0.9434705335347288,False,True,False,True,True,True,True,False,0.0,False,66.08548993325324,-3.7002002108674055,0.011897747216279501,29.25091905079621,False,False,0.01664624331563979,True,False,False,0.0,68.56989974614717,3.68,79.58999315376751,-2.0,0.0,0.0,0.0,0.0,0.0,0.0,0.0,0.0,0.0,0.0,0.0,0.0,0.0,0.0,0.0,0.0
2,14,0.14605764609286245,-0.0067739014448218275,9.801657018625049,0.1608287201792657,keep,False,8.78,True,477.579105178659,1.9718212163110582,474.379600466545,0.960496761210579,False,True,False,True,True,True,True,False,0.0,False,69.63021983491694,-3.6294774398775362,0.024028348472038687,29.904396833300872,False,False,-0.0021245148155362267,True,False,False,0.0,71.57989974614688,3.68,79.58999315376751,-2.0,0.0,0.0,0.0,0.0,0.0,0.0,0.0,0.0,0.0,0.0,0.0,0.0,0.0,0.0,0.0,0.0
2,15,-0.22227309423725256,0.0450398603314033,9.92258970430237,3.33705962396863,keep,False,9.21,True,427.66560487062856,1.9542381162197366,403.6083774559579,0.8649115910559539,False,True,False,True,True,True,True,False,0.0,False,73.14258204791713,-3.534954960969796,0.03407837619800053,29.25679986181792,False,False,0.016515558626268415,True,False,False,0.0,74.58989974614659,3.68,79.58999315376751,-2.0,0.0,0.0,0.0,0.0,0.0,0.0,0.0,0.0,0.0,0.0,0.0,0.0,0.0,0.0,0.0,0.0
2,16,-12.733571316363921,-9.784513398816916,19.915101275246933,13.244450672977624,keep,False,9.62,True,379.4766811155197,2.0724520403584745,223.8094233761292,0.4719825834597123,False,True,False,True,True,True,True,False,0.0,False,74.99274856994616,-3.5148477205466464,0.11231259905827196,27.154858846417177,False,False,0.06322535896850716,False,False,False,0.0,77.4598997461463,3.68,79.58999315376751,-2.0,0.0,0.0,0.0,0.0,0.0,0.0,0.0,0.0,0.0,0.0,0.0,0.0,0.0,0.0,0.0,0.0
3,1,3.9038926558821956,1.4575028971335529,9.771116025849112,0.09798598883488654,cruise,False,3.88,True,462.6378748564829,2.1524206292784696,486.5211038491168,1.1171599223837725,False,True,True,True,False,False,True,True,0.0,False,20.99196190378652,-2.521788806040313,-0.007105538673981033,29.15910554814413,False,False,0.1196303672906571,True,False,False,0.0,36.0984167508188,3.68,81.6752101167062,-2.0,0.0,0.0,0.0,0.0,0.0,0.0,0.0,0.0,0.0,0.0,0.0,0.0,0.0,0.0,0.0,0.0
3,2,4.032443981075811,-0.20894768604898206,9.771068689810313,0.0029682193192849347,cruise,False,4.3,True,455.4031076138333,2.1412708093408046,490.3111526458026,1.1185118650557706,False,True,True,True,False,False,True,True,0.0,False,23.12031395991466,-2.5178334325130556,-0.0023354396123326524,28.794280809789804,False,False,-0.026793759782448814,True,False,False,0.0,39.03841675081881,3.68,81.6752101167062,-2.0,0.0,0.0,0.0,0.0,0.0,0.0,0.0,0.0,0.0,0.0,0.0,0.0,0.0,0.0,0.0,0.0
3,3,4.063030654063723,-0.15498095409974674,9.775791980054965,0.004276831092369532,cruise,False,4.7,True,473.9100926648833,2.1432995246343554,476.4641565097053,1.118140879036624,False,True,True,True,False,False,True,True,0.0,False,25.87373320560089,-2.553255802594738,-0.019667662345209884,29.508367079871725,False,False,-0.010925176002850577,True,False,False,0.0,41.90841675081882,3.68,81.6752101167062,-2.0,0.0,0.0,0.0,0.0,0.0,0.0,0.0,0.0,0.0,0.0,0.0,0.0,0.0,0.0,0.0,0.0
3,4,-0.3492030258164506,-0.0421231926645971,9.700910760849,0.3166836744989509,cruise,False,5.13,True,492.862109501585,2.1279089293980653,475.57081287317317,1.1008446247931258,False,True,True,True,False,False,True,True,0.0,False,29.285511523573298,-2.6374338505014125,-0.02733659215485337,29.966117761181472,False,False,-0.0007529386404117404,True,False,False,0.0,44.848416750818835,3.68,81.6752101167062,-2.0,0.0,0.0,0.0,0.0,0.0,0.0,0.0,0.0,0.0,0.0,0.0,0.0,0.0,0.0,0.0,0.0
3,5,0.002553526083768125,-0.11163567888918237,9.8266374226884,0.04035959582063887,cruise,False,5.54,True,494.64546581906,2.1123321910614106,471.17075248463277,1.0982456750265084,False,True,True,True,False,False,True,True,0.0,False,32.6886805885301,-2.730353883108714,-0.026161497717303164,29.84394972447488,False,False,0.003467783900558302,True,False,False,0.0,47.71841675081885,3.68,81.6752101167062,-2.0,0.0,0.0,0.0,0.0,0.0,0.0,0.0,0.0,0.0,0.0,0.0,0.0,0.0,0.0,0.0,0.0
3,6,0.022161893575680155,0.055589915440615326,9.837525528315435,0.01819582734112279,cruise,False,5.9399999999999995,True,495.04615588774004,2.1066908901735957,471.5461591313782,1.0824251678206633,False,True,True,True,False,False,True,True,0.0,False,36.00232445341673,-2.8111458476489557,-0.022359896710642334,29.826804725117483,False,False,0.003848783886278185,True,False,False,0.0,50.51841675081886,3.68,81.6752101167062,-2.0,0.0,0.0,0.0,0.0,0.0,0.0,0.0,0.0,0.0,0.0,0.0,0.0,0.0,0.0,0.0,0.0
3,7,0.051842851004963324,0.06743569342798977,9.816809370841067,0.0013955047701871136,cruise,False,6.33,True,494.33477871224136,2.092132260051041,471.3739422954971,1.0802570066882504,False,True,True,True,False,False,True,True,0.0,False,39.233648707991705,-2.877011125765775,-0.018450784687684175,29.854176152034853,False,False,0.003240529954781038,True,False,False,0.0,53.24841675081887,3.68,81.6752101167062,-2.0,0.0,0.0,0.0,0.0,0.0,0.0,0.0,0.0,0.0,0.0,0.0,0.0,0.0,0.0,0.0,0.0
3,8,0.11331591786946978,-0.03879540271293881,9.81027514916015,0.06462536228331518,cruise,False,6.73,True,492.9590095918224,2.084661649187052,472.6526790114189,1.0654737190535974,False,True,True,True,False,True,True,True,0.0,False,42.63540473508997,-2.933810968607184,-0.015148325217910921,29.91855341368317,False,False,0.0018099241403740321,True,False,False,0.0,56.11841675081888,3.68,81.6752101167062,-2.0,0.0,0.0,0.0,0.0,0.0,0.0,0.0,0.0,0.0,0.0,0.0,0.0,0.0,0.0,0.0,0.0
3,9,0.026925273789781677,-0.0085388610365616,9.797639203574034,0.07688100837927606,cruise,False,7.16,True,492.8845065087321,2.0806883938872933,473.0689505538791,1.0627510760510315,False,True,True,True,False,True,True,True,0.0,False,46.122635420433696,-2.9823409562373335,-0.012550556438588772,29.88202210788917,False,False,0.0026217309357962145,True,False,False,0.0,59.05841675081889,3.68,81.6752101167062,-2.0,0.0,0.0,0.0,0.0,0.0,0.0,0.0,0.0,0.0,0.0,0.0,0.0,0.0,0.0,0.0,0.0
3,10,0.023011494111097933,0.05813778584664617,9.802587054164645,0.005409459173158381,cruise,False,7.58,True,492.65667814663465,2.075768049523354,473.8521669671321,1.0512424240977956,False,True,True,True,False,True,True,True,0.0,False,49.612842914465446,-3.0219785487334203,-0.010375554092239387,29.926833556754154,False,False,0.001625920961018735,True,False,False,0.0,61.998416750818905,3.68,81.6752101167062,-2.0,0.0,0.0,0.0,0.0,0.0,0.0,0.0,0.0,0.0,0.0,0.0,0.0,0.0,0.0,0.0,0.0
3,11,0.06987742400691685,0.05974832198481316,9.806415133983549,0.032965007991453785,cruise,False,7.99,True,491.91387215389256,2.0632821858150017,472.4599381271089,1.0509877629717816,False,True,True,True,False,True,True,True,0.0,False,53.01951482032003,-3.054254596569036,-0.008415185024262212,29.91427114700974,False,False,0.0019050856220058576,True,False,False,0.0,64.86841675081882,3.68,81.6752101167062,-2.0,0.0,0.0,0.0,0.0,0.0,0.0,0.0,0.0,0.0,0.0,0.0,0.0,0.0,0.0,0.0,0.0
3,12,-3.528509173853661,-1.7668214562091717,10.028087719182086,0.515777485896944,swerve_right,False,8.41,True,490.9351480631825,2.06131335981338,473.44044466229604,1.0479065050318677,False,True,False,True,False,True,True,True,0.0,False,56.504717178065434,-3.0807502105303697,-0.00929336888970699,25.52013277115566,False,False,-0.09955260508542987,True,False,True,7.0,67.80841675081854,3.68,81.6752101167062,-2.0,0.0,0.0,0.0,0.0,0.0,0.0,0.0,0.0,0.0,0.0,0.0,0.0,0.0,0.0,0.0,0.0
3,13,-3.782581766257727,-0.08261575849062328,9.861822831148945,0.04079929309014918,swerve_right,False,8.82,True,512.2942207579451,2.049692300054962,462.452343656633,1.0296001176285603,False,True,False,True,False,True,True,True,0.0,False,59.48621781776556,-3.1442683228814747,-0.02386039124951067,0.0,False,False,0.0,True,False,True,5.0,70.67841675081826,3.68,81.6752101167062,-2.0,0.0,0.0,0.0,0.0,0.0,0.0,0.0,0.0,0.0,0.0,0.0,0.0,0.0,0.0,0.0,0.0
3,14,-3.9809301764564595,-0.002671041753591544,9.789758324220124,0.01083312209688702,swerve_right,False,9.22,True,514.4559486487768,2.039708394766647,458.88501433675486,1.0285553349654095,False,True,False,True,False,True,True,True,0.0,False,61.800572531469726,-3.1999180869635153,-0.023893845136344412,0.0,False,False,0.0,True,False,True,7.0,73.54841675081798,3.68,81.6752101167062,-2.0,0.0,0.0,0.0,0.0,0.0,0.0,0.0,0.0,0.0,0.0,0.0,0.0,0.0,0.0,0.0,0.0
3,15,-3.975110537355809,0.0010473463852877054,9.804520546305602,0.0008377086551679717,swerve_right,False,9.63,True,514.5035897174791,2.0329101457182492,457.92239486451194,1.0157116241533732,False,True,False,True,False,True,True,True,0.0,False,63.41570776061943,-3.2386265343097396,-0.023748996830090505,0.0,False,False,0.0,True,False,True,7.0,76.4184167508177,3.68,81.6752101167062,-2.0,0.0,0.0,0.0,0.0,0.0,0.0,0.0,0.0,0.0,0.0,0.0,0.0,0.0,0.0,0.0,0.0
3,16,-3.9687606169104668,0.0006139229763083415,9.80988373342536,0.00022228743195990092,swerve_right,False,10.05,True,514.462278614458,2.02853327871025,456.12777469960736,1.0129598524689616,False,True,False,True,False,True,True,True,0.0,False,64.42855973144312,-3.262843463546625,-0.023597192456221196,0.0,False,False,0.0,True,False,True,7.0,79.28841675081742,3.68,81.6752101167062,-2.0,0.0,0.0,0.0,0.0,0.0,0.0,0.0,0.0,0.0,0.0,0.0,0.0,0.0,0.0,0.0,0.0
3,17,-1.808212387611867,0.004795971039113703,9.628370319614163,0.3910021866908129,swerve_right,False,10.47,True,513.6378872775891,2.020078892150525,455.9938200743986,1.0124997206898563,False,True,False,True,False,True,True,True,0.0,False,64.74253468752967,-3.270449158312125,-0.023457775233699463,0.0,False,False,0.0,True,False,True,5.0,82.22841675081713,3.68,81.6752101167062,-2.0,0.0,0.0,0.0,0.0,0.0,0.0,0.0,0.0,0.0,0.0,0.0,0.0,0.0,0.0,0.0,0.0
3,18,-0.1347194776894297,0.00030725231629108,9.772050258338059,0.037245689396415566,swerve_right,False,10.89,True,507.0747582150715,2.0254697265533896,449.7526135680337,1.0128813803562613,False,True,False,True,False,True,True,True,0.0,False,64.74076044529316,-3.270402145289513,-0.023460288578206902,0.0,False,False,0.0,True,False,True,5.0,85.16841675081685,3.68,81.6752101167062,-2.0,0.0,0.0,0.0,0.0,0.0,0.0,0.0,0.0,0.0,0.0,0.0,0.0,0.0,0.0,0.0,0.0
3,19,0.06948269073667798,1.5142095989873853e-05,9.8353772128215,0.005509999398450221,swerve_right,False,11.3,True,507.2334730117883,2.0212090253088775,449.5516618706721,1.012745294584659,False,True,False,True,False,True,True,True,0.0,False,64.74065320319517,-3.270399502370443,-0.02346028891133772,0.0,False,False,0.0,True,False,True,5.0,88.03841675081657,3.68,81.6752101167062,-2.0,0.0,0.0,0.0,0.0,0.0,0.0,0.0,0.0,0.0,0.0,0.0,0.0,0.0,0.0,0.0,0.0
3,20,0.05026846455978677,7.102568444137406e-07,9.814371128108416,0.0012047487558748114,swerve_right,False,11.7,True,509.0865680283052,2.03241554407675,449.7526135680337,1.0128813803562613,False,True,False,True,False,True,True,True,0.0,False,64.7406898859697,-3.27040035702986,-0.0234602889269672,0.0,False,False,0.0,True,False,True,5.0,90.90841675081629,3.68,81.6752101167062,-2.0,0.0,0.0,0.0,0.0,0.0,0.0,0.0,0.0,0.0,0.0,0.0,0.0,0.0,0.0,0.0,0.0
3,21,0.04404846599998802,1.1884629263344142e-08,9.809872191269207,1.580894240785151e-06,change_to_left,False,12.11,True,508.00324522660895,2.0317145263171628,449.48790433190254,1.0128813803562613,False,True,False,True,True,True,True,True,0.0,False,64.7406910175006,-3.2704003832738158,-0.02346028892622966,0.0,True,False,0.0,True,False,False,-1.0,93.70841675081601,3.68,81.6752101167062,-2.0,0.0,0.0,0.0,0.0,0.0,0.0,0.0,0.0,0.0,0.0,0.0,0.0,0.0,0.0,0.0,0.0
3,22,4.304354152563611,0.2589297429539238,9.898563297842006,0.10000176626905054,change_to_left,False,12.53,True,497.2934289575876,2.029951420015402,445.8674012791995,1.013032316839665,False,True,False,True,True,True,True,True,0.0,False,64.92564145072507,-3.272934974805961,-0.018273685478857143,30.0,True,False,0.1162617373233272,True,False,False,-1.0,96.64841675081573,3.68,81.6752101167062,-2.0,0.0,0.0,0.0,0.0,0.0,0.0,0.0,0.0,0.0,0.0,0.0,0.0,0.0,0.0,0.0,0.0
3,23,4.08192300943618,0.4403206288975,9.800533881192239,0.016878343507991722,change_to_left,False,12.95,True,481.04525445895695,2.040561828431015,469.77542091498736,1.0254507366900913,False,True,False,True,True,True,True,True,0.0,False,65.78358446659442,-3.270789179482271,0.011401709425409273,30.0,True,False,0.1162617373233272,True,False,False,-1.0,99.58841675081544,3.68,81.6752101167062,-2.0,0.0,0.0,0.0,0.0,0.0,0.0,0.0,0.0,0.0,0.0,0.0,0.0,0.0,0.0,0.0,0.0
3,24,4.000753115207873,0.8206694309458269,9.765982928713706,0.024411545011547523,change_to_left,False,13.36,True,437.6758817692847,2.0542169675730713,495.6986941417439,1.0858355491853198,False,True,False,True,True,True,True,True,0.0,False,67.28972151833716,-3.20550868502161,0.06372838258932989,30.0,True,False,0.1162617373233272,True,False,False,-1.0,102.45841675081516,3.68,81.6752101167062,-2.0,0.0,0.0,0.0,0.0,0.0,0.0,0.0,0.0,0.0,0.0,0.0,0.0,0.0,0.0,0.0,0.0
3,25,3.9362522911257516,1.4194681237145768,9.768581508353178,0.034664620218588224,change_to_left,False,13.77,True,361.81188957318113,2.0827305356831833,579.7327553793641,1.0998138859874573,False,True,False,True,True,True,True,True,0.0,False,69.44665228341034,-2.9745618858364646,0.1387803962219182,30.0,True,False,0.1162617373233272,True,False,False,-1.0,105.32841675081488,3.68,81.6752101167062,-2.0,0.0,0.0,0.0,0.0,0.0,0.0,0.0,0.0,0.0,0.0,0.0,0.0,0.0,0.0,0.0,0.0
3,26,3.888368471862905,2.240582848509651,9.767892518587063,0.042042841174285056,change_to_left,False,14.18,True,197.7572675305306,2.216696971867805,532.2465570324663,1.0880127716116315,False,True,False,True,True,True,True,True,0.0,False,72.21974132967557,-2.4331611431392024,0.23756370643778868,30.0,True,False,0.1162617373233272,True,False,False,-1.0,108.1984167508146,3.68,81.6752101167062,-2.0,0.0,0.0,0.0,0.0,0.0,0.0,0.0,0.0,0.0,0.0,0.0,0.0,0.0,0.0,0.0,0.0
3,27,-0.4519134139994835,2.778402642589766,9.68373134160006,0.04558067609649568,change_to_left,False,14.6,True,0.0,0.0,227.13082180585943,-0.5201929177079117,False,True,False,True,True,True,True,True,0.0,False,75.49203219041716,-1.4183368148606657,0.36494300512509337,30.0,True,False,0.1162617373233272,True,False,False,-1.0,111.13841675081432,3.68,81.6752101167062,-2.0,0.0,0.0,0.0,0.0,0.0,0.0,0.0,0.0,0.0,0.0,0.0,0.0,0.0,0.0,0.0,0.0
3,28,-0.6985063225918818,-1.6853440202910845,9.949137936995736,2.9123711330179596,change_to_left,False,15.05,False,0.0,0.0,0.0,0.0,False,False,True,True,True,True,True,True,0.0,False,78.94887970773051,0.19385326960801041,0.49656240825611264,30.0,True,False,-0.1162617373233272,True,False,True,2.0,114.358416750814,3.68,81.6752101167062,-2.0,0.0,0.0,0.0,0.0,0.0,0.0,0.0,0.0,0.0,0.0,0.0,0.0,0.0,0.0,0.0,0.0
3,29,0.04563479950905127,-2.600870361468052,9.831691613368747,0.04571727624318352,cruise,False,15.48,False,287.40694181882316,1.9211565490431302,0.0,0.0,False,False,True,True,True,True,True,True,0.0,False,82.08069817698212,1.719065029637288,0.38964576862143896,30.0,False,False,-0.1162617373233272,True,False,False,0.0,117.29841675081371,3.68,81.6752101167062,-2.0,0.0,0.0,0.0,0.0,0.0,0.0,0.0,0.0,0.0,0.0,0.0,0.0,0.0,0.0,0.0,0.0
3,30,-4.167489733394875,-2.2216140804148767,9.773404437187615,0.061297169529355794,cruise,False,15.88,False,354.48942501952075,1.9804876781792593,673.2359316213899,1.0750090095979603,False,False,True,True,True,True,True,True,0.0,False,84.94529948642834,2.6566081169460145,0.23833623729877712,22.025362015500054,False,False,-0.17721417743333215,True,False,False,0.0,120.09841675081344,3.68,81.6752101167062,-2.0,0.0,0.0,0.0,0.0,0.0,0.0,0.0,0.0,0.0,0.0,0.0,0.0,0.0,0.0,0.0,0.0
3,31,4.628575729531102,-1.546123537333789,9.911157839184515,0.10517379586430867,cruise,False,16.29,False,408.9365491867581,2.02746412112176,562.9505952823811,1.098952207695386,False,False,True,True,True,False,True,True,0.0,False,87.6072745802497,3.1072794555263097,0.10515813446650747,25.73378283138368,False,False,-0.09480482596925158,True,False,False,0.0,122.96841675081316,3.68,81.6752101167062,-2.0,0.0,0.0,0.0,0.0,0.0,0.0,0.0,0.0,0.0,0.0,0.0,0.0,0.0,0.0,0.0,0.0
3,32,0.8993305767056462,-0.6979200054654849,9.879257960353012,0.8903860727040334,change_to_right,False,16.71,False,469.7032865989397,2.041286977489496,511.5809435157257,1.114057209723358,False,True,True,True,True,False,True,True,0.0,False,90.75775023949956,3.2967716736286934,0.02698683090697595,28.324443105988227,False,True,-0.037234597644706095,True,False,False,0.0,125.90841675081288,3.68,81.6752101167062,-2.0,0.0,0.0,0.0,0.0,0.0,0.0,0.0,0.0,0.0,0.0,0.0,0.0,0.0,0.0,0.0,0.0
3,33,-0.20327543061966544,-3.1865295261031648,9.731400350988974,0.10362315491025414,change_to_right,False,17.12,False,514.8900422412407,2.071852246302757,463.1287183993291,1.0944727189710581,False,True,True,True,True,False,True,True,0.0,False,94.01339742312945,3.303124902530596,-0.0434184555472292,28.682504417119695,False,True,-0.12162797684525721,True,False,False,0.0,128.7784167508126,3.68,81.6752101167062,-2.0,0.0,0.0,0.0,0.0,0.0,0.0,0.0,0.0,0.0,0.0,0.0,0.0,0.0,0.0,0.0,0.0
3,34,2.1663767920986277,1.1087562913321118,9.701651471744931,2.9793759915000306,change_to_right,False,17.53,False,606.4297828224808,2.0049581018703537,345.6747616628995,1.0252960615363098,False,True,True,False,True,False,True,True,0.0,False,97.2474718099816,2.959819013384739,-0.16020297553399562,28.682504417119695,False,True,0.12162797684525721,True,False,True,4.0,131.64841675081232,3.68,81.6752101167062,-2.0,0.0,0.0,0.0,0.0,0.0,0.0,0.0,0.0,0.0,0.0,0.0,0.0,0.0,0.0,0.0,0.0
3,35,0.040448579535763626,2.3792074439432045,9.80702176528721,0.06047971347798682,cruise,False,17.93,False,550.6106383615102,1.9560646443880176,400.3534988822791,0.9820282002279368,False,True,True,False,True,False,True,True,0.0,False,100.39680742396186,2.5744066169410753,-0.062219271702230045,28.682504417119695,False,False,0.12162797684525721,True,False,False,0.0,134.44841675081204,3.68,81.6752101167062,-2.0,0.0,0.0,0.0,0.0,0.0,0.0,0.0,0.0,0.0,0.0,0.0,0.0,0.0,0.0,0.0,0.0
3,36,1.9735987687501115,-0.04242311378472297,9.906129464271896,0.6229343814802897,cruise,False,18.33,False,491.65911713233845,1.9898221133974325,467.48218365549855,1.0043959432459368,False,True,True,True,True,False,True,True,0.0,False,103.66245363395754,2.5368306661418893,0.015439723753331192,29.643304417041684,False,False,0.00792656851018483,True,False,False,0.0,137.31841675081176,3.68,81.6752101167062,-2.0,0.0,0.0,0.0,0.0,0.0,0.0,0.0,0.0,0.0,0.0,0.0,0.0,0.0,0.0,0.0,0.0
3,37,-0.13637725460231326,-3.6151363917966677,9.77879720839863,0.30188982908699646,change_to_right,False,18.75,False,503.89037910699096,1.9894049465717742,466.1740927628947,0.996816112909929,False,True,True,True,True,False,True,True,0.0,False,107.13607023707574,2.6045485784458813,0.00022566149410943397,29.78469492279477,False,True,-0.11710600922881895,True,False,False,0.0,140.25841675081148,3.68,81.6752101167062,-2.0,0.0,0.0,0.0,0.0,0.0,0.0,0.0,0.0,0.0,0.0,0.0,0.0,0.0,0.0,0.0,0.0
3,38,-0.05771679959104465,-2.695969054573421,9.784840470113275,0.014331147611980777,change_to_right,False,19.17,False,583.7167077877223,1.9388217075134508,321.9622893151227,0.9383527205369587,False,True,True,False,True,False,True,True,0.0,False,110.58212422099638,2.3988704178245217,-0.12585433536355242,29.78469492279477,False,True,-0.11710600922881895,True,False,True,4.0,143.1984167508112,3.68,81.6752101167062,-2.0,0.0,0.0,0.0,0.0,0.0,0.0,0.0,0.0,0.0,0.0,0.0,0.0,0.0,0.0,0.0,0.0
3,39,-0.06820736963908831,2.3903098208825186,9.746871805034955,0.0614458002335064,cruise,False,19.61,False,555.0676484619441,1.9150843598357352,341.0231895478745,0.8437130956058104,False,True,True,False,True,True,True,True,0.0,False,114.10999775701862,1.9775444181792476,-0.06411694545484403,29.78469492279477,False,False,0.11710600922881895,True,False,False,0.0,146.2084167508109,3.68,81.6752101167062,-2.0,0.0,0.0,0.0,0.0,0.0,0.0,0.0,0.0,0.0,0.0,0.0,0.0,0.0,0.0,0.0,0.0
3,40,1.6631181786944131,0.4089662000376928,9.794965566404395,0.2178295143442729,cruise,False,20.03,False,498.8768552001631,1.9367419114866453,451.809437831084,0.8760321884023377,False,True,True,True,True,True,True,True,0.0,False,117.4562642459504,1.9485408190279996,0.03265404028670611,28.77835988907836,False,False,0.027147558020480925,True,False,False,0.0,149.1484167508106,3.68,81.6752101167062,-2.0,0.0,0.0,0.0,0.0,0.0,0.0,0.0,0.0,0.0,0.0,0.0,0.0,0.0,0.0,0.0,0.0
3,41,-0.5379344631517496,-0.25431089308433363,9.634721625723916,0.18733741986809987,cruise,False,20.44,False,487.8659670835294,1.9546914506695625,486.592088856062,0.9212975269125513,False,True,True,True,True,True,True,True,0.0,False,120.90237113271459,2.1054461310285024,0.04895954900861248,29.712412079464308,False,False,-0.006390842678570998,True,False,False,0.0,152.08841675081032,3.68,81.6752101167062,-2.0,0.0,0.0,0.0,0.0,0.0,0.0,0.0,0.0,0.0,0.0,0.0,0.0,0.0,0.0,0.0,0.0
3,42,-0.18184734685862003,-0.17887302189425475,9.811218868602129,0.25610456048755137,cruise,False,20.88,False,485.34704228078454,1.9689412447136938,480.74286533961083,0.9657149014051731,False,True,True,True,True,True,True,True,0.0,False,124.44149196186346,2.2674585653362755,0.04166024825377106,29.58862258540838,False,False,-0.009141720324258218,True,False,False,0.0,155.09841675081003,3.68,81.6752101167062,-2.0,0.0,0.0,0.0,0.0,0.0,0.0,0.0,0.0,0.0,0.0,0.0,0.0,0.0,0.0,0.0,0.0
3,43,0.156102246752588,-0.1576252424975071,9.826278355805478,0.15348162776786597,cruise,False,21.3,False,486.6467500085935,1.9733036506535326,485.75946757164405,0.9692346844742039,False,True,True,True,True,True,True,True,0.0,False,127.89908839246769,2.39690864343182,0.033037534500262644,29.722634778918998,False,False,-0.006163671579577826,True,False,False,0.0,158.03841675080974,3.68,81.6752101167062,-2.0,0.0,0.0,0.0,0.0,0.0,0.0,0.0,0.0,0.0,0.0,0.0,0.0,0.0,0.0,0.0,0.0
3,44,0.1712411584061867,-0.09940450188235833,9.817477621591932,0.18363746187513094,cruise,False,21.72,False,489.9968440299159,1.9886440369272305,482.87810834567154,0.9835526611111115,False,True,True,True,True,True,True,True,0.0,False,131.36478315021944,2.4979182321099436,0.02558711753578846,29.809625036399467,False,False,-0.004230554746678557,True,False,False,0.0,160.97841675080946,3.68,81.6752101167062,-2.0,0.0,0.0,0.0,0.0,0.0,0.0,0.0,0.0,0.0,0.0,0.0,0.0,0.0,0.0,0.0,0.0
3,45,-0.0557224440404707,-0.13164472078124687,9.78695607065728,0.09821736719535396,cruise,False,22.14,False,490.56562160550067,1.988825139534856,484.1769194834501,1.0001899295372765,False,True,True,True,True,True,True,True,0.0,False,134.84391889692884,2.579129097956871,0.02113520656544543,29.779444144967194,False,False,-0.004901241222951246,True,False,False,0.0,163.91841675080917,3.68,81.6752101167062,-2.0,0.0,0.0,0.0,0.0,0.0,0.0,0.0,0.0,0.0,0.0,0.0,0.0,0.0,0.0,0.0,0.0
3,46,0.059222402563722784,0.04213769012602251,9.826766267464544,0.0668451903914244,cruise,False,22.56,False,498.42733187220324,1.9550132533666247,481.9726647749023,1.0182607950182818,False,True,True,True,True,True,True,True,0.0,False,138.32426861648972,2.644058266933654,0.01706109866062821,29.914326513350805,False,False,-0.0019038552588710811,True,False,False,0.0,166.85841675080889,3.68,81.6752101167062,-2.0,0.0,0.0,0.0,0.0,0.0,0.0,0.0,0.0,0.0,0.0,0.0,0.0,0.0,0.0,0.0,0.0
3,47,0.07668303344892555,-0.06925511920530845,9.819749120900102,0.017238610103298614,cruise,False,22.99,False,491.800840673707,2.0065030155871035,481.80801421247565,1.0176420562316082,False,True,True,True,True,True,True,True,0.0,False,141.8911485276772,2.700187254329314,0.014036951879242313,29.87347413878857,False,False,-0.00281168580469847,True,False,False,0.0,169.8684167508086,3.68,81.6752101167062,-2.0,0.0,0.0,0.0,0.0,0.0,0.0,0.0,0.0,0.0,0.0,0.0,0.0,0.0,0.0,0.0,0.0
3,48,-0.0940761844981843,-2.0450345430508423,9.825306697392508,0.15981571203029132,change_to_right,False,23.4,False,490.7744980506937,2.003793052280719,480.8999016955406,1.0296769138653727,False,True,True,True,True,True,True,True,0.0,False,145.3785181301663,2.7440416386684947,0.005152137707762365,29.913276454174557,False,True,-0.11660033299048712,True,False,False,-1.0,172.8084167508083,3.68,81.6752101167062,-2.0,0.0,0.0,0.0,0.0,0.0,0.0,0.0,0.0,0.0,0.0,0.0,0.0,0.0,0.0,0.0,0.0
3,49,-0.024380510218778698,-2.6115420849730446,9.806980497090024,0.03603221425262431,change_to_right,False,23.82,False,572.1405328245203,1.9708180217128166,367.06826329074573,0.979870060824667,False,True,False,True,True,True,True,True,0.0,False,148.76221315148982,2.5850972232458775,-0.1106527044755705,29.913276454174557,False,True,-0.11660033299048712,True,False,False,-1.0,175.67841675080803,3.68,81.6752101167062,-2.0,0.0,0.0,0.0,0.0,0.0,0.0,0.0,0.0,0.0,0.0,0.0,0.0,0.0,0.0,0.0,0.0
3,50,-0.04603211994919114,-2.6652121543789833,9.791999939788651,0.002312585434070706,change_to_right,False,24.22,False,647.8333668277887,1.903416018368809,132.81138422532436,0.7888962713879348,False,True,True,True,False,True,True,True,0.0,False,152.09347656150226,1.9986141284327772,-0.24004319707317734,29.913276454174557,False,True,-0.11660033299048712,True,False,False,-1.0,178.54841675080775,3.68,81.6752101167062,-2.0,0.0,0.0,0.0,0.0,0.0,0.0,0.0,0.0,0.0,0.0,0.0,0.0,0.0,0.0,0.0,0.0
3,51,-0.045195540878577016,-2.6699049578191385,9.793657039463886,4.6003809343159745e-05,change_to_right,False,24.65,False,0.0,0.0,0.0,0.0,False,True,True,True,False,True,True,True,0.0,False,155.39787028718754,0.9567133918213774,-0.372818787683504,29.913276454174557,False,True,-0.11660033299048712,True,False,False,-1.0,181.48841675080746,3.68,81.6752101167062,-2.0,0.0,0.0,0.0,0.0,0.0,0.0,0.0,0.0,0.0,0.0,0.0,0.0,0.0,0.0,0.0,0.0
3,52,-0.4419157458434773,3.7144025961838296,9.745328220336013,0.2629436823770174,change_to_right,False,25.1,True,0.0,0.0,318.30856165847695,1.2600950462908789,False,True,True,True,True,True,True,True,0.0,False,158.8019303506112,-0.5728844228655814,-0.4091532207125603,29.913276454174557,False,True,0.11660033299048712,True,False,True,1.0,184.63841675080715,3.68,81.6752101167062,-2.0,0.0,0.0,0.0,0.0,0.0,0.0,0.0,0.0,0.0,0.0,0.0,0.0,0.0,0.0,0.0,0.0
3,53,-3.8227280056214847,3.9818990638177856,10.05729428651821,0.8290645038795246,cruise,False,25.52,True,716.9517348273293,2.2344368924018836,334.1129248790265,1.1739648867372647,False,True,True,True,True,True,True,True,0.0,False,162.13101009625157,-1.7708298471971793,-0.2747537567805198,21.21654621628994,False,False,0.19518786186022358,True,False,False,0.0,187.64841675080686,3.68,81.6752101167062,-2.0,0.0,0.0,0.0,0.0,0.0,0.0,0.0,0.0,0.0,0.0,0.0,0.0,0.0,0.0,0.0,0.0
3,54,2.476854948425559,1.277460300514002,9.84241530675077,0.9252927574388453,cruise,False,25.94,True,575.5906718873024,2.1449006089551843,407.5563418450341,1.1187163251511993,False,True,True,True,False,True,True,True,0.0,False,165.11459123441736,-2.3593514720941013,-0.12618409476060516,25.73930361179145,False,False,0.09468214196018994,True,False,False,0.0,190.58841675080657,3.68,81.6752101167062,-2.0,0.0,0.0,0.0,0.0,0.0,0.0,0.0,0.0,0.0,0.0,0.0,0.0,0.0,0.0,0.0,0.0
3,55,1.093463808268063,0.4902018670782559,9.711262680364014,1.0492895689235726,cruise,False,26.37,True,516.6227401658916,2.120670534431544,451.40255537286305,1.099575836982315,False,True,True,True,False,True,True,True,0.0,False,168.29680513417324,-2.6267641601280594,-0.05440934294921785,28.68742985040303,False,False,0.029168225546599327,True,False,False,0.0,193.5284167508063,3.68,81.6752101167062,-2.0,0.0,0.0,0.0,0.0,0.0,0.0,0.0,0.0,0.0,0.0,0.0,0.0,0.0,0.0,0.0,0.0
3,56,0.3606896348985483,0.2139247661876185,9.804936883729244,0.4943746813706924,cruise,False,26.76,True,499.89031531192813,2.1152186541923412,466.77072748400565,1.0878632957762113,False,True,True,True,False,True,True,True,0.0,False,171.53868939731035,-2.7563621352861083,-0.030077010068849462,29.56603125335874,False,False,0.009643749925361312,True,False,False,0.0,196.328416750806,3.68,81.6752101167062,-2.0,0.0,0.0,0.0,0.0,0.0,0.0,0.0,0.0,0.0,0.0,0.0,0.0,0.0,0.0,0.0,0.0
3,57,0.025630145648589134,0.09083701222754567,9.811948063494086,0.02469258338617743,cruise,False,27.19,True,494.1043745389529,2.103188845263474,471.30102101511477,1.0811757818523464,False,True,True,True,False,True,True,True,0.0,False,175.0868202089725,-2.843614703839208,-0.020818836985501566,29.789653626116447,False,False,0.004674363864078951,True,False,False,0.0,199.33841675080572,3.68,81.6752101167062,-2.0,0.0,0.0,0.0,0.0,0.0,0.0,0.0,0.0,0.0,0.0,0.0,0.0,0.0,0.0,0.0,0.0
3,58,0.18946001136659602,0.07184634133915051,9.79711501985707,0.07742415524068869,cruise,False,27.63,True,493.4882049007068,2.0879606101675483,473.1027740628273,1.0664489617697364,False,True,True,True,False,True,True,True,0.0,False,178.73334205816707,-2.910631726316453,-0.01625731881427435,29.8783154817057,False,False,0.00270410040653991,True,False,False,0.0,202.41841675080542,3.68,81.6752101167062,-2.0,0.0,0.0,0.0,0.0,0.0,0.0,0.0,0.0,0.0,0.0,0.0,0.0,0.0,0.0,0.0,0.0
3,59,0.0534682117027452,0.33653352310943757,9.849383596189993,0.26874783193506796,cruise,False,28.07,True,491.5762207846588,2.08132636568279,472.8061951540875,1.0644586993392249,False,True,True,True,False,True,True,True,0.0,False,182.30447189993538,-2.9632739195044375,-0.013434798811102005,29.90802628763157,False,False,0.002043860274853966,True,False,False,0.0,205.42841675080513,3.68,81.6752101167062,-2.0,0.0,0.0,0.0,0.0,0.0,0.0,0.0,0.0,0.0,0.0,0.0,0.0,0.0,0.0,0.0,0.0
3,60,0.03459017445440722,0.43560114390242377,9.778222936962829,0.05786172873312169,cruise,False,28.49,True,492.24248891436656,2.0714565239830556,472.4347381863239,1.0612258057236532,False,True,True,True,False,True,True,True,0.0,False,185.79276115441465,-3.0064685642111564,-0.01109264030689082,29.895609756196958,False,False,0.002319783195623157,True,False,False,0.0,208.36841675080484,3.68,81.6752101167062,-2.0,0.0,0.0,0.0,0.0,0.0,0.0,0.0,0.0,0.0,0.0,0.0,0.0,0.0,0.0,0.0,0.0
3,61,0.04454517398946632,0.046117773003802764,9.801049522599692,0.024289548211548027,cruise,False,28.9,True,491.8198972326019,2.0698450474711168,473.8634406265939,1.051551458093986,False,True,True,True,False,True,True,True,0.0,False,189.28385280890575,-3.040947676747358,-0.009032579158198184,29.948937204861714,False,False,0.0011347287808508102,True,False,False,0.0,211.30841675080455,3.68,81.6752101167062,-2.0,0.0,0.0,0.0,0.0,0.0,0.0,0.0,0.0,0.0,0.0,0.0,0.0,0.0,0.0,0.0,0.0
3,62,0.1509346156465984,0.02569910003993753,9.81778470098223,0.07162883800820011,cruise,False,29.31,True,491.38800216219585,2.072083051248985,473.61822968498996,1.0470375957254756,False,True,True,True,False,True,True,True,0.0,False,192.60925999847296,-3.068488134110661,-0.007413854708337482,29.994430377914846,False,False,-0.00012376937967009113,True,False,False,0.0,214.10841675080428,3.68,81.6752101167062,-2.0,0.0,0.0,0.0,0.0,0.0,0.0,0.0,0.0,0.0,0.0,0.0,0.0,0.0,0.0,0.0,0.0
3,63,0.10515499147987895,0.03184040251390298,9.801549591606065,0.034791598990761056,cruise,False,29.71,True,491.3957893318477,2.063183525002069,472.9602289777247,1.0476123131456894,False,True,True,True,False,True,True,True,0.0,False,195.9363847028387,-3.091294223902384,-0.006182767381303618,29.955263669632718,False,False,0.0009941406748284897,True,False,False,0.0,216.908416750804,3.68,81.6752101167062,-2.0,0.0,0.0,0.0,0.0,0.0,0.0,0.0,0.0,0.0,0.0,0.0,0.0,0.0,0.0,0.0,0.0
3,64,0.014020213403977601,0.02971704296535499,9.80652126529026,0.019781550419090688,cruise,False,30.12,True,491.1145716103348,2.0578084001668833,473.0088681304219,1.047542005434062,False,True,True,True,False,True,True,True,0.0,False,199.3468865794192,-3.1104015583948548,-0.005167812650257747,29.941428426119177,False,False,0.0013015905306849322,True,False,False,0.0,219.77841675080373,3.68,81.6752101167062,-2.0,0.0,0.0,0.0,0.0,0.0,0.0,0.0,0.0,0.0,0.0,0.0,0.0,0.0,0.0,0.0,0.0
3,65,0.02677966600189677,0.03819101937814428,9.8086643134263,0.049815728610112305,cruise,False,30.53,True,490.874478148529,2.0588981320842894,473.60138901497163,1.0456006795759982,False,True,True,True,False,True,True,True,0.0,False,202.75602802266218,-3.1258804410426304,-0.003765779048161534,29.917189309602232,False,False,0.0018402375643947807,True,False,False,0.0,222.64841675080345,3.68,81.6752101167062,-2.0,0.0,0.0,0.0,0.0,0.0,0.0,0.0,0.0,0.0,0.0,0.0,0.0,0.0,0.0,0.0,0.0
3,66,0.0558579763903469,0.0028132319654950405,9.808860368834535,0.0336668816453543,cruise,False,30.94,True,490.1582584095637,2.0576163152350553,473.8283134382582,1.045508469760872,False,True,True,True,False,True,True,True,0.0,False,206.1687740049731,-3.1365536835424863,-0.0027436147040224078,29.99166393602323,False,False,0.00018524586615046012,True,False,False,0.0,225.51841675080317,3.68,81.6752101167062,-2.0,0.0,0.0,0.0,0.0,0.0,0.0,0.0,0.0,0.0,0.0,0.0,0.0,0.0,0.0,0.0,0.0
3,67,0.006973542665508287,0.007099370312590968,9.811709294696488,0.07185016346235121,cruise,False,31.36,True,490.1224398414056,2.049078640055636,473.4181853889378,1.0432470149042747,False,True,True,True,False,True,True,True,0.0,False,209.66700856618155,-3.1456224920531635,-0.0024383656396051415,29.97093952405966,False,False,0.0006457883542298643,True,False,False,0.0,228.45841675080288,3.68,81.6752101167062,-2.0,0.0,0.0,0.0,0.0,0.0,0.0,0.0,0.0,0.0,0.0,0.0,0.0,0.0,0.0,0.0,0.0
4,1,0.04364413605783277,1.3216397358470474e-12,9.809403389837748,0.00011013480041642174,,False,0.7,True,460.08295941451354,2.1549545962717858,498.90417770260507,1.1231265739354828,False,False,True,True,False,True,True,False,0.0,False,18.039108907562422,-2.5000000000000004,4.198841600658361e-14,0.0,False,False,0.0,True,False,False,0.0,22.591825066792854,3.68,82.03742166486288,-2.0,0.0,0.0,0.0,0.0,0.0,0.0,0.0,0.0,0.0,0.0,0.0,0.0,0.0,0.0,0.0,0.0
4,2,0.04401108927684706,1.406162604207353e-13,9.809899691390049,1.669324565251449e-07,,False,1.09,True,459.8778471703136,2.1500146125856263,499.1893884097657,1.1184529936272254,False,False,True,True,False,True,True,False,0.0,False,18.03910883407162,-2.4999999999999982,4.115805840388808e-14,0.0,False,False,0.0,True,False,False,0.0,22.591825066792854,3.68,82.03742166486288,-2.0,0.0,0.0,0.0,0.0,0.0,0.0,0.0,0.0,0.0,0.0,0.0,0.0,0.0,0.0,0.0,0.0
4,3,0.04401048541046154,-3.1191095514984494e-14,9.809900454644518,2.0740467553303182e-08,change_to_left,False,1.51,True,458.76567714090635,2.1531051514255335,498.5907149901984,1.1187761007471821,False,False,True,True,False,True,True,False,0.0,False,18.039108856337602,-2.4999999999999982,4.109751886314831e-14,0.0,True,False,0.0,True,False,False,0.0,22.591825066792854,3.68,82.03742166486288,-2.0,0.0,0.0,0.0,0.0,0.0,0.0,0.0,0.0,0.0,0.0,0.0,0.0,0.0,0.0,0.0,0.0
4,4,-2.6618191809399545,-0.06570969169415654,10.273739505637534,0.21444958619669435,change_to_left,False,1.9100000000000001,True,453.05390414460715,2.1616601912624165,494.7829570686174,1.121458256428886,False,False,True,True,False,True,True,False,0.0,False,18.129889301016892,-2.499490954059421,0.0018524809704760265,0.0,True,False,0.0,True,False,True,3.0,25.321825066792865,3.68,82.03742166486288,-2.0,0.0,0.0,0.0,0.0,0.0,0.0,0.0,0.0,0.0,0.0,0.0,0.0,0.0,0.0,0.0,0.0
4,5,5.076532345319303,-0.05386178403975416,10.086454131817733,0.01837814199094688,cruise,False,2.33,True,448.41128454151135,2.154860527656454,490.822145483281,1.1194937704077124,False,False,True,True,False,True,True,True,0.0,False,18.20057561150582,-2.49959663069629,0.0017110820347916184,28.697376778759942,False,False,-0.02894718269422351,True,False,False,0.0,28.261825066792877,3.68,82.03742166486288,-2.0,0.0,0.0,0.0,0.0,0.0,0.0,0.0,0.0,0.0,0.0,0.0,0.0,0.0,0.0,0.0,0.0
4,6,3.9572857890100748,-0.06830816483036231,9.687555508354075,0.05942429644698244,cruise,False,2.71,True,457.53991148325815,2.156888886606734,491.3100360315531,1.1198495480993844,False,False,True,True,False,True,True,True,0.0,False,18.77863658258924,-2.5007942891222266,-0.0029888066047891126,28.908325906437835,False,False,-0.024259424301381467,True,False,False,0.0,30.991825066792888,3.68,82.03742166486288,-2.0,0.0,0.0,0.0,0.0,0.0,0.0,0.0,0.0,0.0,0.0,0.0,0.0,0.0,0.0,0.0,0.0
4,7,4.021244928966979,-0.09296725274166942,9.751267617659758,0.0026456393346860046,cruise,False,3.11,True,466.04578449553844,2.1516868258008723,483.7771486058355,1.1181724533043376,False,False,True,True,False,True,True,True,0.0,False,19.99716207165701,-2.5114330814650834,-0.011727494669791078,29.249710041330033,False,False,-0.016673110192665867,True,False,False,0.0,33.791825066792896,3.68,82.03742166486288,-2.0,0.0,0.0,0.0,0.0,0.0,0.0,0.0,0.0,0.0,0.0,0.0,0.0,0.0,0.0,0.0,0.0
4,8,3.890606815024704,1.7111363260495287,9.785496255915042,0.22199631713077703,cruise,False,3.51,True,472.0374732415833,2.1471304922253376,478.408330507394,1.1172679675950232,False,True,True,True,False,False,True,True,0.0,False,21.79632903312079,-2.540583214869855,-0.014894013248664883,29.36090702660704,False,False,0.11880422750946895,True,False,False,0.0,36.52182506679291,3.68,82.03742166486288,-2.0,0.0,0.0,0.0,0.0,0.0,0.0,0.0,0.0,0.0,0.0,0.0,0.0,0.0,0.0,0.0,0.0
4,9,4.152130763027822,-1.1836387351251951,9.771338679396417,0.22713473362617154,cruise,False,3.7199999999999998,True,450.1439497805888,2.146456029936101,495.83069842354223,1.117896176786236,False,True,True,True,False,False,True,True,0.0,False,23.01309882382873,-2.5392087946653334,0.00655882899215424,28.619599122492268,False,False,-0.03067557505572739,True,False,False,0.0,37.99182506679291,3.68,82.03742166486288,-2.0,0.0,0.0,0.0,0.0,0.0,0.0,0.0,0.0,0.0,0.0,0.0,0.0,0.0,0.0,0.0,0.0
4,10,4.152130763027822,-1.1836387351251951,9.771338679396417,0.22713473362617154,cruise,False,3.7199999999999998,True,450.1439497805888,2.146456029936101,495.83069842354223,1.117896176786236,False,True,True,True,False,False,True,True,0.0,False,23.01309882382873,-2.5392087946653334,0.00655882899215424,28.619599122492268,False,False,-0.03067557505572739,True,False,False,0.0,37.99182506679291,3.68,82.03742166486288,-2.0,0.0,0.0,0.0,0.0,0.0,0.0,0.0,0.0,0.0,0.0,0.0,0.0,0.0,0.0,0.0,0.0
4,11,4.152130763027822,-1.1836387351251951,9.771338679396417,0.22713473362617154,cruise,False,3.7199999999999998,True,450.1439497805888,2.146456029936101,495.83069842354223,1.117896176786236,False,True,True,True,False,False,True,True,0.0,False,23.01309882382873,-2.5392087946653334,0.00655882899215424,28.619599122492268,False,False,-0.03067557505572739,True,False,False,0.0,37.99182506679291,3.68,82.03742166486288,-2.0,0.0,0.0,0.0,0.0,0.0,0.0,0.0,0.0,0.0,0.0,0.0,0.0,0.0,0.0,0.0,0.0
4,12,4.152130763027822,-1.1836387351251951,9.771338679396417,0.22713473362617154,cruise,False,3.7199999999999998,True,450.1439497805888,2.146456029936101,495.83069842354223,1.117896176786236,False,True,True,True,False,False,True,True,0.0,False,23.01309882382873,-2.5392087946653334,0.00655882899215424,28.619599122492268,False,False,-0.03067557505572739,True,False,False,0.0,37.99182506679291,3.68,82.03742166486288,-2.0,0.0,0.0,0.0,0.0,0.0,0.0,0.0,0.0,0.0,0.0,0.0,0.0,0.0,0.0,0.0,0.0
4,13,4.152130763027822,-1.1836387351251951,9.771338679396417,0.22713473362617154,cruise,False,3.7199999999999998,True,450.1439497805888,2.146456029936101,495.83069842354223,1.117896176786236,False,True,True,True,False,False,True,True,0.0,False,23.01309882382873,-2.5392087946653334,0.00655882899215424,28.619599122492268,False,False,-0.03067557505572739,True,False,False,0.0,37.99182506679291,3.68,82.03742166486288,-2.0,0.0,0.0,0.0,0.0,0.0,0.0,0.0,0.0,0.0,0.0,0.0,0.0,0.0,0.0,0.0,0.0
4,14,4.152130763027822,-1.1836387351251951,9.771338679396417,0.22713473362617154,cruise,False,3.7199999999999998,True,450.1439497805888,2.146456029936101,495.83069842354223,1.117896176786236,False,True,True,True,False,False,True,True,0.0,False,23.01309882382873,-2.5392087946653334,0.00655882899215424,28.619599122492268,False,False,-0.03067557505572739,True,False,False,0.0,37.99182506679291,3.68,82.03742166486288,-2.0,0.0,0.0,0.0,0.0,0.0,0.0,0.0,0.0,0.0,0.0,0.0,0.0,0.0,0.0,0.0,0.0
4,15,4.024771958753823,-0.35589915942080513,9.76809755162199,0.009713240179100217,cruise,False,4.0,True,456.0939486055562,2.1468194834275143,490.06245464086476,1.117438689034766,False,True,True,True,False,False,True,True,0.0,False,24.91045826613224,-2.5347319938958983,-0.0030839047001751598,28.883444292943924,False,False,-0.02481234904569054,True,False,False,0.0,39.95182506679292,3.68,82.03742166486288,-2.0,0.0,0.0,0.0,0.0,0.0,0.0,0.0,0.0,0.0,0.0,0.0,0.0,0.0,0.0,0.0,0.0
4,16,-0.3160253826733794,-0.17316640300162153,9.76783350739719,0.07716872559779041,cruise,False,4.41,True,483.22230585465394,2.1303285448224614,478.7067454600261,1.1158441680848146,False,True,True,True,False,False,True,True,0.0,False,28.176492277459392,-2.583107813486987,-0.022989975418590127,29.741513203861338,False,False,-0.005744151025303622,True,False,False,0.0,42.82182506679293,3.68,82.03742166486288,-2.0,0.0,0.0,0.0,0.0,0.0,0.0,0.0,0.0,0.0,0.0,0.0,0.0,0.0,0.0,0.0,0.0
4,17,0.06301712540710741,0.19445197304978157,9.841715589848754,0.02461850368376689,cruise,False,4.8100000000000005,True,492.5354939967022,2.1163900477009725,472.10728509561875,1.0999675126950694,False,True,True,True,False,False,True,True,0.0,False,31.495389714632356,-2.670948942289808,-0.027480252604689812,29.914766469941426,False,False,0.001894078445746098,True,False,False,0.0,45.621825066792944,3.68,82.03742166486288,-2.0,0.0,0.0,0.0,0.0,0.0,0.0,0.0,0.0,0.0,0.0,0.0,0.0,0.0,0.0,0.0,0.0
4,18,0.28126089419577305,0.10000155049438095,9.806123560548722,0.2152967514988846,cruise,False,5.23,True,494.7714876517243,2.104179495248937,470.39466403198537,1.0875696077443364,False,True,True,True,False,False,True,True,0.0,False,34.97710620587656,-2.763063748311573,-0.0247621410480515,29.846387379072535,False,False,0.0034136137983880425,True,False,False,0.0,48.561825066792956,3.68,82.03742166486288,-2.0,0.0,0.0,0.0,0.0,0.0,0.0,0.0,0.0,0.0,0.0,0.0,0.0,0.0,0.0,0.0,0.0
4,19,-0.011324475860402396,0.03488193922754077,9.845314292919054,0.10003270817990915,cruise,False,5.34,True,495.0102935538002,2.0990031272421823,471.58751342323785,1.0829360848573706,False,True,True,True,False,False,True,True,0.0,False,35.88857529498907,-2.7850861777266602,-0.02367408580452635,29.828247362525765,False,False,0.0038167252772052236,True,False,False,0.0,49.33182506679296,3.68,82.03742166486288,-2.0,0.0,0.0,0.0,0.0,0.0,0.0,0.0,0.0,0.0,0.0,0.0,0.0,0.0,0.0,0.0,0.0
4,20,-0.011324475860402396,0.03488193922754077,9.845314292919054,0.10003270817990915,cruise,False,5.34,True,495.0102935538002,2.0990031272421823,471.58751342323785,1.0829360848573706,False,True,True,True,False,False,True,True,0.0,False,35.88857529498907,-2.7850861777266602,-0.02367408580452635,29.828247362525765,False,False,0.0038167252772052236,True,False,False,0.0,49.33182506679296,3.68,82.03742166486288,-2.0,0.0,0.0,0.0,0.0,0.0,0.0,0.0,0.0,0.0,0.0,0.0,0.0,0.0,0.0,0.0,0.0
4,21,-0.011324475860402396,0.03488193922754077,9.845314292919054,0.10003270817990915,cruise,False,5.34,True,495.0102935538002,2.0990031272421823,471.58751342323785,1.0829360848573706,False,True,True,True,False,False,True,True,0.0,False,35.88857529498907,-2.7850861777266602,-0.02367408580452635,29.828247362525765,False,False,0.0038167252772052236,True,False,False,0.0,49.33182506679296,3.68,82.03742166486288,-2.0,0.0,0.0,0.0,0.0,0.0,0.0,0.0,0.0,0.0,0.0,0.0,0.0,0.0,0.0,0.0,0.0
4,22,-0.011324475860402396,0.03488193922754077,9.845314292919054,0.10003270817990915,cruise,False,5.34,True,495.0102935538002,2.0990031272421823,471.58751342323785,1.0829360848573706,False,True,True,True,False,False,True,True,0.0,False,35.88857529498907,-2.7850861777266602,-0.02367408580452635,29.828247362525765,False,False,0.0038167252772052236,True,False,False,0.0,49.33182506679296,3.68,82.03742166486288,-2.0,0.0,0.0,0.0,0.0,0.0,0.0,0.0,0.0,0.0,0.0,0.0,0.0,0.0,0.0,0.0,0.0
4,23,-0.011324475860402396,0.03488193922754077,9.845314292919054,0.10003270817990915,cruise,False,5.34,True,495.0102935538002,2.0990031272421823,471.58751342323785,1.0829360848573706,False,True,True,True,False,False,True,True,0.0,False,35.88857529498907,-2.7850861777266602,-0.02367408580452635,29.828247362525765,False,False,0.0038167252772052236,True,False,False,0.0,49.33182506679296,3.68,82.03742166486288,-2.0,0.0,0.0,0.0,0.0,0.0,0.0,0.0,0.0,0.0,0.0,0.0,0.0,0.0,0.0,0.0,0.0
4,24,-0.011324475860402396,0.03488193922754077,9.845314292919054,0.10003270817990915,cruise,False,5.34,True,495.0102935538002,2.0990031272421823,471.58751342323785,1.0829360848573706,False,True,True,True,False,False,True,True,0.0,False,35.88857529498907,-2.7850861777266602,-0.02367408580452635,29.828247362525765,False,False,0.0038167252772052236,True,False,False,0.0,49.33182506679296,3.68,82.03742166486288,-2.0,0.0,0.0,0.0,0.0,0.0,0.0,0.0,0.0,0.0,0.0,0.0,0.0,0.0,0.0,0.0,0.0
4,25,0.05806275900020179,0.08578656956263882,9.80215552176142,0.009759889193749335,cruise,False,5.6,True,493.64556510214294,2.09341958363275,471.45951925076815,1.081466292487455,False,True,True,True,False,False,True,True,0.0,False,38.04221340582826,-2.8333163653956803,-0.021018540602888946,29.844986062485685,False,False,0.0034447541669848166,True,False,False,0.0,51.151825066792966,3.68,82.03742166486288,-2.0,0.0,0.0,0.0,0.0,0.0,0.0,0.0,0.0,0.0,0.0,0.0,0.0,0.0,0.0,0.0,0.0
4,26,-0.01733247897417608,-0.03617183445921508,9.820865672319973,0.056091502054499774,cruise,False,6.06,True,493.4927587121023,2.078673481297677,473.1610465904274,1.0687508819356746,False,True,True,True,False,True,True,True,0.0,False,41.8553136077565,-2.905401640782805,-0.01679660966546805,29.83799251810684,False,False,0.0036001662642924596,True,False,False,0.0,54.37182506679298,3.68,82.03742166486288,-2.0,0.0,0.0,0.0,0.0,0.0,0.0,0.0,0.0,0.0,0.0,0.0,0.0,0.0,0.0,0.0,0.0
4,27,-0.14257219052309433,-0.1372024954151584,9.81717372319791,0.16711859676249163,cruise,False,6.53,True,493.30607180742857,2.0830960693116363,472.8057095704191,1.0645598235988043,False,True,True,True,False,True,True,True,0.0,False,45.757005374399746,-2.96348773371336,-0.013373357577592216,29.90342026720193,False,False,0.002146216284401562,True,False,False,0.0,57.66182506679299,3.68,82.03742166486288,-2.0,0.0,0.0,0.0,0.0,0.0,0.0,0.0,0.0,0.0,0.0,0.0,0.0,0.0,0.0,0.0,0.0
4,28,0.0030880902376500957,0.05181066163897008,9.817410555687642,0.054512612506636256,cruise,False,7.0,True,491.988125017712,2.0692754290096325,472.52529692822907,1.0627224244347122,False,True,True,True,False,True,True,True,0.0,False,49.66077086004852,-3.010508331238892,-0.010717373087453672,29.919486941957278,False,False,0.0017891790676160574,True,False,False,0.0,60.951825066793006,3.68,82.03742166486288,-2.0,0.0,0.0,0.0,0.0,0.0,0.0,0.0,0.0,0.0,0.0,0.0,0.0,0.0,0.0,0.0,0.0
4,29,0.029387636997737374,0.024012356495451925,9.812078937934913,0.009623483806440089,cruise,False,7.47,True,490.36427382870926,2.0648232939683253,473.5129727941058,1.0517499532436958,False,True,True,True,False,True,True,True,0.0,False,53.56882891496459,-3.0483189447110672,-0.008833129019942047,29.97677922505838,False,False,0.0005160172209248807,True,False,False,0.0,64.241825066793,3.68,82.03742166486288,-2.0,0.0,0.0,0.0,0.0,0.0,0.0,0.0,0.0,0.0,0.0,0.0,0.0,0.0,0.0,0.0,0.0
4,30,-3.7495466987785195,-2.0568843093810245,9.984174073081185,0.3848959021742474,swerve_right,False,7.93,True,495.9339094322778,2.0639282843495055,471.3871531218204,1.0475180046628907,False,True,False,True,False,True,True,True,0.0,False,57.37525888528216,-3.0820371621651725,-0.015138636941644003,25.500033573734143,False,False,-0.0999992539170191,True,False,True,7.0,67.46182506679268,3.68,82.03742166486288,-2.0,0.0,0.0,0.0,0.0,0.0,0.0,0.0,0.0,0.0,0.0,0.0,0.0,0.0,0.0,0.0,0.0
4,31,-4.043465623650079,-0.1392024141401301,9.850384026778539,0.07955199680880934,swerve_right,False,8.41,True,545.9742350144238,2.0279874083304916,439.0816425228797,1.0726569428018706,False,True,False,True,False,True,True,True,0.0,False,60.751028140691055,-3.2485939420918504,-0.06900283359480786,0.0,False,False,0.0,True,False,True,6.0,70.82182506679236,3.68,82.03742166486288,-2.0,0.0,0.0,0.0,0.0,0.0,0.0,0.0,0.0,0.0,0.0,0.0,0.0,0.0,0.0,0.0,0.0
4,32,-3.958544278707802,-0.07268025887719406,9.827418063680007,0.007042042758083794,swerve_right,False,8.88,True,556.286586536284,2.0048042768301126,415.01597644278246,1.0245127089714603,False,True,False,True,False,True,True,True,0.0,False,63.19157356498154,-3.4164448936376575,-0.07679307708951458,0.0,False,False,0.0,True,False,True,6.0,74.11182506679204,3.68,82.03742166486288,-2.0,0.0,0.0,0.0,0.0,0.0,0.0,0.0,0.0,0.0,0.0,0.0,0.0,0.0,0.0,0.0,0.0
4,33,-3.9659788578669004,-0.03721928629283594,9.81287947039425,0.001354407567476783,swerve_right,False,9.36,True,567.2866466703149,2.006809299202001,400.3089669927523,0.9976969695953912,False,True,False,True,False,True,True,True,0.0,False,64.78099126967277,-3.5333480753657494,-0.08387243193907999,0.0,False,False,0.0,True,False,True,7.0,77.47182506679171,3.68,82.03742166486288,-2.0,0.0,0.0,0.0,0.0,0.0,0.0,0.0,0.0,0.0,0.0,0.0,0.0,0.0,0.0,0.0,0.0
4,34,-3.9685431926473016,-0.009950014549142345,9.80993367144468,0.0011699451467813396,swerve_right,False,9.81,True,564.4271460519689,1.9791160773975933,396.18074715736043,1.0085876622614098,False,True,False,True,False,True,True,True,0.0,False,65.44315247273282,-3.5809523107656314,-0.09041163147633689,0.0,False,False,0.0,True,False,True,5.0,80.6218250667914,3.68,82.03742166486288,-2.0,0.0,0.0,0.0,0.0,0.0,0.0,0.0,0.0,0.0,0.0,0.0,0.0,0.0,0.0,0.0,0.0
4,35,0.25956367658440704,0.009546433554071355,9.930300169405402,0.0477638855454168,swerve_right,False,10.29,True,561.9592704013492,1.9896122322634677,387.1030312559252,1.0108805787735828,False,True,False,True,False,True,True,True,0.0,False,65.48534923655791,-3.5819502352099293,-0.09231941167531874,0.0,False,False,0.0,True,False,True,5.0,84.05182506679107,3.68,82.03742166486288,-2.0,0.0,0.0,0.0,0.0,0.0,0.0,0.0,0.0,0.0,0.0,0.0,0.0,0.0,0.0,0.0,0.0
4,36,0.08670733584726786,-0.0005837982194342147,9.841261189429936,0.007321566442390739,swerve_right,False,10.77,True,559.6614992941194,1.979474136287958,393.3929750308888,1.0219254738422627,False,True,False,True,False,True,True,True,0.0,False,65.48560717921299,-3.5819634339553095,-0.09231960957698881,0.0,False,False,0.0,True,False,True,5.0,87.34182506679075,3.68,82.03742166486288,-2.0,0.0,0.0,0.0,0.0,0.0,0.0,0.0,0.0,0.0,0.0,0.0,0.0,0.0,0.0,0.0,0.0
4,37,0.050007611100991806,-2.5865600723199795e-05,9.814338480040616,0.0014777406199971343,swerve_right,False,11.23,True,563.7261575685033,1.989286861612082,396.8884685910196,1.031234450265167,False,True,False,True,False,True,True,True,0.0,False,65.48565265183852,-3.581967725536542,-0.09231961337523592,0.0,False,False,0.0,True,False,True,5.0,90.56182506679043,3.68,82.03742166486288,-2.0,0.0,0.0,0.0,0.0,0.0,0.0,0.0,0.0,0.0,0.0,0.0,0.0,0.0,0.0,0.0,0.0
4,38,0.04404388384638767,-3.838401541793909e-07,9.809875918532082,1.3433839716056825e-06,swerve_right,False,11.7,True,559.3924067229518,1.9771501924010817,393.00443323144395,1.0220421692776391,False,True,False,True,False,True,True,True,0.0,False,65.48565417812327,-3.5819678789211826,-0.0923196133871203,0.0,False,False,0.0,True,False,True,5.0,93.85182506679011,3.68,82.03742166486288,-2.0,0.0,0.0,0.0,0.0,0.0,0.0,0.0,0.0,0.0,0.0,0.0,0.0,0.0,0.0,0.0,0.0
4,39,0.04402644937719693,-3.817505689617229e-07,9.809888950326954,6.594974146120621e-07,swerve_right,False,12.15,True,565.9629391551748,1.9949172946458462,393.8810561693901,1.0230930512286727,False,True,False,True,False,True,True,True,0.0,False,65.48565459980826,-3.5819679179014727,-0.09231961337391927,0.0,False,False,0.0,True,False,True,5.0,97.0018250667898,3.68,82.03742166486288,-2.0,0.0,0.0,0.0,0.0,0.0,0.0,0.0,0.0,0.0,0.0,0.0,0.0,0.0,0.0,0.0,0.0
4,40,0.044017580567072695,-3.812162287317584e-07,9.809895460022474,1.55795910950386e-07,swerve_right,False,12.62,True,563.4136967346124,1.9891388457127914,388.9485134098743,1.0117145253326758,False,True,False,True,False,True,True,True,0.0,False,65.48565482201897,-3.5819679384583267,-0.09231961337044828,0.0,False,False,0.0,True,False,True,5.0,100.36182506678948,3.68,82.03742166486288,-2.0,0.0,0.0,0.0,0.0,0.0,0.0,0.0,0.0,0.0,0.0,0.0,0.0,0.0,0.0,0.0,0.0
4,41,0.04401339526513551,-3.810934775497597e-07,9.809898485581261,1.5187056644394136e-07,swerve_right,False,13.1,True,563.9552620022929,1.9887403087521167,391.27980449771235,1.0166717608973626,False,True,False,True,False,True,True,True,0.0,False,65.48565492729752,-3.5819679482015583,-0.09231961336964889,0.0,False,False,0.0,True,False,True,5.0,103.65182506678916,3.68,82.03742166486288,-2.0,0.0,0.0,0.0,0.0,0.0,0.0,0.0,0.0,0.0,0.0,0.0,0.0,0.0,0.0,0.0,0.0
4,42,0.04401139218898144,-3.810661463690049e-07,9.80989991601853,7.458326135535413e-08,swerve_right,False,13.57,True,566.7316652972402,2.0001965858108863,390.710526042325,1.0524719810231546,False,True,False,True,False,True,True,True,0.0,False,65.48565497859235,-3.581967952949656,-0.09231961336946083,0.0,False,False,0.0,True,False,True,5.0,106.94182506678884,3.68,82.03742166486288,-2.0,0.0,0.0,0.0,0.0,0.0,0.0,0.0,0.0,0.0,0.0,0.0,0.0,0.0,0.0,0.0,0.0
4,43,0.04401037577499204,-3.8105702408487705e-07,9.809900634574026,3.551772280895043e-08,swerve_right,False,14.04,True,566.2410587256375,1.995199930350275,393.74674826185,1.0220013970847786,False,True,False,True,False,True,True,True,0.0,False,65.48565500355284,-3.5819679552603323,-0.09231961336942099,0.0,False,False,0.0,True,False,True,5.0,110.23182506678852,3.68,82.03742166486288,-2.0,0.0,0.0,0.0,0.0,0.0,0.0,0.0,0.0,0.0,0.0,0.0,0.0,0.0,0.0,0.0,0.0
4,44,0.044009904105905606,-3.810582930052574e-07,9.809900965247076,1.7472423014663512e-08,swerve_right,False,14.49,True,566.4378406834044,1.9953577583295081,392.2721643571427,1.0204486366913281,False,True,False,True,False,True,True,True,0.0,False,65.48565501550891,-3.5819679563671993,-0.09231961336941119,0.0,False,False,0.0,True,False,True,5.0,113.4518250667882,3.68,82.03742166486288,-2.0,0.0,0.0,0.0,0.0,0.0,0.0,0.0,0.0,0.0,0.0,0.0,0.0,0.0,0.0,0.0,0.0
4,45,0.044009665028109414,-3.8105904746800173e-07,9.809901131738895,8.311547207113255e-09,swerve_right,False,14.98,True,561.1401628244437,1.9828545671228772,390.30299866910536,1.0139500169968967,False,True,False,True,False,True,True,True,0.0,False,65.48565502157966,-3.5819679569292306,-0.09231961336940817,0.0,False,False,0.0,True,False,True,5.0,116.81182506678788,3.68,82.03742166486288,-2.0,0.0,0.0,0.0,0.0,0.0,0.0,0.0,0.0,0.0,0.0,0.0,0.0,0.0,0.0,0.0,0.0
4,46,0.044009550887653986,-3.8105899491737083e-07,9.809901210759927,3.9851683153274025e-09,swerve_right,False,15.46,True,569.1547174400605,2.005625488407863,397.8772132043275,1.033375741919633,False,True,False,True,False,True,True,True,0.0,False,65.48565502448129,-3.5819679571978704,-0.0923196133694049,0.0,False,False,0.0,True,False,True,5.0,120.17182506678755,3.68,82.03742166486288,-2.0,0.0,0.0,0.0,0.0,0.0,0.0,0.0,0.0,0.0,0.0,0.0,0.0,0.0,0.0,0.0,0.0
4,47,0.044009497222934214,-3.810573516391625e-07,9.809901247759019,1.9225903034770402e-09,swerve_right,False,15.93,True,567.6427454918467,1.999407649344739,391.21158381413323,1.0153190154482483,False,True,False,True,False,True,True,True,0.0,False,65.4856550258477,-3.581967957324374,-0.09231961336940746,0.0,False,False,0.0,True,False,True,5.0,123.46182506678723,3.68,82.03742166486288,-2.0,0.0,0.0,0.0,0.0,0.0,0.0,0.0,0.0,0.0,0.0,0.0,0.0,0.0,0.0,0.0,0.0
4,48,0.04400947122430411,-3.8105406759788516e-07,9.809901265616933,9.397035192279656e-10,swerve_right,False,16.39,True,561.0046870008,1.9830213347001289,392.6338698271206,1.0223795152447195,False,True,False,True,False,True,True,True,0.0,False,65.48565502650062,-3.581967957384819,-0.09231961336940961,0.0,False,False,0.0,True,False,True,5.0,126.68182506678691,3.68,82.03742166486288,-2.0,0.0,0.0,0.0,0.0,0.0,0.0,0.0,0.0,0.0,0.0,0.0,0.0,0.0,0.0,0.0,0.0
4,49,0.044009459164671146,-3.810578564540257e-07,9.809901273860248,2.576701620492046e-10,swerve_right,False,16.84,True,560.5320762968931,1.9803322792592626,394.432241912621,1.0250036222340624,False,True,False,True,False,True,True,True,0.0,False,65.48565502682203,-3.581967957414575,-0.09231961336941008,0.0,False,False,0.0,True,False,True,5.0,129.9018250667866,3.68,82.03742166486288,-2.0,0.0,0.0,0.0,0.0,0.0,0.0,0.0,0.0,0.0,0.0,0.0,0.0,0.0,0.0,0.0,0.0
4,50,0.04400945278532027,-3.8105532197486697e-07,9.809901278223437,2.2283319968651882e-10,swerve_right,False,17.32,True,564.0574921467952,1.9890206563472979,389.6269136187718,1.0130332376655486,False,True,False,True,False,True,True,True,0.0,False,65.48565502698254,-3.5819679574294345,-0.0923196133694109,0.0,False,False,0.0,True,False,True,5.0,133.1918250667863,3.68,82.03742166486288,-2.0,0.0,0.0,0.0,0.0,0.0,0.0,0.0,0.0,0.0,0.0,0.0,0.0,0.0,0.0,0.0,0.0
4,51,0.044009449652472124,-3.8106011074227633e-07,9.809901280362416,1.0875286380484936e-10,swerve_right,False,17.78,True,560.80820650375,1.9799183702331464,390.6443752482533,1.0146962515744116,False,True,False,True,False,True,True,True,0.0,False,65.48565502705917,-3.581967957436528,-0.09231961336941152,0.0,False,False,0.0,True,False,True,5.0,136.41182506678598,3.68,82.03742166486288,-2.0,0.0,0.0,0.0,0.0,0.0,0.0,0.0,0.0,0.0,0.0,0.0,0.0,0.0,0.0,0.0,0.0
4,52,0.04400944821922581,-3.8105698932009183e-07,9.809901281350013,3.3938683398727e-11,swerve_right,False,18.25,True,566.138380461007,1.9943711463696054,392.4163376716838,1.0210024408619176,False,True,False,True,False,True,True,True,0.0,False,65.48565502709744,-3.581967957440072,-0.09231961336941094,0.0,False,False,0.0,True,False,True,5.0,139.70182506678566,3.68,82.03742166486288,-2.0,0.0,0.0,0.0,0.0,0.0,0.0,0.0,0.0,0.0,0.0,0.0,0.0,0.0,0.0,0.0,0.0
4,53,0.044009447470700465,-3.810587147754226e-07,9.809901281844372,3.549310257277569e-11,swerve_right,False,18.71,True,566.2659746071348,1.9948878341192242,391.85400401932384,1.0184031140186018,False,True,False,True,False,True,True,True,0.0,False,65.48565502711574,-3.581967957441768,-0.0923196133694086,0.0,False,False,0.0,True,False,True,5.0,142.92182506678535,3.68,82.03742166486288,-2.0,0.0,0.0,0.0,0.0,0.0,0.0,0.0,0.0,0.0,0.0,0.0,0.0,0.0,0.0,0.0,0.0
4,54,0.04400944712799809,-3.8105704660512074e-07,9.80990128207276,5.0103172158941135e-12,swerve_right,False,19.17,True,561.0046870008,1.9830213347001289,392.6338698271206,1.0223795152447195,False,True,False,True,False,True,True,True,0.0,False,65.4856550271247,-3.581967957442594,-0.09231961336941133,0.0,False,False,0.0,True,False,True,5.0,146.14182506678503,3.68,82.03742166486288,-2.0,0.0,0.0,0.0,0.0,0.0,0.0,0.0,0.0,0.0,0.0,0.0,0.0,0.0,0.0,0.0,0.0
4,55,0.04400944694870615,-3.8105753721365115e-07,9.809901282196593,1.7314466318694637e-11,swerve_right,False,19.64,True,566.9041497326701,2.0002372392071157,391.8040319241917,1.016656078953233,False,True,False,True,False,True,True,True,0.0,False,65.48565502712917,-3.5819679574430072,-0.09231961336941194,0.0,False,False,0.0,True,False,True,5.0,149.4318250667847,3.68,82.03742166486288,-2.0,0.0,0.0,0.0,0.0,0.0,0.0,0.0,0.0,0.0,0.0,0.0,0.0,0.0,0.0,0.0,0.0
4,56,0.044009446871388955,-3.810550832228354e-07,9.809901282250722,4.864054309934969e-12,swerve_right,False,20.1,True,566.9400742121848,1.9995335134574408,390.9355884016884,1.0142377246456882,False,True,False,True,False,True,True,True,0.0,False,65.48565502713129,-3.5819679574432013,-0.09231961336941447,0.0,False,False,0.0,True,False,True,5.0,152.6518250667844,3.68,82.03742166486288,-2.0,0.0,0.0,0.0,0.0,0.0,0.0,0.0,0.0,0.0,0.0,0.0,0.0,0.0,0.0,0.0,0.0
4,57,0.04400944682295035,-3.810575396081288e-07,9.809901282280642,1.0207799280801908e-11,swerve_right,False,20.57,True,565.9278520378607,1.994098956635184,396.3911337310346,1.028671882240926,False,True,False,True,False,True,True,True,0.0,False,65.48565502713237,-3.5819679574433003,-0.0923196133694144,0.0,False,False,0.0,True,False,True,5.0,156.01182506678407,3.68,82.03742166486288,-2.0,0.0,0.0,0.0,0.0,0.0,0.0,0.0,0.0,0.0,0.0,0.0,0.0,0.0,0.0,0.0,0.0
4,58,0.0440094468283185,-3.810560804901516e-07,9.809901282291769,4.325654136139978e-11,swerve_right,False,21.03,True,561.06359389082,1.9834520415820664,390.5270988975704,1.016706278781458,False,True,False,True,False,True,True,True,0.0,False,65.48565502713284,-3.5819679574433523,-0.09231961336941194,0.0,False,False,0.0,True,False,True,5.0,159.16182506678376,3.68,82.03742166486288,-2.0,0.0,0.0,0.0,0.0,0.0,0.0,0.0,0.0,0.0,0.0,0.0,0.0,0.0,0.0,0.0,0.0
4,59,0.04400944679753259,-3.81056742493501e-07,9.809901282300256,9.385681901466481e-12,swerve_right,False,21.51,True,564.6411508063466,1.9909064263385934,395.84012072092656,1.0266172624178116,False,True,False,True,False,True,True,True,0.0,False,65.48565502713315,-3.5819679574433803,-0.0923196133694109,0.0,False,False,0.0,True,False,True,5.0,162.52182506678344,3.68,82.03742166486288,-2.0,0.0,0.0,0.0,0.0,0.0,0.0,0.0,0.0,0.0,0.0,0.0,0.0,0.0,0.0,0.0,0.0
4,60,0.044009446793862796,-3.8105777042036367e-07,9.809901282303388,1.7952728438668598e-12,swerve_right,False,21.99,True,560.9099635658375,1.9794383267175066,390.40120016906343,1.0150679894179273,False,True,False,True,False,True,True,True,0.0,False,65.48565502713309,-3.581967957443378,-0.092319613369416,0.0,False,False,0.0,True,False,True,5.0,165.8818250667831,3.68,82.03742166486288,-2.0,0.0,0.0,0.0,0.0,0.0,0.0,0.0,0.0,0.0,0.0,0.0,0.0,0.0,0.0,0.0,0.0
4,61,0.04400944679100408,-3.810572948031878e-07,9.809901282304795,1.3725150038916829e-13,swerve_right,False,22.45,True,560.5261565887745,1.9845670182159223,392.80552908303906,1.0215296116462838,False,True,False,True,False,True,True,True,0.0,False,65.48565502713308,-3.5819679574433816,-0.09231961336941391,0.0,False,False,0.0,True,False,True,5.0,169.1718250667828,3.68,82.03742166486288,-2.0,0.0,0.0,0.0,0.0,0.0,0.0,0.0,0.0,0.0,0.0,0.0,0.0,0.0,0.0,0.0,0.0
4,62,0.044009446789973664,-3.810572283113778e-07,9.80990128230556,5.805243659594893e-14,swerve_right,False,22.93,True,564.1219949972572,1.98824395750139,394.0327084740691,1.0227111355015308,False,True,False,True,False,True,True,True,0.0,False,65.48565502713306,-3.5819679574433856,-0.092319613369412,0.0,False,False,0.0,True,False,True,5.0,172.46182506678247,3.68,82.03742166486288,-2.0,0.0,0.0,0.0,0.0,0.0,0.0,0.0,0.0,0.0,0.0,0.0,0.0,0.0,0.0,0.0,0.0
4,63,0.044009446789615846,-3.810569496475897e-07,9.809901282305892,2.538452218243033e-13,swerve_right,False,23.4,True,564.348706036443,1.9886884229473645,392.9941353704199,1.0229330243735286,False,True,False,True,False,True,True,True,0.0,False,65.48565502713306,-3.5819679574433883,-0.09231961336941179,0.0,False,False,0.0,True,False,True,5.0,175.75182506678215,3.68,82.03742166486288,-2.0,0.0,0.0,0.0,0.0,0.0,0.0,0.0,0.0,0.0,0.0,0.0,0.0,0.0,0.0,0.0,0.0
4,64,0.044009446789413154,-3.810570680948028e-07,9.809901282306068,4.479073726991219e-14,swerve_right,False,23.87,True,561.517195656485,1.9833541706653808,397.55317115988794,1.0322605491832753,False,True,False,True,False,True,True,True,0.0,False,65.48565502713305,-3.581967957443388,-0.09231961336941175,0.0,False,False,0.0,True,False,True,5.0,179.11182506678182,3.68,82.03742166486288,-2.0,0.0,0.0,0.0,0.0,0.0,0.0,0.0,0.0,0.0,0.0,0.0,0.0,0.0,0.0,0.0,0.0
4,65,0.044009446789337506,-3.810522122041414e-07,9.809901282306155,3.413770962420758e-14,swerve_right,False,24.34,True,563.5517213469439,1.9892591490955758,386.181863791593,1.0387720603732493,False,True,False,True,False,True,True,True,0.0,False,65.48565502713305,-3.58196795744339,-0.09231961336941026,0.0,False,False,0.0,True,False,True,5.0,182.3318250667815,3.68,82.03742166486288,-2.0,0.0,0.0,0.0,0.0,0.0,0.0,0.0,0.0,0.0,0.0,0.0,0.0,0.0,0.0,0.0,0.0
4,66,0.04400944676695046,-3.810584152533733e-07,9.809901282308061,3.40183714239128e-11,swerve_right,False,24.81,True,563.7022925380232,1.9883228197811995,388.7252382029714,1.0101206373344827,False,True,False,True,False,True,True,True,0.0,False,65.48565502713305,-3.581967957443391,-0.09231961336941007,0.0,False,False,0.0,True,False,True,5.0,185.62182506678118,3.68,82.03742166486288,-2.0,0.0,0.0,0.0,0.0,0.0,0.0,0.0,0.0,0.0,0.0,0.0,0.0,0.0,0.0,0.0,0.0
4,67,0.044009446811971595,-3.8105627972021274e-07,9.809901282304327,1.178799804040504e-11,swerve_right,False,25.28,True,567.0112132899512,2.0001722007497844,393.92566650434776,1.0224463844199743,False,True,False,True,False,True,True,True,0.0,False,65.48565502713305,-3.5819679574433922,-0.0923196133694099,0.0,False,False,0.0,True,False,True,5.0,188.91182506678086,3.68,82.03742166486288,-2.0,0.0,0.0,0.0,0.0,0.0,0.0,0.0,0.0,0.0,0.0,0.0,0.0,0.0,0.0,0.0,0.0
4,68,0.04400944678951479,-3.8105228252515233e-07,9.809901282306228,1.3915250321193276e-11,swerve_right,False,25.74,True,563.7358097907477,1.9883586678566494,389.2953753464672,1.0091254310661624,False,True,False,True,False,True,True,True,0.0,False,65.48565502713305,-3.5819679574433927,-0.0923196133694097,0.0,False,False,0.0,True,False,True,5.0,192.13182506678055,3.68,82.03742166486288,-2.0,0.0,0.0,0.0,0.0,0.0,0.0,0.0,0.0,0.0,0.0,0.0,0.0,0.0,0.0,0.0,0.0
4,69,0.04400944677818349,-3.810602343944567e-07,9.809901282307148,3.983401636285397e-13,swerve_right,False,26.21,True,559.3112470569695,1.9744858027589363,390.6065681117357,1.0154422677167196,False,True,False,True,False,True,True,True,0.0,False,65.48565502713305,-3.581967957443393,-0.0923196133694097,0.0,False,False,0.0,True,False,True,5.0,195.49182506678022,3.68,82.03742166486288,-2.0,0.0,0.0,0.0,0.0,0.0,0.0,0.0,0.0,0.0,0.0,0.0,0.0,0.0,0.0,0.0,0.0
4,70,0.04400944677815889,-3.8105986498223707e-07,9.809901282307152,1.164222499434859e-11,swerve_right,False,26.69,True,565.8488419137004,1.999763731534284,388.559961939461,1.0102997188545415,False,True,False,True,False,True,True,True,0.0,False,65.48565502713305,-3.5819679574433936,-0.09231961336940997,0.0,False,False,0.0,True,False,True,5.0,198.7818250667799,3.68,82.03742166486288,-2.0,0.0,0.0,0.0,0.0,0.0,0.0,0.0,0.0,0.0,0.0,0.0,0.0,0.0,0.0,0.0,0.0
4,71,0.044009446789474584,-3.810624436564853e-07,9.809901282306202,1.033160555334219e-11,swerve_right,False,27.16,True,564.2757914556773,1.9890206563472979,391.398405285836,1.0167736565808667,False,True,False,True,False,True,True,True,0.0,False,65.48565502713305,-3.581967957443394,-0.09231961336940991,0.0,False,False,0.0,True,False,True,5.0,202.07182506677958,3.68,82.03742166486288,-2.0,0.0,0.0,0.0,0.0,0.0,0.0,0.0,0.0,0.0,0.0,0.0,0.0,0.0,0.0,0.0,0.0
4,72,0.04400944677815264,-3.810599812446236e-07,9.809901282307148,1.181660511029658e-11,swerve_right,False,27.63,True,566.8257318896503,2.0008601906932335,392.6566266926837,1.021113735607542,False,True,False,True,False,True,True,True,0.0,False,65.48565502713305,-3.581967957443395,-0.09231961336940954,0.0,False,False,0.0,True,False,True,5.0,205.36182506677926,3.68,82.03742166486288,-2.0,0.0,0.0,0.0,0.0,0.0,0.0,0.0,0.0,0.0,0.0,0.0,0.0,0.0,0.0,0.0,0.0
4,73,0.04400944680059861,-3.810542431711384e-07,9.80990128230527,1.4019018458978967e-11,swerve_right,False,28.08,True,563.230713138034,1.9883752453366519,390.5909983674948,1.0155910218015516,False,True,False,True,False,True,True,True,0.0,False,65.48565502713305,-3.5819679574433954,-0.09231961336940998,0.0,False,False,0.0,True,False,True,5.0,208.51182506677895,3.68,82.03742166486288,-2.0,0.0,0.0,0.0,0.0,0.0,0.0,0.0,0.0,0.0,0.0,0.0,0.0,0.0,0.0,0.0,0.0
4,74,0.04400944680047348,-3.8105353619689604e-07,9.809901282305281,1.1120331428544108e-11,swerve_right,False,28.54,True,564.382625661535,1.9889018491986232,396.7302061919966,1.0290852162520743,False,True,False,True,False,True,True,True,0.0,False,65.48565502713305,-3.581967957443396,-0.09231961336941027,0.0,False,False,0.0,True,False,True,5.0,211.73182506677864,3.68,82.03742166486288,-2.0,0.0,0.0,0.0,0.0,0.0,0.0,0.0,0.0,0.0,0.0,0.0,0.0,0.0,0.0,0.0,0.0
4,75,0.044009446800542015,-3.810539420649112e-07,9.809901282305274,1.383322599572e-11,swerve_right,False,29.0,True,566.347851430653,2.0004621417836748,395.16104084210895,1.0261845637445086,False,True,False,True,False,True,True,True,0.0,False,65.48565502713305,-3.581967957443396,-0.09231961336941016,0.0,False,False,0.0,True,False,True,5.0,215.02182506677832,3.68,82.03742166486288,-2.0,0.0,0.0,0.0,0.0,0.0,0.0,0.0,0.0,0.0,0.0,0.0,0.0,0.0,0.0,0.0,0.0
4,76,0.04400944677815117,-3.810597668785037e-07,9.809901282307148,3.201473308002969e-13,swerve_right,False,29.45,True,567.1565272946866,2.000061990449364,391.4110467716625,1.0154347179797119,False,True,False,True,False,True,True,True,0.0,False,65.48565502713305,-3.581967957443396,-0.09231961336941004,0.0,False,False,0.0,True,False,True,5.0,218.171825066778,3.68,82.03742166486288,-2.0,0.0,0.0,0.0,0.0,0.0,0.0,0.0,0.0,0.0,0.0,0.0,0.0,0.0,0.0,0.0,0.0
4,77,0.04400944678957146,-3.8106285703506927e-07,9.809901282306196,1.182246622404317e-11,swerve_right,False,29.93,True,567.9829006745995,2.000755620149949,391.75806530515086,1.0196022421051412,False,True,False,True,False,True,True,True,0.0,False,65.48565502713305,-3.5819679574433962,-0.09231961336940979,0.0,False,False,0.0,True,False,True,5.0,221.4618250667777,3.68,82.03742166486288,-2.0,0.0,0.0,0.0,0.0,0.0,0.0,0.0,0.0,0.0,0.0,0.0,0.0,0.0,0.0,0.0,0.0
4,78,0.04400944677815259,-3.8105999235271704e-07,9.809901282307147,2.3320024468270458e-11,swerve_right,False,30.4,True,563.3394041177422,1.9883586678566494,391.09694738034665,1.0158013784898994,False,True,False,True,False,True,True,True,0.0,False,65.48565502713305,-3.581967957443396,-0.09231961336941015,0.0,False,False,0.0,True,False,True,5.0,224.75182506677737,3.68,82.03742166486288,-2.0,0.0,0.0,0.0,0.0,0.0,0.0,0.0,0.0,0.0,0.0,0.0,0.0,0.0,0.0,0.0,0.0
4,79,0.044009446789474264,-3.8105234363362746e-07,9.809901282306235,1.1110932262712434e-11,swerve_right,False,30.87,True,563.2932575450102,1.9880376486862676,392.56913470499023,1.0176489079162723,False,True,False,True,False,True,True,True,0.0,False,65.48565502713305,-3.5819679574433962,-0.09231961336940982,0.0,False,False,0.0,True,False,True,5.0,228.04182506677705,3.68,82.03742166486288,-2.0,0.0,0.0,0.0,0.0,0.0,0.0,0.0,0.0,0.0,0.0,0.0,0.0,0.0,0.0,0.0,0.0
4,80,0.04400944680050464,-3.8105374368271116e-07,9.80990128230528,1.1166679651886023e-11,swerve_right,False,31.34,True,563.923955993069,1.9888627795356375,393.5898297480687,1.0234511702940463,False,True,False,True,False,True,True,True,0.0,False,65.48565502713305,-3.581967957443396,-0.09231961336941018,0.0,False,False,0.0,True,False,True,5.0,231.33182506677673,3.68,82.03742166486288,-2.0,0.0,0.0,0.0,0.0,0.0,0.0,0.0,0.0,0.0,0.0,0.0,0.0,0.0,0.0,0.0,0.0
4,81,0.04400944680077272,-3.8105431508337475e-07,9.80990128230528,9.05191056642588e-13,keep,False,31.49,True,560.9713913366403,1.9791441536292358,398.77387029696024,1.0352460747443164,False,True,False,True,False,True,True,True,0.0,False,65.48565502713305,-3.5819679574433962,-0.09231961336940996,0.0,False,False,0.0,True,False,False,0.0,232.38182506677663,3.68,82.03742166486288,-2.0,0.0,0.0,0.0,0.0,0.0,0.0,0.0,0.0,0.0,0.0,0.0,0.0,0.0,0.0,0.0,0.0
4,82,0.04400944680077272,-3.8105431508337475e-07,9.80990128230528,9.05191056642588e-13,keep,False,31.49,True,560.9713913366403,1.9791441536292358,398.77387029696024,1.0352460747443164,False,True,False,True,False,True,True,True,0.0,False,65.48565502713305,-3.5819679574433962,-0.09231961336940996,28.740821291141906,False,False,-0.027981749085735377,True,False,False,0.0,232.38182506677663,3.68,82.03742166486288,-2.0,0.0,0.0,0.0,0.0,0.0,0.0,0.0,0.0,0.0,0.0,0.0,0.0,0.0,0.0,0.0,0.0
4,83,0.04400944680077272,-3.8105431508337475e-07,9.80990128230528,9.05191056642588e-13,keep,False,31.49,True,560.9713913366403,1.9791441536292358,398.77387029696024,1.0352460747443164,False,True,False,True,False,True,True,True,0.0,False,65.48565502713305,-3.5819679574433962,-0.09231961336940996,28.740821291141906,False,False,-0.027981749085735377,True,False,False,0.0,232.38182506677663,3.68,82.03742166486288,-2.0,0.0,0.0,0.0,0.0,0.0,0.0,0.0,0.0,0.0,0.0,0.0,0.0,0.0,0.0,0.0,0.0
4,84,0.04400944680077272,-3.8105431508337475e-07,9.80990128230528,9.05191056642588e-13,keep,False,31.49,True,560.9713913366403,1.9791441536292358,398.77387029696024,1.0352460747443164,False,True,False,True,False,True,True,True,0.0,False,65.48565502713305,-3.5819679574433962,-0.09231961336940996,28.740821291141906,False,False,-0.027981749085735377,True,False,False,0.0,232.38182506677663,3.68,82.03742166486288,-2.0,0.0,0.0,0.0,0.0,0.0,0.0,0.0,0.0,0.0,0.0,0.0,0.0,0.0,0.0,0.0,0.0
4,85,0.04400944680077272,-3.8105431508337475e-07,9.80990128230528,9.05191056642588e-13,keep,False,31.49,True,560.9713913366403,1.9791441536292358,398.77387029696024,1.0352460747443164,False,True,False,True,False,True,True,True,0.0,False,65.48565502713305,-3.5819679574433962,-0.09231961336940996,28.740821291141906,False,False,-0.027981749085735377,True,False,False,0.0,232.38182506677663,3.68,82.03742166486288,-2.0,0.0,0.0,0.0,0.0,0.0,0.0,0.0,0.0,0.0,0.0,0.0,0.0,0.0,0.0,0.0,0.0
4,86,0.04400944680077272,-3.8105431508337475e-07,9.80990128230528,9.05191056642588e-13,keep,False,31.49,True,560.9713913366403,1.9791441536292358,398.77387029696024,1.0352460747443164,False,True,False,True,False,True,True,True,0.0,False,65.48565502713305,-3.5819679574433962,-0.09231961336940996,28.740821291141906,False,False,-0.027981749085735377,True,False,False,0.0,232.38182506677663,3.68,82.03742166486288,-2.0,0.0,0.0,0.0,0.0,0.0,0.0,0.0,0.0,0.0,0.0,0.0,0.0,0.0,0.0,0.0,0.0
4,87,0.04400944680077272,-3.8105431508337475e-07,9.80990128230528,9.05191056642588e-13,keep,False,31.49,True,560.9713913366403,1.9791441536292358,398.77387029696024,1.0352460747443164,False,True,False,True,False,True,True,True,0.0,False,65.48565502713305,-3.5819679574433962,-0.09231961336940996,28.740821291141906,False,False,-0.027981749085735377,True,False,False,0.0,232.38182506677663,3.68,82.03742166486288,-2.0,0.0,0.0,0.0,0.0,0.0,0.0,0.0,0.0,0.0,0.0,0.0,0.0,0.0,0.0,0.0,0.0
4,88,0.04400944680077272,-3.8105431508337475e-07,9.80990128230528,9.05191056642588e-13,keep,False,31.49,True,560.9713913366403,1.9791441536292358,398.77387029696024,1.0352460747443164,False,True,False,True,False,True,True,True,0.0,False,65.48565502713305,-3.5819679574433962,-0.09231961336940996,28.740821291141906,False,False,-0.027981749085735377,True,False,False,0.0,232.38182506677663,3.68,82.03742166486288,-2.0,0.0,0.0,0.0,0.0,0.0,0.0,0.0,0.0,0.0,0.0,0.0,0.0,0.0,0.0,0.0,0.0
4,89,0.04400944680077272,-3.8105431508337475e-07,9.80990128230528,9.05191056642588e-13,keep,False,31.49,True,560.9713913366403,1.9791441536292358,398.77387029696024,1.0352460747443164,False,True,False,True,False,True,True,True,0.0,False,65.48565502713305,-3.5819679574433962,-0.09231961336940996,28.740821291141906,False,False,-0.027981749085735377,True,False,False,0.0,232.38182506677663,3.68,82.03742166486288,-2.0,0.0,0.0,0.0,0.0,0.0,0.0,0.0,0.0,0.0,0.0,0.0,0.0,0.0,0.0,0.0,0.0
4,90,0.04400944680077272,-3.8105431508337475e-07,9.80990128230528,9.05191056642588e-13,keep,False,31.49,True,560.9713913366403,1.9791441536292358,398.77387029696024,1.0352460747443164,False,True,False,True,False,True,True,True,0.0,False,65.48565502713305,-3.5819679574433962,-0.09231961336940996,28.740821291141906,False,False,-0.027981749085735377,True,False,False,0.0,232.38182506677663,3.68,82.03742166486288,-2.0,0.0,0.0,0.0,0.0,0.0,0.0,0.0,0.0,0.0,0.0,0.0,0.0,0.0,0.0,0.0,0.0
4,91,0.04400944680077272,-3.8105431508337475e-07,9.80990128230528,9.05191056642588e-13,keep,False,31.49,True,560.9713913366403,1.9791441536292358,398.77387029696024,1.0352460747443164,False,True,False,True,False,True,True,True,0.0,False,65.48565502713305,-3.5819679574433962,-0.09231961336940996,28.740821291141906,False,False,-0.027981749085735377,True,False,False,0.0,232.38182506677663,3.68,82.03742166486288,-2.0,0.0,0.0,0.0,0.0,0.0,0.0,0.0,0.0,0.0,0.0,0.0,0.0,0.0,0.0,0.0,0.0
4,92,0.04400944680077272,-3.8105431508337475e-07,9.80990128230528,9.05191056642588e-13,keep,False,31.49,True,560.9713913366403,1.9791441536292358,398.77387029696024,1.0352460747443164,False,True,False,True,False,True,True,True,0.0,False,65.48565502713305,-3.5819679574433962,-0.09231961336940996,28.740821291141906,False,False,-0.027981749085735377,True,False,False,0.0,232.38182506677663,3.68,82.03742166486288,-2.0,0.0,0.0,0.0,0.0,0.0,0.0,0.0,0.0,0.0,0.0,0.0,0.0,0.0,0.0,0.0,0.0
4,93,0.04400944680077272,-3.8105431508337475e-07,9.80990128230528,9.05191056642588e-13,keep,False,31.49,True,560.9713913366403,1.9791441536292358,398.77387029696024,1.0352460747443164,False,True,False,True,False,True,True,True,0.0,False,65.48565502713305,-3.5819679574433962,-0.09231961336940996,28.740821291141906,False,False,-0.027981749085735377,True,False,False,0.0,232.38182506677663,3.68,82.03742166486288,-2.0,0.0,0.0,0.0,0.0,0.0,0.0,0.0,0.0,0.0,0.0,0.0,0.0,0.0,0.0,0.0,0.0
4,94,0.04400944680077272,-3.8105431508337475e-07,9.80990128230528,9.05191056642588e-13,keep,False,31.49,True,560.9713913366403,1.9791441536292358,398.77387029696024,1.0352460747443164,False,True,False,True,False,True,True,True,0.0,False,65.48565502713305,-3.5819679574433962,-0.09231961336940996,28.740821291141906,False,False,-0.027981749085735377,True,False,False,0.0,232.38182506677663,3.68,82.03742166486288,-2.0,0.0,0.0,0.0,0.0,0.0,0.0,0.0,0.0,0.0,0.0,0.0,0.0,0.0,0.0,0.0,0.0
4,95,0.04400944680077272,-3.8105431508337475e-07,9.80990128230528,9.05191056642588e-13,keep,False,31.49,True,560.9713913366403,1.9791441536292358,398.77387029696024,1.0352460747443164,False,True,False,True,False,True,True,True,0.0,False,65.48565502713305,-3.5819679574433962,-0.09231961336940996,28.740821291141906,False,False,-0.027981749085735377,True,False,False,0.0,232.38182506677663,3.68,82.03742166486288,-2.0,0.0,0.0,0.0,0.0,0.0,0.0,0.0,0.0,0.0,0.0,0.0,0.0,0.0,0.0,0.0,0.0
4,96,0.04400944680077272,-3.8105431508337475e-07,9.80990128230528,9.05191056642588e-13,keep,False,31.49,True,560.9713913366403,1.9791441536292358,398.77387029696024,1.0352460747443164,False,True,False,True,False,True,True,True,0.0,False,65.48565502713305,-3.5819679574433962,-0.09231961336940996,28.740821291141906,False,False,-0.027981749085735377,True,False,False,0.0,232.38182506677663,3.68,82.03742166486288,-2.0,0.0,0.0,0.0,0.0,0.0,0.0,0.0,0.0,0.0,0.0,0.0,0.0,0.0,0.0,0.0,0.0
4,97,0.04400944680077272,-3.8105431508337475e-07,9.80990128230528,9.05191056642588e-13,keep,False,31.49,True,560.9713913366403,1.9791441536292358,398.77387029696024,1.0352460747443164,False,True,False,True,False,True,True,True,0.0,False,65.48565502713305,-3.5819679574433962,-0.09231961336940996,28.740821291141906,False,False,-0.027981749085735377,True,False,False,0.0,232.38182506677663,3.68,82.03742166486288,-2.0,0.0,0.0,0.0,0.0,0.0,0.0,0.0,0.0,0.0,0.0,0.0,0.0,0.0,0.0,0.0,0.0
4,98,0.04400944680077272,-3.8105431508337475e-07,9.80990128230528,9.05191056642588e-13,keep,False,31.49,True,560.9713913366403,1.9791441536292358,398.77387029696024,1.0352460747443164,False,True,False,True,False,True,True,True,0.0,False,65.48565502713305,-3.5819679574433962,-0.09231961336940996,28.740821291141906,False,False,-0.027981749085735377,True,False,False,0.0,232.38182506677663,3.68,82.03742166486288,-2.0,0.0,0.0,0.0,0.0,0.0,0.0,0.0,0.0,0.0,0.0,0.0,0.0,0.0,0.0,0.0,0.0
4,99,0.04400944680077272,-3.8105431508337475e-07,9.80990128230528,9.05191056642588e-13,keep,False,31.49,True,560.9713913366403,1.9791441536292358,398.77387029696024,1.0352460747443164,False,True,False,True,False,True,True,True,0.0,False,65.48565502713305,-3.5819679574433962,-0.09231961336940996,28.740821291141906,False,False,-0.027981749085735377,True,False,False,0.0,232.38182506677663,3.68,82.03742166486288,-2.0,0.0,0.0,0.0,0.0,0.0,0.0,0.0,0.0,0.0,0.0,0.0,0.0,0.0,0.0,0.0,0.0
4,100,0.04400944680077272,-3.8105431508337475e-07,9.80990128230528,9.05191056642588e-13,keep,False,31.49,True,560.9713913366403,1.9791441536292358,398.77387029696024,1.0352460747443164,False,True,False,True,False,True,True,True,0.0,False,65.48565502713305,-3.5819679574433962,-0.09231961336940996,28.740821291141906,False,False,-0.027981749085735377,True,False,False,0.0,232.38182506677663,3.68,82.03742166486288,-2.0,0.0,0.0,0.0,0.0,0.0,0.0,0.0,0.0,0.0,0.0,0.0,0.0,0.0,0.0,0.0,0.0
4,101,0.04400944680077272,-3.8105431508337475e-07,9.80990128230528,9.05191056642588e-13,keep,False,31.49,True,560.9713913366403,1.9791441536292358,398.77387029696024,1.0352460747443164,False,True,False,True,False,True,True,True,0.0,False,65.48565502713305,-3.5819679574433962,-0.09231961336940996,28.740821291141906,False,False,-0.027981749085735377,True,False,False,0.0,232.38182506677663,3.68,82.03742166486288,-2.0,0.0,0.0,0.0,0.0,0.0,0.0,0.0,0.0,0.0,0.0,0.0,0.0,0.0,0.0,0.0,0.0
4,102,0.04400944680077272,-3.8105431508337475e-07,9.80990128230528,9.05191056642588e-13,keep,False,31.49,True,560.9713913366403,1.9791441536292358,398.77387029696024,1.0352460747443164,False,True,False,True,False,True,True,True,0.0,False,65.48565502713305,-3.5819679574433962,-0.09231961336940996,28.740821291141906,False,False,-0.027981749085735377,True,False,False,0.0,232.38182506677663,3.68,82.03742166486288,-2.0,0.0,0.0,0.0,0.0,0.0,0.0,0.0,0.0,0.0,0.0,0.0,0.0,0.0,0.0,0.0,0.0
4,103,0.04400944680077272,-3.8105431508337475e-07,9.80990128230528,9.05191056642588e-13,keep,False,31.49,True,560.9713913366403,1.9791441536292358,398.77387029696024,1.0352460747443164,False,True,False,True,False,True,True,True,0.0,False,65.48565502713305,-3.5819679574433962,-0.09231961336940996,28.740821291141906,False,False,-0.027981749085735377,True,False,False,0.0,232.38182506677663,3.68,82.03742166486288,-2.0,0.0,0.0,0.0,0.0,0.0,0.0,0.0,0.0,0.0,0.0,0.0,0.0,0.0,0.0,0.0,0.0
4,104,0.04400944680077272,-3.8105431508337475e-07,9.80990128230528,9.05191056642588e-13,keep,False,31.49,True,560.9713913366403,1.9791441536292358,398.77387029696024,1.0352460747443164,False,True,False,True,False,True,True,True,0.0,False,65.48565502713305,-3.5819679574433962,-0.09231961336940996,28.740821291141906,False,False,-0.027981749085735377,True,False,False,0.0,232.38182506677663,3.68,82.03742166486288,-2.0,0.0,0.0,0.0,0.0,0.0,0.0,0.0,0.0,0.0,0.0,0.0,0.0,0.0,0.0,0.0,0.0
4,105,0.04400944680077272,-3.8105431508337475e-07,9.80990128230528,9.05191056642588e-13,keep,False,31.49,True,560.9713913366403,1.9791441536292358,398.77387029696024,1.0352460747443164,False,True,False,True,False,True,True,True,0.0,False,65.48565502713305,-3.5819679574433962,-0.09231961336940996,28.740821291141906,False,False,-0.027981749085735377,True,False,False,0.0,232.38182506677663,3.68,82.03742166486288,-2.0,0.0,0.0,0.0,0.0,0.0,0.0,0.0,0.0,0.0,0.0,0.0,0.0,0.0,0.0,0.0,0.0
4,106,0.04400944680077272,-3.8105431508337475e-07,9.80990128230528,9.05191056642588e-13,keep,False,31.49,True,560.9713913366403,1.9791441536292358,398.77387029696024,1.0352460747443164,False,True,False,True,False,True,True,True,0.0,False,65.48565502713305,-3.5819679574433962,-0.09231961336940996,28.740821291141906,False,False,-0.027981749085735377,True,False,False,0.0,232.38182506677663,3.68,82.03742166486288,-2.0,0.0,0.0,0.0,0.0,0.0,0.0,0.0,0.0,0.0,0.0,0.0,0.0,0.0,0.0,0.0,0.0
4,107,0.04400944680077272,-3.8105431508337475e-07,9.80990128230528,9.05191056642588e-13,keep,False,31.49,True,560.9713913366403,1.9791441536292358,398.77387029696024,1.0352460747443164,False,True,False,True,False,True,True,True,0.0,False,65.48565502713305,-3.5819679574433962,-0.09231961336940996,28.740821291141906,False,False,-0.027981749085735377,True,False,False,0.0,232.38182506677663,3.68,82.03742166486288,-2.0,0.0,0.0,0.0,0.0,0.0,0.0,0.0,0.0,0.0,0.0,0.0,0.0,0.0,0.0,0.0,0.0
4,108,0.04400944680077272,-3.8105431508337475e-07,9.80990128230528,9.05191056642588e-13,keep,False,31.49,True,560.9713913366403,1.9791441536292358,398.77387029696024,1.0352460747443164,False,True,False,True,False,True,True,True,0.0,False,65.48565502713305,-3.5819679574433962,-0.09231961336940996,28.740821291141906,False,False,-0.027981749085735377,True,False,False,0.0,232.38182506677663,3.68,82.03742166486288,-2.0,0.0,0.0,0.0,0.0,0.0,0.0,0.0,0.0,0.0,0.0,0.0,0.0,0.0,0.0,0.0,0.0
4,109,0.04400944680077272,-3.8105431508337475e-07,9.80990128230528,9.05191056642588e-13,keep,False,31.49,True,560.9713913366403,1.9791441536292358,398.77387029696024,1.0352460747443164,False,True,False,True,False,True,True,True,0.0,False,65.48565502713305,-3.5819679574433962,-0.09231961336940996,28.740821291141906,False,False,-0.027981749085735377,True,False,False,0.0,232.38182506677663,3.68,82.03742166486288,-2.0,0.0,0.0,0.0,0.0,0.0,0.0,0.0,0.0,0.0,0.0,0.0,0.0,0.0,0.0,0.0,0.0
4,110,4.63248653267058,-0.04509543731681604,9.863234584674151,0.08771405825914236,keep,False,31.7,True,554.8093798886139,1.9830605467467388,386.6345797621572,1.0189126560375286,False,True,False,True,False,True,True,True,0.0,False,65.56083351589285,-3.589099863260933,-0.09267175842142836,29.032204423316955,False,False,-0.02150656837073435,True,False,False,0.0,233.85182506677648,3.68,82.03742166486288,-2.0,0.0,0.0,0.0,0.0,0.0,0.0,0.0,0.0,0.0,0.0,0.0,0.0,0.0,0.0,0.0,0.0
4,111,4.024925736596593,-0.05240577951469685,9.73574547596652,0.03301460366722665,keep,False,32.13,True,569.7258396968889,2.0063054095406487,368.1231345368597,0.9826446107100054,False,True,False,True,False,True,True,True,0.0,False,66.26266491362237,-3.656550941936874,-0.09674938389005096,29.64538454583755,False,False,-0.007880343425832189,True,False,False,0.0,236.8618250667762,3.68,82.03742166486288,-2.0,0.0,0.0,0.0,0.0,0.0,0.0,0.0,0.0,0.0,0.0,0.0,0.0,0.0,0.0,0.0,0.0
4,112,4.038000683887205,-0.09689575336292942,9.760689535326149,0.03257153037967096,keep,False,32.53,True,579.572549110873,2.010110407394248,355.64245048889103,0.9642631973401282,False,True,False,True,False,True,True,True,0.0,False,67.61097870967701,-3.792135942595605,-0.10200154655673623,29.762140831615863,False,False,-0.0052857592974253,True,False,False,0.0,239.7318250667759,3.68,82.03742166486288,-2.0,0.0,0.0,0.0,0.0,0.0,0.0,0.0,0.0,0.0,0.0,0.0,0.0,0.0,0.0,0.0,0.0
4,113,4.007882845966595,-1.0262768706808112,9.771774452720981,0.04579373365019226,keep,False,32.95,True,0.0,0.0,333.3337892510531,0.9341251926670477,False,True,False,True,False,True,True,True,0.0,False,69.62143924839646,-4.005130644119822,-0.11230803541349939,28.287775726982662,False,False,-0.038049428289274226,True,False,False,0.0,242.60182506677563,3.68,82.03742166486288,-2.0,0.0,0.0,0.0,0.0,0.0,0.0,0.0,0.0,0.0,0.0,0.0,0.0,0.0,0.0,0.0,0.0
4,114,3.617410725036232,1.7429672046004876,9.664904952392808,0.09232625779801576,cruise,False,33.36,True,411.385647796499,-0.748306327169902,248.13264849437618,0.8453680771420794,False,True,True,True,False,True,True,True,0.0,False,72.16867445521143,-4.349285614026974,-0.15425306455979643,27.191566989480386,False,False,0.06240962245599144,True,False,False,0.0,245.47182506677535,3.68,82.03742166486288,-2.0,0.0,0.0,0.0,0.0,0.0,0.0,0.0,0.0,0.0,0.0,0.0,0.0,0.0,0.0,0.0,0.0
4,115,-4.350402505296648,2.0472091707135798,9.769598163319376,0.4336910921781876,cruise,False,33.77,True,561.8576392583418,1.9867109680832598,267.1987524219205,0.7594623889226599,False,True,True,True,False,True,True,True,0.0,False,75.0510670098699,-4.718514830633412,-0.09518470749212797,23.595020427914058,False,False,0.14233287937968753,True,False,False,0.0,248.34182506677507,3.68,82.03742166486288,-2.0,0.0,0.0,0.0,0.0,0.0,0.0,0.0,0.0,0.0,0.0,0.0,0.0,0.0,0.0,0.0,0.0
4,116,4.000854686826601,1.1688059115197234,9.796639928413553,0.03598532421908021,keep,False,34.17,True,503.95266050894065,1.941258804940674,388.08624582765003,0.7682831884101423,False,True,False,True,True,True,True,False,0.0,False,77.76797147358597,-4.827162496134202,0.011951403773355176,27.680848401055677,False,False,0.05153670219876274,True,False,False,0.0,251.1418250667748,3.68,82.03742166486288,-2.0,0.0,0.0,0.0,0.0,0.0,0.0,0.0,0.0,0.0,0.0,0.0,0.0,0.0,0.0,0.0,0.0
4,117,1.921754592314139,0.08970584329485919,9.610132318974166,0.8136516342869851,cruise,False,34.58,True,485.5070782422708,1.9180126636683366,478.6820974960973,0.8593833917205693,False,True,False,True,True,True,True,True,0.0,False,81.0433717526676,-4.683722141663065,0.06471172320129243,29.75509669507239,False,False,0.005442295665058041,True,False,False,0.0,254.0818250667745,3.68,82.03742166486288,-2.0,0.0,0.0,0.0,0.0,0.0,0.0,0.0,0.0,0.0,0.0,0.0,0.0,0.0,0.0,0.0,0.0
4,118,-0.31630034993915673,-0.17433366439236295,9.895878211392956,0.511274874598542,cruise,False,34.98,True,474.58075230441943,1.9349494442983866,492.82655099255925,0.8767630275390593,False,True,True,True,True,True,True,True,0.0,False,84.41722660346142,-4.443593173231713,0.07254001129354203,29.883320493853518,False,False,-0.002592877914366229,True,False,False,0.0,256.95182506677423,3.68,82.03742166486288,-2.0,0.0,0.0,0.0,0.0,0.0,0.0,0.0,0.0,0.0,0.0,0.0,0.0,0.0,0.0,0.0,0.0
4,119,1.1720736335314315,-0.522470568823774,9.708937850132026,1.0052489826123754,cruise,False,35.39,True,477.3274860092188,1.9524933975144765,496.2418199297513,0.9176037074400424,False,True,True,True,True,True,True,True,0.0,False,87.67011556955538,-4.218150421888771,0.06083784161390339,29.223402667054764,False,False,-0.01725771850989408,True,False,False,0.0,259.75182506677396,3.68,82.03742166486288,-2.0,0.0,0.0,0.0,0.0,0.0,0.0,0.0,0.0,0.0,0.0,0.0,0.0,0.0,0.0,0.0,0.0
4,120,0.3985776028680971,-0.006088781022951101,9.806126338156608,0.05180382764066227,cruise,False,35.82,True,480.91368451477945,1.9601688125542824,494.064556041696,0.975969332927333,False,True,True,True,True,True,True,True,0.0,False,91.10858502852865,-4.038918790044472,0.045906093776256804,29.34167527356044,False,False,-0.014629438365323526,True,False,False,0.0,262.6918250667737,3.68,82.03742166486288,-2.0,0.0,0.0,0.0,0.0,0.0,0.0,0.0,0.0,0.0,0.0,0.0,0.0,0.0,0.0,0.0,0.0
4,121,0.15459546258374596,0.07839525775165589,9.891565801702967,0.05048081360053059,cruise,False,36.22,True,482.3236875591001,1.9819371045374996,470.3032985536921,0.9105144138561511,False,True,True,True,True,True,True,True,0.0,False,94.57163191120333,-3.896975385353432,0.03786274870228521,29.919781269312818,False,False,-0.0017826384597151908,True,False,False,0.0,265.6318250667734,3.68,82.03742166486288,-2.0,0.0,0.0,0.0,0.0,0.0,0.0,0.0,0.0,0.0,0.0,0.0,0.0,0.0,0.0,0.0,0.0
4,122,0.08595387025549056,-0.11967851029140744,9.834763341630545,0.0026309334915896863,cruise,False,36.66,True,482.4775740403038,1.9894167586811555,476.76525325297814,0.9410727277114794,False,True,True,False,True,True,True,True,0.0,False,98.05130337507622,-3.769702695774092,0.034546689514997425,29.77347797841877,False,False,-0.005033822701805079,True,False,False,0.0,268.5718250667731,3.68,82.03742166486288,-2.0,0.0,0.0,0.0,0.0,0.0,0.0,0.0,0.0,0.0,0.0,0.0,0.0,0.0,0.0,0.0,0.0
4,123,0.4027142989517354,-0.13012055207944848,9.76497840318538,0.38727755193478397,cruise,False,37.09,True,483.9377434786334,2.005647898267533,477.7214292487796,0.9598712385526708,False,True,True,False,True,True,True,True,0.0,False,101.60478844959952,-3.656449600600774,0.028837391121823156,29.791291818607554,False,False,-0.004637959586498778,True,False,False,0.0,271.5818250667728,3.68,82.03742166486288,-2.0,0.0,0.0,0.0,0.0,0.0,0.0,0.0,0.0,0.0,0.0,0.0,0.0,0.0,0.0,0.0,0.0
4,124,0.03748078107740551,-0.09227879865823253,9.806416504777914,0.005566792977160252,cruise,False,37.51,True,484.5567004079088,2.017084509214703,476.7344184331253,0.9754526957023555,False,True,True,False,True,True,True,True,0.0,False,105.07885031272079,-3.566047828506831,0.023340887075819827,29.807941587806113,False,False,-0.004267964715419703,True,False,False,0.0,274.5218250667725,3.68,82.03742166486288,-2.0,0.0,0.0,0.0,0.0,0.0,0.0,0.0,0.0,0.0,0.0,0.0,0.0,0.0,0.0,0.0,0.0
4,125,-0.07695811382506028,-0.07927047845719612,9.828532154524051,0.14425010602235605,cruise,False,37.91,True,485.53435196782385,2.016767037230474,477.0547399225154,0.9803329469234132,False,True,True,False,True,True,True,True,0.0,False,108.47379659591425,-3.4947401760791283,0.01873742484357596,29.81677633857464,False,False,-0.00407163692056358,True,False,False,0.0,277.39182506677224,3.68,82.03742166486288,-2.0,0.0,0.0,0.0,0.0,0.0,0.0,0.0,0.0,0.0,0.0,0.0,0.0,0.0,0.0,0.0,0.0
4,126,0.045940523783552824,-0.047288238175010607,9.81359719033916,0.0034081593312307533,cruise,False,38.31,True,486.2837930229531,2.0207264852120557,475.9636424024052,0.9950690224729339,False,True,True,False,True,True,True,True,0.0,False,111.79119173856098,-3.43895983836738,0.015173567184367175,29.87910131807863,False,False,-0.002686637376030438,True,False,False,0.0,280.19182506677197,3.68,82.03742166486288,-2.0,0.0,0.0,0.0,0.0,0.0,0.0,0.0,0.0,0.0,0.0,0.0,0.0,0.0,0.0,0.0,0.0
4,127,0.04970814696436014,-0.05663864820340933,9.813072638488684,0.0019569359270836615,cruise,False,38.7,True,487.759033100454,2.031080571959472,475.83092512832457,0.99968760177617,False,False,True,True,True,True,True,True,0.0,False,115.02782270871488,-3.39431497146407,0.01239348938903956,29.916570847664154,False,False,-0.0018539811630187632,True,False,False,0.0,282.9218250667717,3.68,82.03742166486288,-2.0,0.0,0.0,0.0,0.0,0.0,0.0,0.0,0.0,0.0,0.0,0.0,0.0,0.0,0.0,0.0,0.0
4,128,0.18043594242563665,0.037926823853801896,9.862430373810879,0.07552707302666824,cruise,False,39.12,True,488.4563071447667,2.0285892739852267,472.9418534602507,1.0115661535774767,False,False,True,True,True,True,True,True,0.0,False,118.42836237075124,-3.358836896030281,0.00876599851580788,29.965529729877716,False,False,-0.0007660060027173863,True,False,False,0.0,285.7918250667714,3.68,82.03742166486288,-2.0,0.0,0.0,0.0,0.0,0.0,0.0,0.0,0.0,0.0,0.0,0.0,0.0,0.0,0.0,0.0,0.0
4,129,0.0978658830079427,-0.012145459597859815,9.820939780124686,0.03803327700466681,cruise,False,39.53,True,488.2579850886284,2.034443997049769,474.59933471609094,1.0123455998603443,False,False,True,True,True,True,True,True,0.0,False,121.92392175600615,-3.330081484553965,0.007730808903140522,29.942853646573997,False,False,-0.0012699189650222562,True,False,False,0.0,288.73182506677114,3.68,82.03742166486288,-2.0,0.0,0.0,0.0,0.0,0.0,0.0,0.0,0.0,0.0,0.0,0.0,0.0,0.0,0.0,0.0,0.0
4,130,-0.05111752335485396,-0.03507818665877214,9.818127898866383,0.09617209616978457,cruise,False,39.95,True,488.0078087703409,2.0378065670875745,475.51885724527756,1.0153719204574585,False,False,True,True,True,True,True,True,0.0,False,125.33367765196343,-3.305617778265082,0.0064774185536104235,29.927174204805702,False,False,-0.001618351004317756,True,False,False,0.0,291.60182506677086,3.68,82.03742166486288,-2.0,0.0,0.0,0.0,0.0,0.0,0.0,0.0,0.0,0.0,0.0,0.0,0.0,0.0,0.0,0.0,0.0
4,131,0.03993608688397067,-0.010739442800648626,9.810042459483657,0.010910478084006003,cruise,False,40.35,True,489.52049924450614,2.0443517345718143,488.9564666798109,1.0772767934520093,False,True,True,True,True,False,True,True,0.0,False,128.74460289978228,-3.2859099728729655,0.005248787574233149,29.6464075944576,False,False,-0.007857609012053348,True,False,False,0.0,294.4718250667706,3.68,82.03742166486288,-2.0,0.0,0.0,0.0,0.0,0.0,0.0,0.0,0.0,0.0,0.0,0.0,0.0,0.0,0.0,0.0,0.0
4,132,-0.02629645327398717,0.04869604807388898,9.818311152590672,0.016946579369879134,cruise,False,40.77,True,490.44815678963016,2.0364221429604177,474.4687006901859,1.0148608304315907,False,True,True,True,True,False,True,True,0.0,False,132.15044169788717,-3.272547263534097,0.003651853518272727,29.99555523103831,False,False,-9.877264359313756e-05,True,False,False,0.0,297.3418250667703,3.68,82.03742166486288,-2.0,0.0,0.0,0.0,0.0,0.0,0.0,0.0,0.0,0.0,0.0,0.0,0.0,0.0,0.0,0.0,0.0
4,133,0.047110491476731284,-0.0008485065846146164,9.817368462318692,0.0032381254188409495,cruise,False,41.18,True,489.62667860202976,2.046022865736437,473.8790037670951,1.025671687759007,False,True,True,True,True,False,True,True,0.0,False,135.64938947314565,-3.2591910256445096,0.003860308947876795,29.99997330116905,False,False,5.933073544637244e-07,True,False,False,0.0,300.28182506677,3.68,82.03742166486288,-2.0,0.0,0.0,0.0,0.0,0.0,0.0,0.0,0.0,0.0,0.0,0.0,0.0,0.0,0.0,0.0,0.0
4,134,0.04391118092884694,0.0007502430941501666,9.81290161655042,0.0037908524066111735,cruise,False,41.59,True,488.9033788518119,2.0482839362560368,474.203928210414,1.0262307276842133,False,True,True,True,True,False,True,True,0.0,False,139.06430012062663,-3.246299053681232,0.003701068578368702,29.988302413096893,False,False,-0.000259946375624605,True,False,False,0.0,303.15182506676973,3.68,82.03742166486288,-2.0,0.0,0.0,0.0,0.0,0.0,0.0,0.0,0.0,0.0,0.0,0.0,0.0,0.0,0.0,0.0,0.0
4,135,0.06352079787452719,-0.009554120350429591,9.814829932999457,0.003056449354178154,cruise,False,42.03,True,488.8885457323376,2.0434527166073875,474.48221789435206,1.0281346658713453,False,True,True,True,True,False,True,True,0.0,False,142.64406263069412,-3.233900447544418,0.003098434537134564,29.98348131541926,False,False,-0.0003670818795719588,True,False,False,0.0,306.16182506676944,3.68,82.03742166486288,-2.0,0.0,0.0,0.0,0.0,0.0,0.0,0.0,0.0,0.0,0.0,0.0,0.0,0.0,0.0,0.0,0.0
5,1,0.058927366076071123,-2.4465767221269326e-13,9.821836617241509,0.014676064443809232,,False,0.75,True,461.082087546634,2.1636735195935186,498.5182944091043,1.1188669313956359,False,False,True,True,True,True,True,False,0.0,False,18.33838540268011,-2.499999999999969,3.498353589146182e-14,0.0,False,False,0.0,True,False,False,0.0,20.45412869880215,3.68,79.88087351921622,-2.0,0.0,0.0,0.0,0.0,0.0,0.0,0.0,0.0,0.0,0.0,0.0,0.0,0.0,0.0,0.0,0.0
5,2,0.06274600891034289,-2.8133870770637466e-13,9.824737465922174,0.0003722246246383184,,False,1.17,True,459.0981867156471,2.1543272537392846,498.8462534807377,1.1191003399351473,False,False,True,True,True,True,True,False,0.0,False,18.338437175125648,-2.4999999999999694,3.4551831443537215e-14,0.0,False,False,0.0,True,False,False,0.0,20.45412869880215,3.68,79.88087351921622,-2.0,0.0,0.0,0.0,0.0,0.0,0.0,0.0,0.0,0.0,0.0,0.0,0.0,0.0,0.0,0.0,0.0
5,3,0.043948573038962026,-5.721388776660387e-13,9.809931974686108,9.384829521473013e-06,,False,1.5899999999999999,True,458.78302536894705,2.1470050846577187,498.20072996488705,1.12395386720933,False,False,True,True,True,True,True,False,0.0,False,18.338458143603305,-2.4999999999999702,3.4532646098208363e-14,0.0,False,False,0.0,True,False,False,0.0,20.45412869880215,3.68,79.88087351921622,-2.0,0.0,0.0,0.0,0.0,0.0,0.0,0.0,0.0,0.0,0.0,0.0,0.0,0.0,0.0,0.0,0.0
5,4,2.475998960948695,-0.04220929969845566,9.448546254388495,0.2094985444881894,change_to_left,False,2.01,True,463.32976158274425,2.1555805060049393,501.26098856164947,1.1185637470346683,False,False,True,True,False,True,True,False,0.0,False,18.377301683481743,-2.500202175313965,-0.00046305916608138897,28.788141849357928,True,False,-0.026930181125379392,True,False,True,3.0,23.254128698802162,3.68,79.88087351921622,-2.0,0.0,0.0,0.0,0.0,0.0,0.0,0.0,0.0,0.0,0.0,0.0,0.0,0.0,0.0,0.0,0.0
5,5,-5.405238493875311,-0.07443533530918461,9.552740033100207,0.14871100472107807,change_to_left,False,2.42,True,468.4336316277323,2.1585138653879996,508.89366781460285,1.1187761007204506,False,False,True,True,False,True,True,False,0.0,False,18.618676194205733,-2.49991693333888,0.0006514261914912151,0.0,True,False,0.0,True,False,True,3.0,26.124128698802174,3.68,79.88087351921622,-2.0,0.0,0.0,0.0,0.0,0.0,0.0,0.0,0.0,0.0,0.0,0.0,0.0,0.0,0.0,0.0,0.0
5,6,3.2936824562371467,-0.05268221333306256,9.821187672153803,0.9595134645910713,cruise,False,2.81,True,455.89972998140234,2.150708341122587,496.6352051600257,1.1192205659639192,False,False,True,True,False,True,True,True,0.0,False,18.62323878047855,-2.500058349826697,0.0007022590563547788,28.728521583353583,False,False,-0.028255075925475957,True,False,False,0.0,28.924128698802186,3.68,79.88087351921622,-2.0,0.0,0.0,0.0,0.0,0.0,0.0,0.0,0.0,0.0,0.0,0.0,0.0,0.0,0.0,0.0,0.0
5,7,3.9657807457164034,-0.06253667461659708,9.787581808188031,0.015645700945094123,cruise,False,3.24,True,456.325115810885,2.159724722765027,491.001192284476,1.1189244246886625,False,False,True,True,False,True,True,True,0.0,False,19.069089373026667,-2.501104562792427,-0.002679511933026674,28.7665497244557,False,False,-0.027410006123206702,True,False,False,0.0,31.864128698802197,3.68,79.88087351921622,-2.0,0.0,0.0,0.0,0.0,0.0,0.0,0.0,0.0,0.0,0.0,0.0,0.0,0.0,0.0,0.0,0.0
5,8,4.061560711169083,-0.08162694110815309,9.783032015954806,0.006891450426430995,change_to_right,False,3.65,True,463.9520724836358,2.1504800964668127,483.8219716952157,1.1193193154196135,False,False,True,True,False,False,True,True,0.0,False,20.215352067891445,-2.5104576833002663,-0.010870539289336486,29.14391817840903,False,True,-0.019024040479799314,True,False,True,1.0,34.80412869880221,3.68,79.88087351921622,-2.0,0.0,0.0,0.0,0.0,0.0,0.0,0.0,0.0,0.0,0.0,0.0,0.0,0.0,0.0,0.0,0.0
5,9,4.120075024178426,-1.074302913159547,9.776973022674326,0.28964817793743025,cruise,False,4.06,True,449.4558654047187,2.1567693499245513,495.26073019207365,1.1187499937018102,False,True,True,True,False,False,True,True,0.0,False,21.956163889737947,-2.5173388431134747,0.0051330636539658366,28.716117292887034,False,False,-0.02853072682473254,True,False,False,0.0,37.60412869880222,3.68,79.88087351921622,-2.0,0.0,0.0,0.0,0.0,0.0,0.0,0.0,0.0,0.0,0.0,0.0,0.0,0.0,0.0,0.0,0.0
5,10,4.055421559866106,-0.32739374122093856,9.769381817556484,0.008470700478339173,cruise,False,4.46,True,463.1036733926975,2.1493785095121276,485.0606596566069,1.1179488061194074,False,True,True,True,False,False,True,True,0.0,False,24.40080447315987,-2.5231353866404254,-0.01018757697787057,29.022000250622344,False,False,-0.021733327763947874,True,False,False,0.0,40.47412869880223,3.68,79.88087351921622,-2.0,0.0,0.0,0.0,0.0,0.0,0.0,0.0,0.0,0.0,0.0,0.0,0.0,0.0,0.0,0.0,0.0
5,11,3.4013514754531715,-0.13588480695066615,9.83611819572117,0.6607654718058596,cruise,False,4.86,True,478.6165407651046,2.1357150904496818,472.73340914553125,1.1161822848440397,False,True,True,True,False,False,True,True,0.0,False,27.344358845101258,-2.5794232704760653,-0.024184599076377333,29.76226530752676,False,False,-0.005282993166071976,True,False,False,0.0,43.20412869880224,3.68,79.88087351921622,-2.0,0.0,0.0,0.0,0.0,0.0,0.0,0.0,0.0,0.0,0.0,0.0,0.0,0.0,0.0,0.0,0.0
5,12,0.12381860826961212,0.046298659019202756,9.783699326074924,0.1635673650471295,cruise,False,5.26,True,493.40328142739304,2.123908984723193,472.19422999692455,1.1002605368302376,False,True,True,True,False,False,True,True,0.0,False,30.665573426247953,-2.668875076149352,-0.0279741128527461,29.919629656801078,False,False,0.0017860076266427458,True,False,False,0.0,46.004128698802255,3.68,79.88087351921622,-2.0,0.0,0.0,0.0,0.0,0.0,0.0,0.0,0.0,0.0,0.0,0.0,0.0,0.0,0.0,0.0,0.0
5,13,0.0713350602364615,0.3353833141597029,9.748060239255521,0.043016932128479395,cruise,False,5.66,True,495.62321911185273,2.101532379119878,471.87508399830097,1.0838970949350681,False,True,True,True,False,False,True,True,0.0,False,33.97964292251115,-2.757942282086832,-0.025159693846921478,29.83795734763933,False,False,0.003600947830237137,True,False,False,0.0,48.804128698802266,3.68,79.88087351921622,-2.0,0.0,0.0,0.0,0.0,0.0,0.0,0.0,0.0,0.0,0.0,0.0,0.0,0.0,0.0,0.0,0.0
5,14,0.07169661286198048,0.09859581842241265,9.802788079159589,0.030802649068946402,cruise,False,6.07,True,492.3776480982756,2.087064502836855,471.37479819963016,1.0817065179828091,False,True,True,True,False,False,True,True,0.0,False,37.37440600775416,-2.835917129485285,-0.020726357420172814,29.82929901174713,False,False,0.003793355294508281,True,False,False,0.0,51.67412869880228,3.68,79.88087351921622,-2.0,0.0,0.0,0.0,0.0,0.0,0.0,0.0,0.0,0.0,0.0,0.0,0.0,0.0,0.0,0.0,0.0
5,15,0.24475381942988336,0.07775656876123603,9.786796395371656,0.12705201762489984,cruise,False,6.48,True,494.2779407807837,2.093648061281396,473.47043215364613,1.0719673459188874,False,True,True,True,False,False,True,True,0.0,False,40.7744006319023,-2.9001604577575515,-0.017114956346098973,29.89034922936085,False,False,0.002436683791981083,True,False,False,0.0,54.54412869880229,3.68,79.88087351921622,-2.0,0.0,0.0,0.0,0.0,0.0,0.0,0.0,0.0,0.0,0.0,0.0,0.0,0.0,0.0,0.0,0.0
5,16,0.026270777976108974,0.12280621492456682,9.803379852558045,0.06668720227777139,cruise,False,6.87,True,493.63749208281155,2.0804550371898944,472.1781691052555,1.0652788487532079,False,True,True,True,False,True,True,True,0.0,False,44.09619504189453,-2.952461183390298,-0.014509245327424982,29.90601551013126,False,False,0.002088544219305251,True,False,False,0.0,57.3441286988023,3.68,79.88087351921622,-2.0,0.0,0.0,0.0,0.0,0.0,0.0,0.0,0.0,0.0,0.0,0.0,0.0,0.0,0.0,0.0,0.0
5,17,0.04049144661674244,0.05348989738277244,9.81815171173237,0.07502774616278621,cruise,False,7.29,True,491.4640165391135,2.0667282212703615,471.96284007746647,1.06325456001759,False,True,True,True,False,True,True,True,0.0,False,47.49949396645476,-2.997520398541671,-0.011853611954060159,29.885635182303567,False,False,0.002541440393254032,True,False,False,0.0,60.21412869880231,3.68,79.88087351921622,-2.0,0.0,0.0,0.0,0.0,0.0,0.0,0.0,0.0,0.0,0.0,0.0,0.0,0.0,0.0,0.0,0.0
5,18,0.08611289601958008,0.02550873344727239,9.810701388331074,0.04846400686728528,cruise,False,7.7,True,491.74941684887034,2.0745315876182713,473.41919930725123,1.0495300744138933,False,True,True,True,False,True,True,True,0.0,False,50.988532258734516,-3.034349115241486,-0.009400056210980766,29.94907913390214,False,False,0.0011315748021746505,True,False,False,0.0,63.154128698802324,3.68,79.88087351921622,-2.0,0.0,0.0,0.0,0.0,0.0,0.0,0.0,0.0,0.0,0.0,0.0,0.0,0.0,0.0,0.0,0.0
5,19,-4.079656620363865,-0.9266100098676365,9.834106335510574,0.20017383541607142,swerve_left,False,8.11,True,501.25977650503035,2.059188257391894,470.723865474469,1.0467842786119648,False,True,False,True,False,True,True,True,0.0,False,54.279689665166416,-3.0679150713329832,-0.0180237335075163,0.0,False,False,0.0,True,False,True,7.0,65.95412869880214,3.68,79.88087351921622,-2.0,0.0,0.0,0.0,0.0,0.0,0.0,0.0,0.0,0.0,0.0,0.0,0.0,0.0,0.0,0.0,0.0
5,20,-3.8520891305122067,-0.05567290963371589,9.889447656265494,0.03247320300839239,swerve_left,False,8.52,True,513.7393654426343,2.061104490519482,462.71696950647805,1.0310321344535986,False,True,False,True,False,True,True,True,0.0,False,57.132264985914524,-3.1338504620454812,-0.02379083439288573,0.0,False,False,0.0,True,False,True,5.0,68.82412869880186,3.68,79.88087351921622,-2.0,0.0,0.0,0.0,0.0,0.0,0.0,0.0,0.0,0.0,0.0,0.0,0.0,0.0,0.0,0.0,0.0
5,21,-3.9536037091196636,-0.001534617576294099,9.815330801339638,0.005991614750154337,swerve_left,False,8.94,True,515.0169639146188,2.05002471344517,460.1082707445469,1.0289007289117333,False,True,False,True,False,True,True,True,0.0,False,59.36318729785307,-3.1871550642302795,-0.023747639127132777,0.0,False,False,0.0,True,False,True,7.0,71.76412869880157,3.68,79.88087351921622,-2.0,0.0,0.0,0.0,0.0,0.0,0.0,0.0,0.0,0.0,0.0,0.0,0.0,0.0,0.0,0.0,0.0
5,22,-3.971828728041386,0.0006904697631326447,9.806231389458574,0.001249041393540253,swerve_left,False,9.35,True,513.7901093790997,2.035565220373409,458.4612162733511,1.024238640456494,False,True,False,True,False,True,True,True,0.0,False,60.86592670183263,-3.222937590500382,-0.02363769755033521,0.0,False,False,0.0,True,False,True,7.0,74.63412869880129,3.68,79.88087351921622,-2.0,0.0,0.0,0.0,0.0,0.0,0.0,0.0,0.0,0.0,0.0,0.0,0.0,0.0,0.0,0.0,0.0
5,23,-3.969743434989748,0.0003495517970594497,9.808856278663166,0.00014263644569217075,swerve_left,False,9.76,True,514.7210579135325,2.036248316213491,457.3740927233194,1.016259002391604,False,True,False,True,False,True,True,True,0.0,False,61.7139099319206,-3.243111554407579,-0.023526039979392985,0.0,False,False,0.0,True,False,True,7.0,77.574128698801,3.68,79.88087351921622,-2.0,0.0,0.0,0.0,0.0,0.0,0.0,0.0,0.0,0.0,0.0,0.0,0.0,0.0,0.0,0.0,0.0
5,24,-0.18944334048653758,0.0021699630986355906,9.684448515284016,0.19793748694760085,swerve_left,False,10.17,True,510.3347282089101,2.024427947462664,455.2091308446938,1.0139386385175873,False,True,False,True,False,True,True,True,0.0,False,61.88997045294947,-3.24736311074009,-0.023451352211584297,0.0,False,False,0.0,True,False,True,5.0,80.37412869880073,3.68,79.88087351921622,-2.0,0.0,0.0,0.0,0.0,0.0,0.0,0.0,0.0,0.0,0.0,0.0,0.0,0.0,0.0,0.0,0.0
5,25,-0.1496460775457677,0.0001626035163881151,9.746251604847126,0.012447266487246051,swerve_left,False,10.56,True,508.3868737925598,2.0302118390849855,451.61590983219514,1.0137512801399757,False,True,False,True,False,True,True,True,0.0,False,61.88939909298437,-3.2473478996239282,-0.023451550061974892,0.0,False,False,0.0,True,False,True,5.0,83.10412869880047,3.68,79.88087351921622,-2.0,0.0,0.0,0.0,0.0,0.0,0.0,0.0,0.0,0.0,0.0,0.0,0.0,0.0,0.0,0.0,0.0
5,26,0.04301439747656622,4.915253315516864e-06,9.818082766697039,0.010117674105258887,swerve_left,False,10.98,True,508.22230738601013,2.0363971320571825,451.41365139469883,1.0153450755449045,False,True,False,True,False,True,True,True,0.0,False,61.88922748836181,-3.247343785207036,-0.023451551309765506,0.0,False,False,0.0,True,False,True,5.0,86.04412869880018,3.68,79.88087351921622,-2.0,0.0,0.0,0.0,0.0,0.0,0.0,0.0,0.0,0.0,0.0,0.0,0.0,0.0,0.0,0.0,0.0
5,27,0.050134331224410814,2.649012251462867e-07,9.815147465757251,0.00033062038412768707,swerve_left,False,11.37,True,505.3361338605089,2.022105136296273,450.8163869442846,1.0144120873672084,False,True,False,True,False,True,True,True,0.0,False,61.889236890967936,-3.247344002093676,-0.023451551364774805,0.0,False,False,0.0,True,False,True,5.0,88.77412869879991,3.68,79.88087351921622,-2.0,0.0,0.0,0.0,0.0,0.0,0.0,0.0,0.0,0.0,0.0,0.0,0.0,0.0,0.0,0.0,0.0
5,28,0.044047284547104486,-3.981674146883821e-09,9.80987318194405,1.480912331247667e-06,change_to_left,False,11.77,True,506.0278307858574,2.0273760772699294,451.21225941788794,1.0135478143578769,False,True,False,True,True,True,True,True,0.0,False,61.88923976402217,-3.247344069272038,-0.02345155136598498,0.0,True,False,0.0,True,False,False,-1.0,91.57412869879964,3.68,79.88087351921622,-2.0,0.0,0.0,0.0,0.0,0.0,0.0,0.0,0.0,0.0,0.0,0.0,0.0,0.0,0.0,0.0,0.0
5,29,3.9870489884182843,0.24935641883819798,9.812126269800316,0.0830850020279936,change_to_left,False,12.18,True,495.7551572154865,2.0401483861981524,450.49697092285857,1.0131284807512286,False,True,False,True,True,True,True,True,0.0,False,62.18428929957564,-3.2509986017793993,-0.014539635201231001,30.0,True,False,0.1162617373233272,True,False,False,-1.0,94.51412869879935,3.68,79.88087351921622,-2.0,0.0,0.0,0.0,0.0,0.0,0.0,0.0,0.0,0.0,0.0,0.0,0.0,0.0,0.0,0.0,0.0
5,30,4.067746538451466,0.48791297555636803,9.805293312626398,0.017854190422244356,change_to_left,False,12.6,True,472.35981369186794,2.0499572860455313,478.712161200488,1.0306211460894485,False,True,False,True,True,True,True,True,0.0,False,63.14257590262893,-3.243323233301869,0.018730203068701823,30.0,True,False,0.1162617373233272,True,False,False,-1.0,97.38412869879907,3.68,79.88087351921622,-2.0,0.0,0.0,0.0,0.0,0.0,0.0,0.0,0.0,0.0,0.0,0.0,0.0,0.0,0.0,0.0,0.0
5,31,4.008257984655945,0.9328352107585209,9.774649294087434,0.025338513502545162,change_to_left,False,13.0,True,422.4746543745628,2.064788356597744,528.7507543645129,1.0612040367032751,False,True,False,True,True,True,True,True,0.0,False,64.76098091011619,-3.158200933048434,0.07493784121668154,30.0,True,False,0.1162617373233272,True,False,False,-1.0,100.2541286987988,3.68,79.88087351921622,-2.0,0.0,0.0,0.0,0.0,0.0,0.0,0.0,0.0,0.0,0.0,0.0,0.0,0.0,0.0,0.0,0.0
5,32,3.9315265915322812,1.5445221367101905,9.767207028813658,0.03623160822817786,change_to_left,False,13.43,True,329.06278937614235,2.115675014201549,508.8225949796872,1.167212832977924,False,True,False,True,True,True,True,True,0.0,False,67.08943027014774,-2.8755090675798205,0.15617854664632108,30.0,True,False,0.1162617373233272,True,False,False,-1.0,103.19412869879851,3.68,79.88087351921622,-2.0,0.0,0.0,0.0,0.0,0.0,0.0,0.0,0.0,0.0,0.0,0.0,0.0,0.0,0.0,0.0,0.0
5,33,3.881460016593192,2.3535913682822627,9.76439695880486,0.03887329534231074,change_to_left,False,13.83,True,163.4186907104702,2.2726464598910487,535.5566851520083,1.123898146201104,False,True,False,True,True,True,True,True,0.0,False,69.8989779812753,-2.273671169270259,0.256850795111064,30.0,True,False,0.1162617373233272,True,False,False,-1.0,105.99412869879824,3.68,79.88087351921622,-2.0,0.0,0.0,0.0,0.0,0.0,0.0,0.0,0.0,0.0,0.0,0.0,0.0,0.0,0.0,0.0,0.0
5,34,-0.31706133856063157,2.685691208841726,9.68836930592863,0.07245675203115641,change_to_left,False,14.23,True,0.0,0.0,352.2287846808235,-0.39219632975106916,False,True,False,True,True,True,True,True,0.0,False,73.02621685628851,-1.2447462816040955,0.380747242598346,30.0,True,False,0.1162617373233272,True,False,False,-1.0,108.79412869879796,3.68,79.88087351921622,-2.0,0.0,0.0,0.0,0.0,0.0,0.0,0.0,0.0,0.0,0.0,0.0,0.0,0.0,0.0,0.0,0.0
5,35,-0.09171234357478786,-3.9137962883095057,9.851450796111907,0.48452871135012815,change_to_left,False,14.67,False,0.0,0.0,0.0,0.0,False,False,True,True,True,True,True,True,0.0,False,76.32301574115561,0.3306591268593859,0.4751420003602131,30.0,True,False,-0.1162617373233272,True,False,True,2.0,111.87412869879766,3.68,79.88087351921622,-2.0,0.0,0.0,0.0,0.0,0.0,0.0,0.0,0.0,0.0,0.0,0.0,0.0,0.0,0.0,0.0,0.0
5,36,-3.8833533351138025,-3.7134425646680715,10.066112659752287,0.3738502242752662,cruise,False,15.11,False,322.2295530147218,1.9155033679971283,0.0,0.0,False,False,True,True,True,True,True,True,0.0,False,79.64814216706623,1.805139966566997,0.34723802260537534,22.144924306534037,False,False,-0.17455723763257694,True,False,False,0.0,114.95412869879736,3.68,79.88087351921622,-2.0,0.0,0.0,0.0,0.0,0.0,0.0,0.0,0.0,0.0,0.0,0.0,0.0,0.0,0.0,0.0,0.0
5,37,-5.315766353071234,-5.560958860248651,7.688187810054726,7.02897644812998,cruise,False,15.52,False,377.9000013724754,1.9819808709161817,645.5556138116993,1.0568456777121282,False,False,True,True,True,True,True,True,0.0,False,82.6166363045263,2.6339922821649644,0.19641013588371703,23.133412080477765,False,False,-0.15259084265604964,True,False,False,0.0,117.96412869879707,3.68,79.88087351921622,-2.0,0.0,0.0,0.0,0.0,0.0,0.0,0.0,0.0,0.0,0.0,0.0,0.0,0.0,0.0,0.0,0.0
5,38,1.1396746247606884,-1.4415794619283058,9.835613171237775,0.6602221573595002,cruise,False,15.95,False,423.3538996636624,2.0584535518419296,546.1434447375767,1.077030408611058,False,False,True,True,True,False,True,True,0.0,False,85.46618735200308,3.012369299149382,0.07860894818527248,26.42049759507629,False,False,-0.07954449788719357,True,False,False,0.0,120.90412869879678,3.68,79.88087351921622,-2.0,0.0,0.0,0.0,0.0,0.0,0.0,0.0,0.0,0.0,0.0,0.0,0.0,0.0,0.0,0.0,0.0
5,39,-0.03881112311711465,-0.5020600135253508,9.89025316787508,0.385851230282581,change_to_right,False,16.36,False,467.4513682504948,2.0534284536004797,501.04024649667974,1.0909339322919525,False,True,True,True,True,False,True,True,0.0,False,88.63148193733177,3.1480302083128264,0.018433718314363665,28.60621001151901,False,True,-0.030973110855133056,True,False,False,0.0,123.7741286987965,3.68,79.88087351921622,-2.0,0.0,0.0,0.0,0.0,0.0,0.0,0.0,0.0,0.0,0.0,0.0,0.0,0.0,0.0,0.0,0.0
5,40,-0.15510885634266408,-3.3039604239574025,9.802582467907506,0.11437987688154655,change_to_right,False,16.78,False,513.0439797330256,2.039345334076338,458.4721144743098,1.0819632616847834,False,True,True,True,True,False,True,True,0.0,False,91.91026003976067,3.140190054044371,-0.04503293285208078,28.876936506755257,False,True,-0.1208050191757182,True,False,False,0.0,126.64412869879622,3.68,79.88087351921622,-2.0,0.0,0.0,0.0,0.0,0.0,0.0,0.0,0.0,0.0,0.0,0.0,0.0,0.0,0.0,0.0,0.0
5,41,-0.014404206834929538,-2.600381576566472,9.8048892269312,0.023718870999505832,change_to_right,False,17.19,False,607.4888813470234,1.97156080341523,324.85430565918375,0.9959597908058938,False,True,True,True,True,False,True,True,0.0,False,95.15494036385137,2.791518861480092,-0.1722875642782406,28.876936506755257,False,True,-0.1208050191757182,True,False,False,0.0,129.51412869879596,3.68,79.88087351921622,-2.0,0.0,0.0,0.0,0.0,0.0,0.0,0.0,0.0,0.0,0.0,0.0,0.0,0.0,0.0,0.0,0.0
5,42,-0.3177119743985506,3.908715916213483,9.920022196298063,1.000968981213188,change_to_right,False,17.6,False,652.3502070578693,1.8828384483574299,94.58616574264514,0.8038993333545965,False,True,True,False,True,False,True,True,0.0,False,98.42188009304238,2.009805626506514,-0.2649600050791805,28.876936506755257,False,True,0.1208050191757182,True,False,True,4.0,132.45412869879567,3.68,79.88087351921622,-2.0,0.0,0.0,0.0,0.0,0.0,0.0,0.0,0.0,0.0,0.0,0.0,0.0,0.0,0.0,0.0,0.0
5,43,0.030345128189618112,2.6043390631315675,9.831951927730705,0.03905483642534509,change_to_right,False,18.01,False,0.0,0.0,100.20307619892846,0.5809295727156439,False,True,True,False,True,False,True,True,0.0,False,101.61656186307201,1.3197968778678733,-0.14917570560099808,28.876936506755257,False,True,0.1208050191757182,True,False,True,4.0,135.3241286987954,3.68,79.88087351921622,-2.0,0.0,0.0,0.0,0.0,0.0,0.0,0.0,0.0,0.0,0.0,0.0,0.0,0.0,0.0,0.0,0.0
5,44,-4.401692366186659,4.831718187426348,10.087086622453363,1.950696414828889,cruise,False,18.42,False,0.0,0.0,240.35909295867367,0.5383258126351783,False,True,True,False,True,False,True,True,0.0,False,104.86083510348402,1.0424210372284588,-0.01614822051198702,18.405957654872054,False,False,0.2576453854472877,True,False,False,0.0,138.1941286987951,3.68,79.88087351921622,-2.0,0.0,0.0,0.0,0.0,0.0,0.0,0.0,0.0,0.0,0.0,0.0,0.0,0.0,0.0,0.0,0.0
5,45,5.477605037456333,0.14775700858114552,10.130266309643314,0.0650971698946032,cruise,False,18.84,False,467.2399001064815,1.896811379834743,459.9030334307517,0.6801739253433621,False,True,True,False,True,True,True,True,0.0,False,107.91566600337087,1.2179756074999544,0.10093861466075872,29.601561552906006,False,False,0.0088541877131999,True,False,False,0.0,141.06412869879483,3.68,79.88087351921622,-2.0,0.0,0.0,0.0,0.0,0.0,0.0,0.0,0.0,0.0,0.0,0.0,0.0,0.0,0.0,0.0,0.0
5,46,-0.15141134099529624,-0.5208221878492605,9.651469335692225,0.16937450380693464,cruise,False,19.25,False,470.0720671055061,1.8993842604656974,504.81799466084243,0.7954611358132401,False,True,True,True,True,True,True,True,0.0,False,111.22531808246818,1.5653059069046302,0.09759600614736388,28.939354382215345,False,False,-0.023569902617436772,True,False,False,0.0,143.93412869879455,3.68,79.88087351921622,-2.0,0.0,0.0,0.0,0.0,0.0,0.0,0.0,0.0,0.0,0.0,0.0,0.0,0.0,0.0,0.0,0.0
5,47,0.028819777377545215,-0.3799044506013853,9.769274982273686,0.08884460455681382,cruise,False,19.67,False,480.3278575608866,1.9241339078899171,492.0979450673347,0.87145566204008,False,True,True,True,True,True,True,True,0.0,False,114.59404470352057,1.8528341703431899,0.07280352923913239,29.162728284039712,False,False,-0.018606038132450847,True,False,False,0.0,146.87412869879427,3.68,79.88087351921622,-2.0,0.0,0.0,0.0,0.0,0.0,0.0,0.0,0.0,0.0,0.0,0.0,0.0,0.0,0.0,0.0,0.0
5,48,0.12580832123056415,-0.3786595407485465,9.824307033823638,0.17513430863373655,cruise,False,20.09,False,482.36052471062385,1.9479444057179083,490.8839300146182,0.9125213641775383,False,True,True,True,True,True,True,True,0.0,False,118.0173110407303,2.0717679634028565,0.05635222566185017,29.490532525046515,False,False,-0.011321499443410777,True,False,False,0.0,149.81412869879398,3.68,79.88087351921622,-2.0,0.0,0.0,0.0,0.0,0.0,0.0,0.0,0.0,0.0,0.0,0.0,0.0,0.0,0.0,0.0,0.0
5,49,0.2000625118751269,-0.20813426000894733,9.832654839049198,0.2146894867753528,cruise,False,20.51,False,491.6121934908779,1.9214845912984,488.9295606066024,0.9521220165237347,False,True,True,True,True,True,True,True,0.0,False,121.45875678311629,2.2449138741671533,0.0442155449061931,29.6623938864629,False,False,-0.007502358078602204,True,False,False,0.0,152.7541286987937,3.68,79.88087351921622,-2.0,0.0,0.0,0.0,0.0,0.0,0.0,0.0,0.0,0.0,0.0,0.0,0.0,0.0,0.0,0.0,0.0
5,50,0.10098932166968749,-0.20835560496343997,9.77684555396517,0.06524001109250162,cruise,False,20.91,False,486.6424615731406,1.9722806297972473,482.2472783071024,0.9752678203180238,False,True,True,True,True,True,True,True,0.0,False,124.75177026524409,2.376711615991662,0.03577886371801953,29.66596847253939,False,False,-0.007422922832457996,True,False,False,0.0,155.55412869879342,3.68,79.88087351921622,-2.0,0.0,0.0,0.0,0.0,0.0,0.0,0.0,0.0,0.0,0.0,0.0,0.0,0.0,0.0,0.0,0.0
5,51,0.02610303096454315,-0.1635314656061237,9.798168218192808,0.063430162965198,cruise,False,21.33,False,489.12878199309586,1.981796317762871,484.49512697433397,0.982793672083381,False,True,True,True,True,True,True,True,0.0,False,128.21127220856866,2.4858273221946243,0.027470627483563975,29.706016190380154,False,False,-0.00653297354710767,True,False,False,0.0,158.49412869879313,3.68,79.88087351921622,-2.0,0.0,0.0,0.0,0.0,0.0,0.0,0.0,0.0,0.0,0.0,0.0,0.0,0.0,0.0,0.0,0.0
5,52,-0.2191879994927039,-0.10190742059779746,9.796715974228443,0.07393999116466217,cruise,False,21.75,False,489.8306871974427,1.9902866302995625,483.60551922271713,0.9988234510637464,False,True,True,True,True,True,True,True,0.0,False,131.68833311240584,2.570973352222615,0.022223903114454772,29.744743022189247,False,False,-0.0056723772846834055,True,False,False,0.0,161.43412869879285,3.68,79.88087351921622,-2.0,0.0,0.0,0.0,0.0,0.0,0.0,0.0,0.0,0.0,0.0,0.0,0.0,0.0,0.0,0.0,0.0
5,53,0.09139355793820172,-0.11894434727973949,9.787981890620364,0.2630889317467383,cruise,False,22.15,False,499.9995063524925,1.9554034998167202,483.3857070943434,1.0067220382878395,False,True,True,True,True,True,True,True,0.0,False,135.00104321126116,2.637255834042888,0.017956544343241655,29.8143908951327,False,False,-0.004124646774828869,True,False,False,0.0,164.30412869879257,3.68,79.88087351921622,-2.0,0.0,0.0,0.0,0.0,0.0,0.0,0.0,0.0,0.0,0.0,0.0,0.0,0.0,0.0,0.0,0.0
5,54,0.12960844108175099,-0.06872741709085989,9.807983957404279,0.03771130343885618,cruise,False,22.59,False,491.5412769950634,2.0059577492923935,480.3646586375923,1.0224010984660794,False,True,True,True,True,True,True,True,0.0,False,138.65228697573116,2.696679508161803,0.014524116208088763,29.906364562558494,False,False,-0.0020807874987000836,True,False,False,0.0,167.31412869879227,3.68,79.88087351921622,-2.0,0.0,0.0,0.0,0.0,0.0,0.0,0.0,0.0,0.0,0.0,0.0,0.0,0.0,0.0,0.0,0.0
5,55,-0.2939620707291791,-0.15655686620884104,9.788991137564707,0.1909637760378051,cruise,False,22.99,False,492.4152029625776,2.0109933376492917,473.41865110740866,1.055487641608504,False,True,True,True,True,True,True,True,0.0,False,141.9693282467926,2.7408903132814935,0.011830227046713979,29.687040185740713,False,False,-0.006954662539095264,True,False,False,0.0,170.114128698792,3.68,79.88087351921622,-2.0,0.0,0.0,0.0,0.0,0.0,0.0,0.0,0.0,0.0,0.0,0.0,0.0,0.0,0.0,0.0,0.0
5,56,-0.13827865510146728,-0.06317116085694026,9.809329478735552,0.33259402676333827,cruise,False,23.4,False,491.2377031742895,2.004024898283401,478.3356292374741,1.0430353348415387,False,True,True,True,True,True,True,True,0.0,False,145.36937794121494,2.7752744050745233,0.008625810261551575,29.826067512042155,False,False,-0.003865166399063216,True,False,False,0.0,172.98412869879172,3.68,79.88087351921622,-2.0,0.0,0.0,0.0,0.0,0.0,0.0,0.0,0.0,0.0,0.0,0.0,0.0,0.0,0.0,0.0,0.0
5,57,0.031187612112153717,-0.016567204157767676,9.817832483732548,0.018365475556295564,change_to_right,False,23.81,False,494.08771841201076,2.018102620378338,479.18793416192216,1.0385783416298056,False,True,True,True,True,True,True,True,0.0,False,148.77587890704703,2.799716269049833,0.006141953884492263,29.94355069929698,False,True,-0.0012544289045115294,True,False,False,-1.0,175.85412869879144,3.68,79.88087351921622,-2.0,0.0,0.0,0.0,0.0,0.0,0.0,0.0,0.0,0.0,0.0,0.0,0.0,0.0,0.0,0.0,0.0
5,58,-0.05850317030839624,-2.5211344059699994,9.79020507327815,0.0226828913280067,change_to_right,False,24.23,False,559.0722366895532,1.9883550041526905,393.20028568993536,0.994323339960747,False,True,False,True,False,True,True,True,0.0,False,152.25412687467866,2.702859450618721,-0.08783131847048162,29.94355069929698,False,True,-0.11648190857693239,True,False,False,-1.0,178.79412869879116,3.68,79.88087351921622,-2.0,0.0,0.0,0.0,0.0,0.0,0.0,0.0,0.0,0.0,0.0,0.0,0.0,0.0,0.0,0.0,0.0
5,59,-0.05055232555555408,-2.6645756324424346,9.789444249216029,0.0023519098439534376,change_to_right,False,24.63,False,638.7177849090505,1.9195673303788034,191.4198944598135,0.8481111020377322,False,True,True,True,False,True,True,True,0.0,False,155.6015836524267,2.1929060994459233,-0.2168825570533846,29.94355069929698,False,True,-0.11648190857693239,True,False,False,-1.0,181.66412869879088,3.68,79.88087351921622,-2.0,0.0,0.0,0.0,0.0,0.0,0.0,0.0,0.0,0.0,0.0,0.0,0.0,0.0,0.0,0.0,0.0
5,60,-0.044758490028035884,-2.6724527546910677,9.794133585645664,0.0002770098134814012,change_to_right,False,25.05,False,237.47313235243593,-2.6781223838648707,0.0,0.0,False,True,True,True,True,True,True,True,0.0,False,158.85492757064634,1.2549539520497621,-0.34648700823356676,29.94355069929698,False,True,-0.11648190857693239,True,False,False,-1.0,184.5341286987906,3.68,79.88087351921622,-2.0,0.0,0.0,0.0,0.0,0.0,0.0,0.0,0.0,0.0,0.0,0.0,0.0,0.0,0.0,0.0,0.0
5,61,-0.06685512680454078,3.8693674094019137,9.858285898618385,0.5145947500843242,change_to_right,False,25.49,True,0.0,0.0,0.0,0.0,False,True,True,True,True,True,True,True,0.0,False,162.19900826277458,-0.20444020212749647,-0.44059521760059556,29.94355069929698,False,True,0.11648190857693239,True,False,False,-1.0,187.6141286987903,3.68,79.88087351921622,-2.0,0.0,0.0,0.0,0.0,0.0,0.0,0.0,0.0,0.0,0.0,0.0,0.0,0.0,0.0,0.0,0.0
5,62,0.08272125782344122,2.652729638473491,9.81847256861188,0.004798587636427931,cruise,False,25.92,True,0.0,0.0,320.5562070826706,1.2004152515916335,False,True,True,True,True,True,True,True,0.0,False,165.49499804017856,-1.5373307051150582,-0.31735988602832743,29.94355069929698,False,False,0.11648190857693239,True,False,False,0.0,190.62412869879,3.68,79.88087351921622,-2.0,0.0,0.0,0.0,0.0,0.0,0.0,0.0,0.0,0.0,0.0,0.0,0.0,0.0,0.0,0.0,0.0
5,63,-0.8244902893537125,1.2863396663178481,9.608251765750413,1.2433118377190553,cruise,False,26.35,True,604.6759627790042,2.142962252442488,396.83958747672943,1.130001857638728,False,True,True,True,True,True,True,True,0.0,False,168.6288983140528,-2.2989973640503907,-0.15672984446026159,24.780901413811062,False,False,0.1159799685819764,True,False,False,0.0,193.6341286987897,3.68,79.88087351921622,-2.0,0.0,0.0,0.0,0.0,0.0,0.0,0.0,0.0,0.0,0.0,0.0,0.0,0.0,0.0,0.0,0.0
5,64,1.8764193499679531,0.7026990135726862,9.675302607088238,0.7196063751454852,cruise,False,26.76,True,523.2181834628317,2.1099382219483838,442.5922816225074,1.0992925382350474,False,True,True,True,False,True,True,True,0.0,False,171.69636677478232,-2.6202966125775613,-0.06616755179335243,28.101914425210396,False,False,0.04217967943976901,True,False,False,0.0,196.57412869878942,3.68,79.88087351921622,-2.0,0.0,0.0,0.0,0.0,0.0,0.0,0.0,0.0,0.0,0.0,0.0,0.0,0.0,0.0,0.0,0.0
5,65,0.48447394829024826,0.2175917714910201,9.864436244515266,0.263799730755693,cruise,False,27.19,True,500.9359775454253,2.1050046608301716,463.39651970316464,1.084487507574947,False,True,True,True,False,True,True,True,0.0,False,175.06490989689982,-2.772169753802194,-0.031504476297752486,29.454373627174018,False,False,0.012125030507244061,True,False,False,0.0,199.51412869878914,3.68,79.88087351921622,-2.0,0.0,0.0,0.0,0.0,0.0,0.0,0.0,0.0,0.0,0.0,0.0,0.0,0.0,0.0,0.0,0.0
5,66,0.07085760181664816,0.1036480282515559,9.825596123587056,0.015695117928958887,cruise,False,27.61,True,495.3680402442095,2.0930833303414973,469.588029953402,1.0764321085515218,False,True,True,True,False,True,True,True,0.0,False,178.52527959025306,-2.8592213349794275,-0.020820481059456917,29.764364020105972,False,False,0.005236355108756214,True,False,False,0.0,202.45412869878885,3.68,79.88087351921622,-2.0,0.0,0.0,0.0,0.0,0.0,0.0,0.0,0.0,0.0,0.0,0.0,0.0,0.0,0.0,0.0,0.0
5,67,0.04146911398937327,0.036855761510786886,9.824599653296415,0.032713129040301187,cruise,False,28.02,True,491.9693644190496,2.076415002728436,472.6601366124204,1.0663876206971654,False,True,True,True,False,True,True,True,0.0,False,181.92165126710773,-2.9203497425565215,-0.015844864510760774,29.87708039707669,False,False,0.00273154673162915,True,False,False,0.0,205.32412869878857,3.68,79.88087351921622,-2.0,0.0,0.0,0.0,0.0,0.0,0.0,0.0,0.0,0.0,0.0,0.0,0.0,0.0,0.0,0.0,0.0
5,68,0.10933336160950313,0.029164869872027203,9.81313865427256,0.044907498574976404,cruise,False,28.44,True,493.01192105986127,2.0780509231800295,472.99094909589445,1.064074924730321,False,True,True,True,False,True,True,True,0.0,False,185.40835844761915,-2.970596433365764,-0.012969952298452275,29.90344105814479,False,False,0.0021457542634490735,True,False,False,0.0,208.26412869878828,3.68,79.88087351921622,-2.0,0.0,0.0,0.0,0.0,0.0,0.0,0.0,0.0,0.0,0.0,0.0,0.0,0.0,0.0,0.0,0.0
5,69,0.04586799310955147,0.06557897470345304,9.813445539601007,0.01800854734878978,cruise,False,28.85,True,491.80479326135634,2.0704590052236544,472.6881063809379,1.0578873477961905,False,True,True,True,False,True,True,True,0.0,False,188.81322237697725,-3.0104411570961416,-0.010488200923793503,29.90276342220664,False,False,0.002160812839852449,True,False,False,0.0,211.134128698788,3.68,79.88087351921622,-2.0,0.0,0.0,0.0,0.0,0.0,0.0,0.0,0.0,0.0,0.0,0.0,0.0,0.0,0.0,0.0,0.0
5,70,0.10985831539598731,0.01871921866259954,9.808204729957867,0.08033783592279109,cruise,False,29.27,True,489.94837373511575,2.064081125165541,473.73035044513244,1.0489620469773964,False,True,True,True,False,True,True,True,0.0,False,192.30529303564876,-3.0434213388315596,-0.00863060151775555,29.97009170567484,False,False,0.0006646287627813343,True,False,False,0.0,214.07412869878772,3.68,79.88087351921622,-2.0,0.0,0.0,0.0,0.0,0.0,0.0,0.0,0.0,0.0,0.0,0.0,0.0,0.0,0.0,0.0,0.0
5,71,0.1257869139463389,0.056089214156323314,9.803157654519579,0.11768782688230257,cruise,False,29.68,True,492.0122651095308,2.067779170565918,473.82646168798766,1.0476123131456894,False,True,True,True,False,True,True,True,0.0,False,195.71425705967792,-3.071056629343944,-0.007230962844999417,29.936592964091485,False,False,0.001409045242411451,True,False,False,0.0,216.94412869878744,3.68,79.88087351921622,-2.0,0.0,0.0,0.0,0.0,0.0,0.0,0.0,0.0,0.0,0.0,0.0,0.0,0.0,0.0,0.0,0.0
5,72,0.039810034504152415,0.01152566253014478,9.807703105799241,0.001405003373013967,cruise,False,30.09,True,491.14050895180253,2.0698822616274795,473.2949182858217,1.0480986652219884,False,True,True,True,False,True,True,True,0.0,False,199.2080072922006,-3.093402781519152,-0.005754907625213668,29.965017079689954,False,False,0.0007773982291121866,True,False,False,0.0,219.88412869878715,3.68,79.88087351921622,-2.0,0.0,0.0,0.0,0.0,0.0,0.0,0.0,0.0,0.0,0.0,0.0,0.0,0.0,0.0,0.0,0.0
5,73,0.08184364500062785,0.02008274437033321,9.810711898624785,0.021657217975042328,cruise,False,30.51,True,491.5340336615448,2.0703608056834097,472.59029468580724,1.0494012626071165,False,True,True,True,False,True,True,True,0.0,False,202.61899634985141,-3.11119733267899,-0.004635780356442936,29.961754003269395,False,False,0.0008499110384578581,True,False,False,0.0,222.75412869878687,3.68,79.88087351921622,-2.0,0.0,0.0,0.0,0.0,0.0,0.0,0.0,0.0,0.0,0.0,0.0,0.0,0.0,0.0,0.0,0.0
5,74,0.08257582398937338,0.021418256647245497,9.807242411630906,0.015104604162139977,cruise,False,30.9,True,490.2390360215304,2.067180563987706,473.62666422765164,1.0467731354147087,False,True,True,True,False,True,True,True,0.0,False,205.94763104467458,-3.1250523630009033,-0.0036680740000032833,29.970312617467226,False,False,0.0006597196118394155,True,False,False,0.0,225.5541286987866,3.68,79.88087351921622,-2.0,0.0,0.0,0.0,0.0,0.0,0.0,0.0,0.0,0.0,0.0,0.0,0.0,0.0,0.0,0.0,0.0
5,75,0.04144342200147793,0.007966703450026815,9.811778426157602,0.008445731871540334,cruise,False,31.33,True,490.18170140444346,2.060182067679081,473.69449248666035,1.046269975834792,False,True,True,True,False,True,True,True,0.0,False,209.44391140330345,-3.1364365714381783,-0.0028789058325295225,29.975727839679298,False,False,0.0005393813404599955,True,False,False,0.0,228.4941286987863,3.68,79.88087351921622,-2.0,0.0,0.0,0.0,0.0,0.0,0.0,0.0,0.0,0.0,0.0,0.0,0.0,0.0,0.0,0.0,0.0
5,76,0.05299639895442774,0.005710701903525643,9.807749142068028,0.014076643728209652,cruise,False,31.75,True,490.4748382235445,2.052174205880909,473.6095778027773,1.0451510750679718,False,True,True,True,False,True,True,True,0.0,False,212.94154434739474,-3.145706680821118,-0.0024993160796316074,29.986926192083573,False,False,-0.0002905290648095293,True,False,False,0.0,231.43412869878603,3.68,79.88087351921622,-2.0,0.0,0.0,0.0,0.0,0.0,0.0,0.0,0.0,0.0,0.0,0.0,0.0,0.0,0.0,0.0,0.0
5,77,0.09460383468609987,0.002009740393645653,9.808226709598145,0.03682381278142986,cruise,False,32.17,True,490.14513438747395,2.0570197009424906,474.7602753570146,1.0335116285197385,False,True,True,True,False,True,True,True,0.0,False,216.5219980866786,-3.1541780327281264,-0.0022219251981279546,29.991142802872297,False,False,-0.00019682660283786113,True,False,False,0.0,234.44412869878573,3.68,79.88087351921622,-2.0,0.0,0.0,0.0,0.0,0.0,0.0,0.0,0.0,0.0,0.0,0.0,0.0,0.0,0.0,0.0,0.0
5,78,0.07611627684589803,0.005668208519176241,9.804753885217847,0.048684055771290806,cruise,False,32.58,True,490.53149990402454,2.053251398262808,474.52571527812086,1.0321600622065434,False,True,True,True,False,True,True,True,0.0,False,219.85432788309674,-3.161439213251361,-0.002113734429241583,29.998919263826394,False,False,2.4016359413491233e-05,True,False,False,0.0,237.24412869878546,3.68,79.88087351921622,-2.0,0.0,0.0,0.0,0.0,0.0,0.0,0.0,0.0,0.0,0.0,0.0,0.0,0.0,0.0,0.0,0.0
5,79,0.05321754937510911,-0.008686771652180262,9.814070646978932,0.0023717915322206736,cruise,False,32.98,True,490.50838308699184,2.0507130625758654,473.39665348921335,1.0333316753534902,False,True,True,True,False,True,True,True,0.0,False,223.26826763871438,-3.167934788774548,-0.0017333612411363577,29.987151585026332,False,False,0.0002855203327481282,True,False,False,0.0,240.11412869878518,3.68,79.88087351921622,-2.0,0.0,0.0,0.0,0.0,0.0,0.0,0.0,0.0,0.0,0.0,0.0,0.0,0.0,0.0,0.0,0.0
5,80,0.3465200959086167,0.03811454371783532,9.84974058607968,0.31596620268760456,cruise,False,33.39,True,487.5077398806664,2.053610843668235,475.6229161164202,1.0334040798305821,False,True,True,True,False,True,True,True,0.0,False,226.58087322991548,-3.1703342784463913,0.0016974759378745386,29.932590880105085,False,False,-0.0014979804421092018,True,False,False,0.0,242.9141286987849,3.68,79.88087351921622,-2.0,0.0,0.0,0.0,0.0,0.0,0.0,0.0,0.0,0.0,0.0,0.0,0.0,0.0,0.0,0.0,0.0
5,81,0.12071894302529096,-0.03153528646337114,9.78300182805429,0.06642705164014029,cruise,False,33.79,True,489.4521687542676,2.056801008026591,476.3791888588684,1.0318770754402402,False,True,True,True,False,True,True,True,0.0,False,229.90244090486618,-3.1660346340181227,9.432351981670984e-05,29.930925296362187,False,False,-0.001534993414173664,True,False,False,0.0,245.71412869878463,3.68,79.88087351921622,-2.0,0.0,0.0,0.0,0.0,0.0,0.0,0.0,0.0,0.0,0.0,0.0,0.0,0.0,0.0,0.0,0.0
5,82,0.05927897935642179,-0.012462691367836856,9.79796220574435,0.033981955160175735,cruise,False,34.22,True,489.9792768209029,2.0468345223899282,474.7125478580918,1.0300467835412876,False,True,True,True,False,True,True,True,0.0,False,233.56343676397432,-3.168840607801844,-0.00136404141383735,29.98006381374106,False,False,-0.00044302636130978847,True,False,False,0.0,248.79412869878433,3.68,79.88087351921622,-2.0,0.0,0.0,0.0,0.0,0.0,0.0,0.0,0.0,0.0,0.0,0.0,0.0,0.0,0.0,0.0,0.0
5,83,0.02697637928134324,-0.003665313320049248,9.804912811744439,0.00985820303366936,cruise,False,34.66,True,490.2352560800541,2.054910928495552,473.9389455997373,1.0305304895264895,False,True,True,True,False,True,True,True,0.0,False,237.14559418039167,-3.1742679933483275,-0.0015598834680107315,29.983083926532274,False,False,-0.0003759127437272645,True,False,False,0.0,251.80412869878404,3.68,79.88087351921622,-2.0,0.0,0.0,0.0,0.0,0.0,0.0,0.0,0.0,0.0,0.0,0.0,0.0,0.0,0.0,0.0,0.0
5,84,0.047610650740294656,0.013802033768486073,9.808392502864868,0.014005049808040008,cruise,False,35.09,True,489.8165800842981,2.0468131851261275,474.16675509004085,1.03101094184764,False,True,True,True,False,True,True,True,0.0,False,240.72565877700515,-3.1793987324446538,-0.001171257490719529,29.975806710023885,False,False,0.0005376286661358709,True,False,False,0.0,254.81412869878375,3.68,79.88087351921622,-2.0,0.0,0.0,0.0,0.0,0.0,0.0,0.0,0.0,0.0,0.0,0.0,0.0,0.0,0.0,0.0,0.0
5,85,0.03533965476700206,0.005123993041867689,9.807966019022928,0.047956685299478365,cruise,False,35.52,True,490.6281911676858,2.050108450450437,474.3166929099187,1.0307794570198638,False,True,True,True,False,True,True,True,0.0,False,244.30726942305532,-3.1832398107404325,-0.0011133893427034542,29.9794886153747,False,False,0.00045580854722887954,True,False,False,0.0,257.82412869878345,3.68,79.88087351921622,-2.0,0.0,0.0,0.0,0.0,0.0,0.0,0.0,0.0,0.0,0.0,0.0,0.0,0.0,0.0,0.0,0.0
5,86,0.02829803334868595,0.0036032501152089805,9.814640573870815,0.018619196834608973,cruise,False,35.94,True,490.5547462548908,2.052029326753213,474.0165272176195,1.0303768265243125,False,True,True,True,False,True,True,True,0.0,False,247.88791889075975,-3.1867069354113338,-0.0008332771283182811,29.986560669482586,False,False,0.0002986517892758431,True,False,False,0.0,260.83412869878316,3.68,79.88087351921622,-2.0,0.0,0.0,0.0,0.0,0.0,0.0,0.0,0.0,0.0,0.0,0.0,0.0,0.0,0.0,0.0,0.0
5,87,0.03204012692159319,-0.0030768392714523047,9.811272730199097,0.018970375427440705,cruise,False,36.38,True,489.6311283339094,2.0474457281723955,473.93950480283894,1.0308457963259803,False,True,True,True,False,True,True,True,0.0,False,251.46999540757966,-3.189271858322116,-0.0006636557243709545,29.990884412771237,False,False,-0.00020256860508365262,True,False,False,0.0,263.84412869878287,3.68,79.88087351921622,-2.0,0.0,0.0,0.0,0.0,0.0,0.0,0.0,0.0,0.0,0.0,0.0,0.0,0.0,0.0,0.0,0.0
5,88,0.0388104960916936,0.004863459506869833,9.81320933714691,0.010459817968244094,cruise,False,36.82,True,489.7210292650196,2.053584948502566,473.75660472750405,1.0302514661124547,False,True,True,True,False,True,True,True,0.0,False,255.13443745399618,-3.191771961745192,-0.0005673992719685684,29.984069667795623,False,False,0.00035400738231944806,True,False,False,0.0,266.92412869878257,3.68,79.88087351921622,-2.0,0.0,0.0,0.0,0.0,0.0,0.0,0.0,0.0,0.0,0.0,0.0,0.0,0.0,0.0,0.0,0.0
5,89,0.10466396190397853,0.01921047779233472,9.805105008814072,0.06958475622214622,cruise,False,37.26,True,490.89909192435357,2.047067662435426,474.3728376955065,1.029966148929358,False,True,True,True,False,True,True,True,0.0,False,258.7983852854071,-3.193556887351589,-0.00043727558365201993,29.98970705932818,False,False,0.0002287320149293499,True,False,False,0.0,270.00412869878227,3.68,79.88087351921622,-2.0,0.0,0.0,0.0,0.0,0.0,0.0,0.0,0.0,0.0,0.0,0.0,0.0,0.0,0.0,0.0,0.0
5,90,-0.06852206232563837,0.010652511637034427,9.812581953681287,0.07368150043601901,cruise,False,37.7,True,485.31217822246305,2.037454910814241,473.90178621403663,1.0306385381121608,False,True,True,True,False,True,True,True,0.0,False,262.46357826649427,-3.19503017966422,-0.00038864796286409097,29.96271239853493,False,False,0.0008286133658904561,True,False,False,0.0,273.08412869878197,3.68,79.88087351921622,-2.0,0.0,0.0,0.0,0.0,0.0,0.0,0.0,0.0,0.0,0.0,0.0,0.0,0.0,0.0,0.0,0.0
5,91,0.026739463272647923,0.010811338271240515,9.815919764385166,0.005370374140044265,cruise,False,38.12,True,492.5946863386944,2.0641026848452846,473.74211309500254,1.0304828598185332,False,True,True,True,False,True,True,True,0.0,False,266.0422937362282,-3.1968710109705216,-0.0004858311202772053,29.985246738737573,False,False,0.00032785025027615974,True,False,False,0.0,276.0941286987817,3.68,79.88087351921622,-2.0,0.0,0.0,0.0,0.0,0.0,0.0,0.0,0.0,0.0,0.0,0.0,0.0,0.0,0.0,0.0,0.0
5,92,0.05821563558798229,0.0031763044768846763,9.813377372637632,0.008312221021306668,cruise,False,38.55,True,489.693119726276,2.05330957419311,473.83928701624376,1.0307813027055737,False,True,True,True,False,True,True,True,0.0,False,269.6241079218008,-3.1981024468903034,-0.00021944972555116023,29.99629264668665,False,False,8.238562918556268e-05,True,False,False,0.0,279.1041286987814,3.68,79.88087351921622,-2.0,0.0,0.0,0.0,0.0,0.0,0.0,0.0,0.0,0.0,0.0,0.0,0.0,0.0,0.0,0.0,0.0
5,93,0.09896512884946787,0.010669276053934171,9.808113496356926,0.028834401722193894,cruise,False,38.98,True,490.08222517849356,2.0464916207131445,474.2718107088847,1.0298333483169517,False,True,True,True,False,True,True,True,0.0,False,273.12163623701946,-3.198528966239654,0.00010115613724775346,29.991165372077536,False,False,-0.00019632506494361146,True,False,False,0.0,282.0441286987811,3.68,79.88087351921622,-2.0,0.0,0.0,0.0,0.0,0.0,0.0,0.0,0.0,0.0,0.0,0.0,0.0,0.0,0.0,0.0,0.0
5,94,0.03086074603956763,0.004536980094564179,9.806657907982178,0.02164331758763315,cruise,False,39.43,True,490.3918662187776,2.055553392355409,474.0220893338944,1.0303768265243125,False,True,True,True,False,True,True,True,0.0,False,276.87004900346705,-3.1981313598532854,4.3594598986371025e-05,29.98000760249929,False,False,0.0004442755000158056,True,False,False,0.0,285.1941286987808,3.68,79.88087351921622,-2.0,0.0,0.0,0.0,0.0,0.0,0.0,0.0,0.0,0.0,0.0,0.0,0.0,0.0,0.0,0.0,0.0
5,95,0.03927169129432782,0.005052043815003992,9.811547714861694,0.0030482670726501558,cruise,False,39.86,True,490.1773932191834,2.0501494541986585,474.0239131843051,1.029250700874222,False,True,True,True,False,True,True,True,0.0,False,280.45123279521044,-3.198439406357416,-0.00018038367705297886,29.997698264483933,False,False,5.114967813479843e-05,True,False,False,0.0,288.2041286987805,3.68,79.88087351921622,-2.0,0.0,0.0,0.0,0.0,0.0,0.0,0.0,0.0,0.0,0.0,0.0,0.0,0.0,0.0,0.0,0.0
5,96,0.05309730943761415,-0.0038648392412824247,9.811622672365882,0.004718967469591929,cruise,False,40.31,True,490.8762103982642,2.0515337927427852,474.15380279287103,1.0300902114562076,False,True,True,True,False,True,True,True,0.0,False,284.19937936205554,-3.1990403409924832,-0.00021997542844091585,29.988235340830137,False,False,0.00026143687044138605,True,False,False,0.0,291.3541286987802,3.68,79.88087351921622,-2.0,0.0,0.0,0.0,0.0,0.0,0.0,0.0,0.0,0.0,0.0,0.0,0.0,0.0,0.0,0.0,0.0
5,97,0.004764812914994629,-0.012656972243071227,9.812338387792629,0.03542063083630215,cruise,False,40.74,True,488.16049435308526,2.0426722035250253,473.8860472118427,1.030672772061692,False,True,True,True,False,True,True,False,0.0,False,287.78029329216463,-3.1993164869946096,3.850435683899486e-05,29.968710647830097,False,False,-0.0006953189371089994,True,False,False,0.0,294.3641286987799,3.68,79.88087351921622,-2.0,0.0,0.0,0.0,0.0,0.0,0.0,0.0,0.0,0.0,0.0,0.0,0.0,0.0,0.0,0.0,0.0
5,98,0.043708895992700295,0.010301851748555288,9.811397862169883,0.0024277886672533903,cruise,False,41.18,True,489.3887099198465,2.047782594168897,474.1810341496738,1.0302208932650023,False,True,True,True,False,True,True,False,0.0,False,291.4432674456633,-3.199595150531276,7.829560157647056e-05,29.97801259639033,False,False,0.0004886089691037861,True,False,False,0.0,297.4441286987796,3.68,79.88087351921622,-2.0,0.0,0.0,0.0,0.0,0.0,0.0,0.0,0.0,0.0,0.0,0.0,0.0,0.0,0.0,0.0,0.0
5,99,0.039663941560868186,0.00940228856730277,9.808413758957649,0.0024277886672533903,cruise,False,41.3,True,491.8938315343035,2.06086566129596,474.14941295971465,1.0303768265293476,False,True,True,True,False,True,True,False,0.0,False,292.4424309724857,-3.199442196849525,0.00023249709563312007,29.97801259639033,False,False,0.0004886089691037861,True,False,False,0.0,298.2841286987795,3.68,79.88087351921622,-2.0,0.0,0.0,0.0,0.0,0.0,0.0,0.0,0.0,0.0,0.0,0.0,0.0,0.0,0.0,0.0,0.0
5,100,0.039663941560868186,0.00940228856730277,9.808413758957649,0.0024277886672533903,cruise,False,41.3,True,491.8938315343035,2.06086566129596,474.14941295971465,1.0303768265293476,False,True,True,True,False,True,True,False,0.0,False,292.4424309724857,-3.199442196849525,0.00023249709563312007,29.97801259639033,False,False,0.0004886089691037861,True,False,False,0.0,298.2841286987795,3.68,79.88087351921622,-2.0,0.0,0.0,0.0,0.0,0.0,0.0,0.0,0.0,0.0,0.0,0.0,0.0,0.0,0.0,0.0,0.0
5,101,0.039663941560868186,0.00940228856730277,9.808413758957649,0.0024277886672533903,cruise,False,41.3,True,491.8938315343035,2.06086566129596,474.14941295971465,1.0303768265293476,False,True,True,True,False,True,True,False,0.0,False,292.4424309724857,-3.199442196849525,0.00023249709563312007,29.97801259639033,False,False,0.0004886089691037861,True,False,False,0.0,298.2841286987795,3.68,79.88087351921622,-2.0,0.0,0.0,0.0,0.0,0.0,0.0,0.0,0.0,0.0,0.0,0.0,0.0,0.0,0.0,0.0,0.0
5,102,0.039663941560868186,0.00940228856730277,9.808413758957649,0.0024277886672533903,cruise,False,41.3,True,491.8938315343035,2.06086566129596,474.14941295971465,1.0303768265293476,False,True,True,True,False,True,True,False,0.0,False,292.4424309724857,-3.199442196849525,0.00023249709563312007,29.97801259639033,False,False,0.0004886089691037861,True,False,False,0.0,298.2841286987795,3.68,79.88087351921622,-2.0,0.0,0.0,0.0,0.0,0.0,0.0,0.0,0.0,0.0,0.0,0.0,0.0,0.0,0.0,0.0,0.0
5,103,0.039663941560868186,0.00940228856730277,9.808413758957649,0.0024277886672533903,cruise,False,41.3,True,491.8938315343035,2.06086566129596,474.14941295971465,1.0303768265293476,False,True,True,True,False,True,True,False,0.0,False,292.4424309724857,-3.199442196849525,0.00023249709563312007,29.97801259639033,False,False,0.0004886089691037861,True,False,False,0.0,298.2841286987795,3.68,79.88087351921622,-2.0,0.0,0.0,0.0,0.0,0.0,0.0,0.0,0.0,0.0,0.0,0.0,0.0,0.0,0.0,0.0,0.0
