trial_num,iteration,accel_x,accel_y,accel_z,accel_diff,action,change_lane_finished,curr_time,curr_lane,lane_rho_l,lane_theta_l,lane_rho_r,lane_theta_r,follow_enable,free_east,free_north,free_north_east,free_north_west,free_south_east,free_south_west,free_west,distance_to_north,pass_finished,sdc_curr_pos.x,sdc_curr_pos.y,sdc_curr_pos.theta,speed,start_change_lane_on_left,start_change_lane_on_right,steering,success,goal_reached,car_1_pose.x,car_1_pose.y,car_2_pose.x,car_2_pose.y,car_3_pose.x,car_3_pose.y,car_4_pose.x,car_4_pose.y,car_5_pose.x,car_5_pose.y,car_6_pose.x,car_6_pose.y,car_7_pose.x,car_7_pose.y,car_8_pose.x,car_8_pose.y,car_9_pose.x,car_9_pose.y,car_10_pose.x,car_10_pose.y
1,1,0.0,0.0,0.0,0.0,,False,0.0,True,0.0,0.0,0.0,0.0,False,True,True,True,True,True,True,True,0.0,False,19.960259730078786,-1.814846053686069,0.0298763657499636,0.0,False,False,0.0,True,False,0.0,0.0,0.0,0.0,0.0,0.0,0.0,0.0,0.0,0.0,0.0,0.0,0.0,0.0,0.0,0.0,0.0,0.0,0.0,0.0
1,2,-0.8070555038564086,-4.223787455685004,10.742020901066274,0.7305884781825542,,False,0.38,True,0.0,0.0,0.0,0.0,False,True,True,True,True,False,True,True,0.0,False,19.954451693111114,-1.8066993509622042,0.03091594686477344,0.0,False,False,0.0,True,False,0.0,0.0,0.0,0.0,0.0,0.0,0.0,0.0,0.0,0.0,0.0,0.0,0.0,0.0,0.0,0.0,0.0,0.0,0.0,0.0
1,3,-0.3751398415103734,-0.2099245363692881,12.628884400240306,0.39973942437270055,,False,0.52,True,371.56662791480267,2.3211953708959574,433.4110143145018,0.8054145761762064,False,True,True,True,True,False,True,True,0.0,False,19.954736915560932,-1.807202655190613,0.030879201080545166,0.0,False,False,0.0,True,False,0.0,0.0,0.0,0.0,0.0,0.0,0.0,0.0,0.0,0.0,0.0,0.0,0.0,0.0,0.0,0.0,0.0,0.0,0.0,0.0
1,4,0.5462041118883483,0.5799736511702889,9.145228286380734,0.17462063767974165,,False,0.65,True,368.5806898403698,2.3253307672831403,430.5818591195938,0.803446744875095,False,True,True,True,True,False,True,True,0.0,False,19.95405470007834,-1.8082444163907536,0.03090050884058081,0.0,False,False,0.0,True,False,0.0,0.0,0.0,0.0,0.0,0.0,0.0,0.0,0.0,0.0,0.0,0.0,0.0,0.0,0.0,0.0,0.0,0.0,0.0,0.0
1,5,-0.09713566980229604,-0.1967371863209464,9.116302606316486,0.0929086416309756,,False,0.78,True,367.87017438822625,2.3325547084529954,431.17372720036286,0.8026222078828078,False,True,True,True,True,False,True,True,0.0,False,19.954531507168884,-1.8078095268275445,0.030898970179100007,0.0,False,False,0.0,True,False,0.0,0.0,0.0,0.0,0.0,0.0,0.0,0.0,0.0,0.0,0.0,0.0,0.0,0.0,0.0,0.0,0.0,0.0,0.0,0.0
1,6,-0.1269029308213309,-0.004963410024917082,10.065242129148823,0.042335785270736545,,False,0.92,True,369.42819419873786,2.331255246746989,431.972594017329,0.8031817159097248,False,True,True,True,True,False,True,True,0.0,False,19.954676405141008,-1.8078117025039497,0.030897122623572568,0.0,False,False,0.0,True,False,0.0,0.0,0.0,0.0,0.0,0.0,0.0,0.0,0.0,0.0,0.0,0.0,0.0,0.0,0.0,0.0,0.0,0.0,0.0,0.0
1,7,0.17074359617908105,0.030245999565025203,9.972050637576388,0.026909509732287087,,False,1.06,True,368.0339173614875,2.328222443696079,463.9540852641303,0.9130117458232379,False,True,True,True,True,False,True,True,0.0,False,19.954365820746208,-1.8078762585421833,0.030898236759013792,0.0,False,False,0.0,True,False,0.0,0.0,0.0,0.0,0.0,0.0,0.0,0.0,0.0,0.0,0.0,0.0,0.0,0.0,0.0,0.0,0.0,0.0,0.0,0.0
1,8,0.08393158455995282,-0.009409850978760419,9.730710755689246,0.014427717497918024,,False,1.19,True,368.6206137611393,2.3264263660286235,431.0429156407469,0.8030678419114381,False,True,True,True,True,False,True,True,0.0,False,19.95437689447417,-1.8078568345861419,0.030898127850302992,0.0,False,False,0.0,True,False,0.0,0.0,0.0,0.0,0.0,0.0,0.0,0.0,0.0,0.0,0.0,0.0,0.0,0.0,0.0,0.0,0.0,0.0,0.0,0.0
1,9,-0.01661892033053331,-0.0006773469409452477,9.771124639009113,0.00685535594944654,,False,1.32,True,367.8751577133737,2.327978298226625,431.6457899285464,0.8030862248417827,False,True,True,True,True,False,True,True,0.0,False,19.95450768051309,-1.8078526711226681,0.03089803229633877,0.0,False,False,0.0,True,False,0.0,0.0,0.0,0.0,0.0,0.0,0.0,0.0,0.0,0.0,0.0,0.0,0.0,0.0,0.0,0.0,0.0,0.0,0.0,0.0
1,10,0.039333376704949005,0.0013578943414372345,9.83176600037899,0.005260216119631592,,False,1.46,True,369.1589351059396,2.326115267664059,431.47863832991953,0.8035596375991101,False,True,True,True,True,False,True,True,0.0,False,19.9544814198827,-1.8078559607039895,0.030898080506234337,0.0,False,False,0.0,True,False,0.0,0.0,0.0,0.0,0.0,0.0,0.0,0.0,0.0,0.0,0.0,0.0,0.0,0.0,0.0,0.0,0.0,0.0,0.0,0.0
1,11,0.06771574508283985,-0.00043115012645318624,9.820345832551496,0.00181868699690614,,False,1.5899999999999999,True,368.17778062334156,2.3326508589812778,431.5665937745,0.8030469698251901,False,True,True,True,True,False,True,True,0.0,False,19.954435502076453,-1.807856445647635,0.030898075181467612,0.0,False,False,0.0,True,False,0.0,0.0,0.0,0.0,0.0,0.0,0.0,0.0,0.0,0.0,0.0,0.0,0.0,0.0,0.0,0.0,0.0,0.0,0.0,0.0
1,12,0.044447354135511,-5.487996380728068e-05,9.804549962381952,0.004002271154492293,,False,1.73,True,367.94225146595693,2.334500075459421,431.39498276131314,0.8034089988975646,False,True,True,True,True,False,True,True,0.0,False,19.95445091870104,-1.8078559651429764,0.030898070907718286,0.0,False,False,0.0,True,False,0.0,0.0,0.0,0.0,0.0,0.0,0.0,0.0,0.0,0.0,0.0,0.0,0.0,0.0,0.0,0.0,0.0,0.0,0.0,0.0
1,13,0.03647439351981989,5.837947164838131e-05,9.80700779165773,0.0007314638663213822,,False,1.87,True,367.3385867589608,2.330352312401444,431.5938968044355,0.8035325105711395,False,True,True,True,True,False,True,True,0.0,False,19.95446521807396,-1.8078556502058256,0.030898073293266014,0.0,False,False,0.0,True,False,0.0,0.0,0.0,0.0,0.0,0.0,0.0,0.0,0.0,0.0,0.0,0.0,0.0,0.0,0.0,0.0,0.0,0.0,0.0,0.0
1,14,0.04546804393069176,-1.9221797228278687e-05,9.811480770353683,0.0007241284981979322,,False,2.0,True,367.2217676204797,2.327858725264115,431.39747027128135,0.8033464385233143,False,True,True,True,True,False,True,True,0.0,False,19.95445879742947,-1.8078558089641243,0.03089807300046319,0.0,False,False,0.0,True,False,0.0,0.0,0.0,0.0,0.0,0.0,0.0,0.0,0.0,0.0,0.0,0.0,0.0,0.0,0.0,0.0,0.0,0.0,0.0,0.0
1,15,0.04679226281167297,-3.045742725926869e-06,9.811216940772137,0.0002076564273538441,,False,2.12,True,367.89135232423445,2.336170700973956,431.41025034599136,0.803559637586793,False,True,True,True,True,False,True,True,0.0,False,19.954454847638537,-1.807855928801464,0.03089807282722747,0.0,False,False,0.0,True,False,0.0,0.0,0.0,0.0,0.0,0.0,0.0,0.0,0.0,0.0,0.0,0.0,0.0,0.0,0.0,0.0,0.0,0.0,0.0,0.0
1,16,0.04359515110155174,1.8426997009637407e-06,9.799489820049253,0.0018452615363201994,,False,2.26,True,367.66861747017657,2.3322633428411774,431.4101246836369,0.8030886254345004,False,True,True,True,True,False,True,True,0.0,False,19.954458184737998,-1.8078558295308682,0.03089807279061972,0.0,False,False,0.0,True,False,0.0,0.0,0.0,0.0,0.0,0.0,0.0,0.0,0.0,0.0,0.0,0.0,0.0,0.0,0.0,0.0,0.0,0.0,0.0,0.0
1,17,0.04216808388205728,2.728107747680319e-07,9.812457086978238,0.0006587458328171915,,False,2.4,True,368.95929612717276,2.3325865620731165,431.37487204928743,0.8032693615960382,False,True,True,True,True,False,True,True,0.0,False,19.954459929005637,-1.8078557759733176,0.03089807281624757,0.0,False,False,0.0,True,False,0.0,0.0,0.0,0.0,0.0,0.0,0.0,0.0,0.0,0.0,0.0,0.0,0.0,0.0,0.0,0.0,0.0,0.0,0.0,0.0
1,18,0.04527751717160322,-3.8043715679306503e-07,9.81251435658189,0.000647214575770914,,False,2.5300000000000002,True,367.21482602665753,2.3299681813336806,453.6388237980118,0.8778757882769065,False,True,True,True,True,False,True,True,0.0,False,19.954456786251253,-1.8078558724036826,0.030898072804967567,0.0,False,False,0.0,True,False,0.0,0.0,0.0,0.0,0.0,0.0,0.0,0.0,0.0,0.0,0.0,0.0,0.0,0.0,0.0,0.0,0.0,0.0,0.0,0.0
1,19,0.04479876693095144,7.357210228227649e-08,9.809091547330539,0.0001823254525471058,,False,2.67,True,367.64467963531865,2.3270636014527484,431.4064217918394,0.8034783848129036,False,True,True,True,True,False,True,True,0.0,False,19.954456688728566,-1.8078558756077434,0.030898072805453064,0.0,False,False,0.0,True,False,0.0,0.0,0.0,0.0,0.0,0.0,0.0,0.0,0.0,0.0,0.0,0.0,0.0,0.0,0.0,0.0,0.0,0.0,0.0,0.0
1,20,0.04348057752949572,3.068055461925592e-08,9.809077443790713,9.47300596352148e-05,,False,2.8,True,367.9686614232801,2.328455034901713,431.42198004872876,0.8030854418130039,False,True,True,True,True,False,True,True,0.0,False,19.954458204367015,-1.8078558287855717,0.030898072806795955,0.0,False,False,0.0,True,False,0.0,0.0,0.0,0.0,0.0,0.0,0.0,0.0,0.0,0.0,0.0,0.0,0.0,0.0,0.0,0.0,0.0,0.0,0.0,0.0
1,21,0.04391163083410107,-2.5040841855501475e-08,9.810155942762014,7.035284905008068e-05,,False,2.94,True,368.31627846574787,2.330042856918883,431.51191318084796,0.8045163361122181,False,True,True,True,True,False,True,True,0.0,False,19.954457994726873,-1.8078558352332788,0.03089807280628607,0.0,False,False,0.0,True,False,0.0,0.0,0.0,0.0,0.0,0.0,0.0,0.0,0.0,0.0,0.0,0.0,0.0,0.0,0.0,0.0,0.0,0.0,0.0,0.0
1,22,0.04436800349888701,-2.3650629153119447e-09,9.810071826230406,4.8370059111426385e-05,,False,3.08,True,368.6315139155139,2.32996171467304,431.43537695571473,0.8035005521223861,False,True,True,True,True,False,True,True,0.0,False,19.95445741466874,-1.8078558531707483,0.030898072806299595,0.0,False,False,0.0,True,False,0.0,0.0,0.0,0.0,0.0,0.0,0.0,0.0,0.0,0.0,0.0,0.0,0.0,0.0,0.0,0.0,0.0,0.0,0.0,0.0
1,23,0.04513344953820348,-2.913337010341263e-08,9.796967130889222,0.12601663871226895,,False,3.21,True,367.9752448414994,2.328374177651349,431.43431435421206,0.8034783848128406,False,True,True,True,True,False,True,True,0.0,False,19.954457782604834,-1.8078558417921882,0.03089807280599094,0.0,False,False,0.0,True,False,0.0,0.0,0.0,0.0,0.0,0.0,0.0,0.0,0.0,0.0,0.0,0.0,0.0,0.0,0.0,0.0,0.0,0.0,0.0,0.0
1,24,0.042976540843971935,-1.0214341321981257e-08,9.802856160145147,0.0011722373052999594,,False,3.33,True,367.5749089227595,2.3296246323616145,431.40574851275016,0.8031477784572592,False,True,True,True,True,False,True,True,0.0,False,19.954459317142668,-1.8078557943639608,0.030898072805967333,0.0,False,False,0.0,True,False,0.0,0.0,0.0,0.0,0.0,0.0,0.0,0.0,0.0,0.0,0.0,0.0,0.0,0.0,0.0,0.0,0.0,0.0,0.0,0.0
1,25,0.04377226982499138,-2.787723976490677e-09,9.814086801079712,0.00024895614873370926,,False,3.4699999999999998,True,367.4815634231946,2.3248039094204267,431.6162444224923,0.8030226602874677,False,True,True,True,True,False,True,True,0.0,False,19.95445818133568,-1.8078558294757727,0.03089807280609376,0.0,False,False,0.0,True,False,0.0,0.0,0.0,0.0,0.0,0.0,0.0,0.0,0.0,0.0,0.0,0.0,0.0,0.0,0.0,0.0,0.0,0.0,0.0,0.0
1,26,0.04529351637570042,-7.307416021744361e-09,9.811423121662772,0.0003538149757203924,,False,3.6,True,369.32291866373487,2.328886868342322,431.4110682144784,0.8030780499304369,False,True,True,True,True,False,True,True,0.0,False,19.954456455028723,-1.8078558828300126,0.030898072806080742,0.0,False,False,0.0,True,False,0.0,0.0,0.0,0.0,0.0,0.0,0.0,0.0,0.0,0.0,0.0,0.0,0.0,0.0,0.0,0.0,0.0,0.0,0.0,0.0
1,27,0.04383806881968212,-6.302181886585229e-09,9.808644646458863,0.00010527026193210688,,False,3.75,True,367.3844803191114,2.3315672956693807,431.8769722745841,0.804696801117656,False,True,True,True,True,False,True,True,0.0,False,19.954457601436204,-1.8078558473969577,0.030898072806067774,0.0,False,False,0.0,True,False,0.0,0.0,0.0,0.0,0.0,0.0,0.0,0.0,0.0,0.0,0.0,0.0,0.0,0.0,0.0,0.0,0.0,0.0,0.0,0.0
1,28,0.04350064536453915,-6.101254909695948e-09,9.809578815931793,0.00010302513820478798,,False,3.87,True,368.5046947779147,2.3315581956003446,431.4079489324434,0.803088625435125,False,True,True,True,True,False,True,True,0.0,False,19.954458293296305,-1.8078558260133042,0.030898072806072294,0.0,False,False,0.0,True,False,0.0,0.0,0.0,0.0,0.0,0.0,0.0,0.0,0.0,0.0,0.0,0.0,0.0,0.0,0.0,0.0,0.0,0.0,0.0,0.0
1,29,0.04427320998202688,-6.363798719615247e-09,9.810256853628253,3.480197685894726e-05,,False,4.02,True,368.52795416677736,2.3297524685494078,431.27091854229695,0.8035933621391282,False,True,True,True,True,False,True,True,0.0,False,19.954457660954144,-1.8078558455575664,0.030898072806072846,0.0,False,False,0.0,True,False,0.0,0.0,0.0,0.0,0.0,0.0,0.0,0.0,0.0,0.0,0.0,0.0,0.0,0.0,0.0,0.0,0.0,0.0,0.0,0.0
1,30,0.04424485617928352,-6.311001274937518e-09,9.80990241738846,3.242302117780514e-05,,False,4.16,True,369.44212587399807,2.332666533369767,431.5111177152315,0.8037486428385704,False,True,True,True,True,False,True,True,0.0,False,19.954457466207806,-1.8078558515767682,0.030898072806073092,0.0,False,False,0.0,True,False,0.0,0.0,0.0,0.0,0.0,0.0,0.0,0.0,0.0,0.0,0.0,0.0,0.0,0.0,0.0,0.0,0.0,0.0,0.0,0.0
1,31,0.04490275593534519,-2.597741628348295e-08,9.796602473743308,0.000339219018343531,,False,4.29,True,368.74514357170904,2.3314229785546567,431.1040540807216,0.8029889413642495,False,True,True,True,True,False,True,True,0.0,False,19.954458138692303,-1.8078558307803922,0.03089807280573786,0.0,False,False,0.0,True,False,0.0,0.0,0.0,0.0,0.0,0.0,0.0,0.0,0.0,0.0,0.0,0.0,0.0,0.0,0.0,0.0,0.0,0.0,0.0,0.0
1,32,0.042435477568509794,-2.2513585506881455e-09,9.808473614472641,0.0010430875268746997,,False,4.41,True,367.2837621259835,2.327880421692312,431.39528228550284,0.8031865491078996,False,True,True,True,True,False,True,True,0.0,False,19.954459490340604,-1.8078557890145752,0.030898072805768673,0.0,False,False,0.0,True,False,0.0,0.0,0.0,0.0,0.0,0.0,0.0,0.0,0.0,0.0,0.0,0.0,0.0,0.0,0.0,0.0,0.0,0.0,0.0,0.0
1,33,0.0447223687313658,-5.506316617065237e-09,9.81366990346908,0.0002641200823281834,,False,4.5600000000000005,True,368.3412663127997,2.331052167703327,431.4427193794992,0.8034345387875617,False,True,True,True,True,False,True,True,0.0,False,19.954457241250104,-1.8078558585301119,0.030898072805840525,0.0,False,False,0.0,True,False,0.0,0.0,0.0,0.0,0.0,0.0,0.0,0.0,0.0,0.0,0.0,0.0,0.0,0.0,0.0,0.0,0.0,0.0,0.0,0.0
1,34,0.04505878133996187,-7.394629306678646e-09,9.809846790735474,0.00028674430597493253,,False,4.68,True,368.6026504165167,2.3308540506934134,431.24479805668796,0.803015134030268,False,True,True,True,True,False,True,True,0.0,False,19.95445665690359,-1.8078558765893717,0.030898072805812728,0.0,False,False,0.0,True,False,0.0,0.0,0.0,0.0,0.0,0.0,0.0,0.0,0.0,0.0,0.0,0.0,0.0,0.0,0.0,0.0,0.0,0.0,0.0,0.0
1,35,0.043554405842497,-6.077434657560759e-09,9.808883022195001,9.601708513480491e-05,,False,4.82,True,368.2697982506896,2.3259611277898022,431.42364014200245,0.8032824352704034,False,True,True,True,True,False,True,True,0.0,False,19.95445809885732,-1.807855832022117,0.03089807280581149,0.0,False,False,0.0,True,False,0.0,0.0,0.0,0.0,0.0,0.0,0.0,0.0,0.0,0.0,0.0,0.0,0.0,0.0,0.0,0.0,0.0,0.0,0.0,0.0
1,36,0.0437210149145295,-6.227985823239902e-09,9.810000673138543,8.866396252978752e-05,,False,4.95,True,367.72906855190513,2.3336233491141942,431.36169942750286,0.8033296316097732,False,True,True,True,True,False,True,True,0.0,False,19.954458155795116,-1.807855830262332,0.030898072805814053,0.0,False,False,0.0,True,False,0.0,0.0,0.0,0.0,0.0,0.0,0.0,0.0,0.0,0.0,0.0,0.0,0.0,0.0,0.0,0.0,0.0,0.0,0.0,0.0
1,37,0.044352859113747325,-6.356829025377309e-09,9.810175474982517,2.7807812829410472e-05,,False,5.1,True,367.48432523272885,2.328479958260115,431.6251205083894,0.8030019785341783,False,True,True,True,True,False,True,True,0.0,False,19.954457512479244,-1.8078558501457933,0.03089807280581447,0.0,False,False,0.0,True,False,0.0,0.0,0.0,0.0,0.0,0.0,0.0,0.0,0.0,0.0,0.0,0.0,0.0,0.0,0.0,0.0,0.0,0.0,0.0,0.0
1,38,0.04408373745754577,-6.3076913519840665e-09,9.809899428417747,0.0014202734804051602,,False,5.22,True,368.210134802097,2.3281112226477174,431.49992346877104,0.8029607603003422,False,True,True,True,True,False,True,True,0.0,False,19.9544574980274,-1.8078558505924844,0.03089807280581455,0.0,False,False,0.0,True,False,0.0,0.0,0.0,0.0,0.0,0.0,0.0,0.0,0.0,0.0,0.0,0.0,0.0,0.0,0.0,0.0,0.0,0.0,0.0,0.0
1,39,0.043472129204389046,-1.369727720967974e-08,9.800600217592807,0.001139714904253193,,False,5.37,True,367.0108467589112,2.329416345857368,431.24533749473574,0.8030311904337957,False,True,True,True,True,False,True,True,0.0,False,19.954458968610282,-1.807855805131979,0.030898072805431203,0.0,False,False,0.0,True,False,0.0,0.0,0.0,0.0,0.0,0.0,0.0,0.0,0.0,0.0,0.0,0.0,0.0,0.0,0.0,0.0,0.0,0.0,0.0,0.0
1,40,0.04282987667422077,-8.990705915768972e-10,9.812474602673287,0.0006307252622749486,,False,5.49,True,368.1555328398176,2.330637683752827,431.31649868169586,0.8031316384894129,False,True,True,True,True,False,True,True,0.0,False,19.954458974613708,-1.8078558049556712,0.030898072805560433,0.0,False,False,0.0,True,False,0.0,0.0,0.0,0.0,0.0,0.0,0.0,0.0,0.0,0.0,0.0,0.0,0.0,0.0,0.0,0.0,0.0,0.0,0.0,0.0
1,41,0.04524230978932539,-7.131826967954108e-09,9.812130152079742,0.000353896796465311,,False,5.64,True,367.63396371847193,2.328353203989811,431.46069208939923,0.8033085395781281,False,True,True,True,True,False,True,True,0.0,False,19.9544566395338,-1.807855877126067,0.03089807280557136,0.0,False,False,0.0,True,False,0.0,0.0,0.0,0.0,0.0,0.0,0.0,0.0,0.0,0.0,0.0,0.0,0.0,0.0,0.0,0.0,0.0,0.0,0.0,0.0
1,42,0.04426743688183232,-6.627834836791694e-09,9.808703054117263,0.0003034480321753647,,False,5.77,True,367.8016052940998,2.3287769007650914,431.36074917873225,0.803593012243204,False,True,True,True,True,False,True,True,0.0,False,19.954457187802326,-1.8078558601797243,0.03089807280555155,0.0,False,False,0.0,True,False,0.0,0.0,0.0,0.0,0.0,0.0,0.0,0.0,0.0,0.0,0.0,0.0,0.0,0.0,0.0,0.0,0.0,0.0,0.0,0.0
1,43,0.04346340857640756,-6.06625983918782e-09,9.809375956134739,0.00010413518411988827,,False,5.91,True,367.91263657442346,2.3315634292907674,431.4356788434953,0.8030886254351317,False,True,True,True,True,False,True,True,0.0,False,19.954458343215702,-1.8078558244687877,0.030898072805556304,0.0,False,False,0.0,True,False,0.0,0.0,0.0,0.0,0.0,0.0,0.0,0.0,0.0,0.0,0.0,0.0,0.0,0.0,0.0,0.0,0.0,0.0,0.0,0.0
1,44,0.044007726852401466,-6.326946599349329e-09,9.810230114362692,6.348050496399513e-05,,False,6.03,True,368.8863667176158,2.3349214504588764,431.50078508952106,0.8035215025899717,False,True,True,True,True,False,True,True,0.0,False,19.954457916274528,-1.8078558376645568,0.030898072805556936,0.0,False,False,0.0,True,False,0.0,0.0,0.0,0.0,0.0,0.0,0.0,0.0,0.0,0.0,0.0,0.0,0.0,0.0,0.0,0.0,0.0,0.0,0.0,0.0
1,45,0.044358429509552655,-6.340948066241376e-09,9.810090904753496,2.9329767621952937e-05,,False,6.16,True,367.6115723822927,2.327377451071665,431.4516190029937,0.8033880970422277,False,True,True,True,True,False,True,True,0.0,False,19.95445748485656,-1.807855850998753,0.030898072805557637,0.0,False,False,0.0,True,False,0.0,0.0,0.0,0.0,0.0,0.0,0.0,0.0,0.0,0.0,0.0,0.0,0.0,0.0,0.0,0.0,0.0,0.0,0.0,0.0
1,46,0.044929336154624376,-2.734357931079714e-08,9.79996044293063,0.12601523303005666,,False,6.31,True,367.71971931478265,2.331280175062795,431.61076588517193,0.8029813452578682,False,True,True,True,True,False,True,True,0.0,False,19.954457910928575,-1.8078558378206075,0.030898072805245685,0.0,False,False,0.0,True,False,0.0,0.0,0.0,0.0,0.0,0.0,0.0,0.0,0.0,0.0,0.0,0.0,0.0,0.0,0.0,0.0,0.0,0.0,0.0,0.0
1,47,0.04253169735271001,-4.332181257653635e-09,9.80633190057799,0.001173598085454917,,False,6.44,True,367.45767162652265,2.3294173270636023,431.54207124287166,0.8036609729443998,False,True,True,True,True,False,True,True,0.0,False,19.954459539730106,-1.8078557874841137,0.030898072805216937,0.0,False,False,0.0,True,False,0.0,0.0,0.0,0.0,0.0,0.0,0.0,0.0,0.0,0.0,0.0,0.0,0.0,0.0,0.0,0.0,0.0,0.0,0.0,0.0
1,48,0.043777369504440306,-2.8978318896547076e-09,9.81409053686607,0.0002481411001853688,,False,6.58,True,368.5524352706996,2.331598717220799,431.64541920698093,0.8029800157399114,False,True,True,True,True,False,True,True,0.0,False,19.95445805042872,-1.80785583351931,0.030898072805325024,0.0,False,False,0.0,True,False,0.0,0.0,0.0,0.0,0.0,0.0,0.0,0.0,0.0,0.0,0.0,0.0,0.0,0.0,0.0,0.0,0.0,0.0,0.0,0.0
1,49,0.04520510711514624,-7.49926161214375e-09,9.810420463661675,0.00032247566905936387,,False,6.72,True,369.0523732340531,2.328042831712944,431.60734716811396,0.803043390688583,False,True,True,True,True,False,True,True,0.0,False,19.954456549581916,-1.8078558799049296,0.03089807280530206,0.0,False,False,0.0,True,False,0.0,0.0,0.0,0.0,0.0,0.0,0.0,0.0,0.0,0.0,0.0,0.0,0.0,0.0,0.0,0.0,0.0,0.0,0.0,0.0
1,50,0.04393329012405665,-6.339634171815537e-09,9.80862477676078,0.00019212088025887092,,False,6.85,True,367.94871436106956,2.3298883167267443,431.357540661822,0.8036356336566417,False,True,True,True,True,False,True,True,0.0,False,19.95445779057973,-1.8078558415485702,0.03089807280529559,0.0,False,False,0.0,True,False,0.0,0.0,0.0,0.0,0.0,0.0,0.0,0.0,0.0,0.0,0.0,0.0,0.0,0.0,0.0,0.0,0.0,0.0,0.0,0.0
1,51,0.04357220913614214,-6.152643681490902e-09,9.80976702790389,9.625990476166842e-05,,False,6.99,True,366.92807803322785,2.3308663788060127,431.26519486998353,0.8035622554486079,False,True,True,True,True,False,True,True,0.0,False,19.954458325883945,-1.8078558250036594,0.030898072805300155,0.0,False,False,0.0,True,False,0.0,0.0,0.0,0.0,0.0,0.0,0.0,0.0,0.0,0.0,0.0,0.0,0.0,0.0,0.0,0.0,0.0,0.0,0.0,0.0
1,52,0.0442405754762063,-6.364449880607375e-09,9.810267810089737,3.8492446798170256e-05,,False,7.11,True,369.31410245203773,2.3362620851992975,431.40271505177196,0.8033388220449653,False,True,True,True,True,False,True,True,0.0,False,19.95445769434726,-1.8078558445230284,0.03089807280530013,0.0,False,False,0.0,True,False,0.0,0.0,0.0,0.0,0.0,0.0,0.0,0.0,0.0,0.0,0.0,0.0,0.0,0.0,0.0,0.0,0.0,0.0,0.0,0.0
1,53,0.04424450701743147,-6.308598934892681e-09,9.809902141089593,0.0015009963441417308,,False,7.26,True,367.55956559221005,2.3349574482085718,431.4157088516099,0.8034585968677089,False,True,True,True,True,False,True,True,0.0,False,19.95445754633751,-1.8078558490977066,0.030898072805299326,0.0,False,False,0.0,True,False,0.0,0.0,0.0,0.0,0.0,0.0,0.0,0.0,0.0,0.0,0.0,0.0,0.0,0.0,0.0,0.0,0.0,0.0,0.0,0.0
1,54,0.04490270227541196,-2.5977847346520143e-08,9.79660243505316,0.0012907755822127987,,False,7.39,True,367.3018534407489,2.3282296350987144,431.59505637175266,0.8030758797407616,False,True,True,True,True,False,True,True,0.0,False,19.95445835648672,-1.8078558240467117,0.030898072804943187,0.0,False,False,0.0,True,False,0.0,0.0,0.0,0.0,0.0,0.0,0.0,0.0,0.0,0.0,0.0,0.0,0.0,0.0,0.0,0.0,0.0,0.0,0.0,0.0
1,55,0.04257687303894043,-8.713596256858279e-10,9.811147202549746,0.0008102716606890467,,False,7.53,True,368.2340380565185,2.325749769323395,431.3947711226965,0.8039027517224677,False,True,True,True,True,False,True,True,0.0,False,19.95445942494866,-1.8078557910343291,0.030898072805017607,0.0,False,False,0.0,True,False,0.0,0.0,0.0,0.0,0.0,0.0,0.0,0.0,0.0,0.0,0.0,0.0,0.0,0.0,0.0,0.0,0.0,0.0,0.0,0.0
1,56,0.0447223843410241,-5.506039026329004e-09,9.81366991505115,0.00026411995063271664,,False,7.65,True,367.4049578646563,2.327207886837888,431.42208490706753,0.8033880970431122,False,True,True,True,True,False,True,True,0.0,False,19.95445715746757,-1.8078558611170057,0.030898072805064514,0.0,False,False,0.0,True,False,0.0,0.0,0.0,0.0,0.0,0.0,0.0,0.0,0.0,0.0,0.0,0.0,0.0,0.0,0.0,0.0,0.0,0.0,0.0,0.0
1,57,0.04474881030688377,-7.095685918651901e-09,9.809183014981103,0.00022310061663974415,,False,7.8,True,367.8600146497211,2.323743135563631,431.4159576104515,0.8035596375867801,False,True,True,True,True,False,True,True,0.0,False,19.954456910948515,-1.8078558687349746,0.030898072805036363,0.0,False,False,0.0,True,False,0.0,0.0,0.0,0.0,0.0,0.0,0.0,0.0,0.0,0.0,0.0,0.0,0.0,0.0,0.0,0.0,0.0,0.0,0.0,0.0
1,58,0.04355440137470185,-6.077946789089049e-09,9.80888301891994,9.601729644529209e-05,,False,7.92,True,366.90629646180804,2.3275197076144516,431.7224752895037,0.8046112187299549,False,True,True,True,True,False,True,True,0.0,False,19.954458242404243,-1.807855827582987,0.03089807280503839,0.0,False,False,0.0,True,False,0.0,0.0,0.0,0.0,0.0,0.0,0.0,0.0,0.0,0.0,0.0,0.0,0.0,0.0,0.0,0.0,0.0,0.0,0.0,0.0
1,59,0.04395144414601125,-6.311957248403694e-09,9.810200754219549,7.420268779042264e-05,,False,8.07,True,368.228603086286,2.332477053515102,431.2277836252583,0.8036645985586433,False,True,True,True,True,False,True,True,0.0,False,19.954458132360035,-1.807855830984221,0.030898072805041386,0.0,False,False,0.0,True,False,0.0,0.0,0.0,0.0,0.0,0.0,0.0,0.0,0.0,0.0,0.0,0.0,0.0,0.0,0.0,0.0,0.0,0.0,0.0,0.0
1,60,0.04435286034343037,-6.356822709907526e-09,9.810175475840003,2.765682169125201e-05,,False,8.19,True,367.3686308894053,2.3292941439513073,431.3503155951923,0.8034354227385605,False,True,True,True,True,False,True,True,0.0,False,19.954457569748005,-1.8078558483733167,0.03089807280504153,0.0,False,False,0.0,True,False,0.0,0.0,0.0,0.0,0.0,0.0,0.0,0.0,0.0,0.0,0.0,0.0,0.0,0.0,0.0,0.0,0.0,0.0,0.0,0.0
1,61,0.04425255296350114,-6.32085334892714e-09,9.809989507857248,0.00018434803679886414,,False,8.33,True,368.3426867712869,2.330025439829317,431.25685314772187,0.8034398903015613,False,True,True,True,True,False,True,True,0.0,False,19.95445776959514,-1.8078558421937707,0.030898072804714124,0.0,False,False,0.0,True,False,0.0,0.0,0.0,0.0,0.0,0.0,0.0,0.0,0.0,0.0,0.0,0.0,0.0,0.0,0.0,0.0,0.0,0.0,0.0,0.0
1,62,0.043472129429510425,-1.3696725654942705e-08,9.800600217796086,0.001082052982022981,,False,8.46,True,366.4256917309856,2.327066045899832,431.4003327425651,0.8030614568036706,False,True,True,True,True,False,True,True,0.0,False,19.95445919850246,-1.8078557980250989,0.03089807280466164,0.0,False,False,0.0,True,False,0.0,0.0,0.0,0.0,0.0,0.0,0.0,0.0,0.0,0.0,0.0,0.0,0.0,0.0,0.0,0.0,0.0,0.0,0.0,0.0
1,63,0.04317340481001709,-1.4647922078794927e-09,9.813407423863255,0.0004544663180326129,,False,8.6,True,367.74520350868,2.334354169584315,431.36859625347176,0.8034142319467379,False,True,True,True,True,False,True,True,0.0,False,19.954458881482363,-1.8078558078318403,0.030898072804793782,0.0,False,False,0.0,True,False,0.0,0.0,0.0,0.0,0.0,0.0,0.0,0.0,0.0,0.0,0.0,0.0,0.0,0.0,0.0,0.0,0.0,0.0,0.0,0.0
1,64,0.04524230969484385,-7.130582634132533e-09,9.812130151989802,0.00035389682292059335,,False,8.73,True,367.8925745827326,2.3322861519599347,431.56845242022433,0.8032275991992397,False,True,True,True,True,False,True,True,0.0,False,19.95445671720722,-1.8078558747229245,0.030898072804798046,0.0,False,False,0.0,True,False,0.0,0.0,0.0,0.0,0.0,0.0,0.0,0.0,0.0,0.0,0.0,0.0,0.0,0.0,0.0,0.0,0.0,0.0,0.0,0.0
1,65,0.04426743667627817,-6.628512399539733e-09,9.808703053954265,0.0001431889109408444,,False,8.86,True,368.00982880519416,2.327523047632679,431.708650205305,0.8032004369138042,False,True,True,True,True,False,True,True,0.0,False,19.954457383400758,-1.807855854131813,0.03089807280477798,0.0,False,False,0.0,True,False,0.0,0.0,0.0,0.0,0.0,0.0,0.0,0.0,0.0,0.0,0.0,0.0,0.0,0.0,0.0,0.0,0.0,0.0,0.0,0.0
1,66,0.04346340861801359,-6.064679813953716e-09,9.809375956171989,0.00010413519589093469,,False,9.0,True,368.27029718819654,2.3315559497969756,431.44170789276325,0.8030987627787429,False,True,True,True,True,False,True,True,0.0,False,19.954458420889207,-1.8078558220656415,0.03089807280478228,0.0,False,False,0.0,True,False,0.0,0.0,0.0,0.0,0.0,0.0,0.0,0.0,0.0,0.0,0.0,0.0,0.0,0.0,0.0,0.0,0.0,0.0,0.0,0.0
1,67,0.04406166733787386,-6.339042741676403e-09,9.810251607095282,5.806463389109697e-05,,False,9.13,True,369.4272761512973,2.329371864250532,431.6961716051194,0.8029916558468995,False,True,True,True,True,False,True,True,0.0,False,19.95445799394792,-1.8078558352614151,0.030898072804783818,0.0,False,False,0.0,True,False,0.0,0.0,0.0,0.0,0.0,0.0,0.0,0.0,0.0,0.0,0.0,0.0,0.0,0.0,0.0,0.0,0.0,0.0,0.0,0.0
1,68,0.0443404289129801,-6.329953363852436e-09,9.810032152354271,3.124620815023164e-05,,False,9.27,True,368.78944618899914,2.327581772766893,431.654805985116,0.8034939931455509,False,True,True,True,True,False,True,True,0.0,False,19.95445756384808,-1.807855848554868,0.030898072804783364,0.0,False,False,0.0,True,False,0.0,0.0,0.0,0.0,0.0,0.0,0.0,0.0,0.0,0.0,0.0,0.0,0.0,0.0,0.0,0.0,0.0,0.0,0.0,0.0
1,69,0.045170745493488776,-3.0426796568282146e-08,9.796449368693372,0.0005109085903860908,,False,9.4,True,367.78940616563534,2.332398185762606,431.6093541385159,0.8030019785341783,False,True,True,True,True,False,True,True,0.0,False,19.954457988602066,-1.8078558354174612,0.030898072804471034,0.0,False,False,0.0,True,False,0.0,0.0,0.0,0.0,0.0,0.0,0.0,0.0,0.0,0.0,0.0,0.0,0.0,0.0,0.0,0.0,0.0,0.0,0.0,0.0
1,70,0.04264103943675928,-5.7477221620207784e-09,9.805191680427965,0.0011735980862327315,,False,9.53,True,366.9668508318879,2.3303674917678516,431.3805621325521,0.8034142319511104,False,True,True,True,True,False,True,True,0.0,False,19.9544595579624,-1.8078557869172285,0.030898072804431298,0.0,False,False,0.0,True,False,0.0,0.0,0.0,0.0,0.0,0.0,0.0,0.0,0.0,0.0,0.0,0.0,0.0,0.0,0.0,0.0,0.0,0.0,0.0,0.0
1,71,0.04377736950157994,-2.8975712186028762e-09,9.814090536869942,0.0009118205563620668,,False,9.65,True,367.21017131752444,2.3259091364836575,431.3148064555228,0.8035647693099994,False,True,True,True,True,False,True,True,0.0,False,19.954458329839472,-1.8078558248810344,0.030898072804549117,0.0,False,False,0.0,True,False,0.0,0.0,0.0,0.0,0.0,0.0,0.0,0.0,0.0,0.0,0.0,0.0,0.0,0.0,0.0,0.0,0.0,0.0,0.0,0.0
1,72,0.04525350298355392,-7.508854792748656e-09,9.810739287117068,0.00033653790702638107,,False,9.79,True,368.42094826908385,2.331434815345363,431.40550794225123,0.8031388463335201,False,True,True,True,True,False,True,True,0.0,False,19.954456609323653,-1.807855878056085,0.030898072804530236,0.0,False,False,0.0,True,False,0.0,0.0,0.0,0.0,0.0,0.0,0.0,0.0,0.0,0.0,0.0,0.0,0.0,0.0,0.0,0.0,0.0,0.0,0.0,0.0
1,73,0.04426743667650422,-6.628928488336368e-09,9.80870305395428,0.0003431927136573275,,False,9.91,True,368.63816172501276,2.327085723167894,431.6153717567875,0.8030758797403366,False,True,True,True,True,False,True,True,0.0,False,19.954457759124814,-1.8078558425183098,0.03089807280452126,0.0,False,False,0.0,True,False,0.0,0.0,0.0,0.0,0.0,0.0,0.0,0.0,0.0,0.0,0.0,0.0,0.0,0.0,0.0,0.0,0.0,0.0,0.0,0.0
1,74,0.043533215499110905,-6.12642559622515e-09,9.809675793199201,0.00010152994666080439,,False,10.05,True,368.23307735231106,2.3250690992738896,431.23781921826395,0.8035465595958502,False,True,True,True,True,False,True,True,0.0,False,19.9544584483199,-1.8078558212170122,0.030898072804525528,0.0,False,False,0.0,True,False,0.0,0.0,0.0,0.0,0.0,0.0,0.0,0.0,0.0,0.0,0.0,0.0,0.0,0.0,0.0,0.0,0.0,0.0,0.0,0.0
1,75,0.04424057547635837,-6.36445027943786e-09,9.810267810089949,0.00012807824490778565,,False,10.19,True,368.2623158308828,2.3334849479865816,431.42036967984427,0.8034783848128799,False,True,True,True,True,False,True,True,0.0,False,19.95445786270665,-1.807855839316981,0.030898072804526458,0.0,False,False,0.0,True,False,0.0,0.0,0.0,0.0,0.0,0.0,0.0,0.0,0.0,0.0,0.0,0.0,0.0,0.0,0.0,0.0,0.0,0.0,0.0,0.0
1,76,0.04430888531803258,-6.320255953380448e-09,9.809975879202485,3.25631155516802e-05,,False,10.32,True,367.8250959743243,2.3262769516884387,431.5357700672401,0.8028672680307537,False,True,True,True,True,False,True,True,0.0,False,19.95445759809888,-1.807855847495447,0.03089807280452595,0.0,False,False,0.0,True,False,0.0,0.0,0.0,0.0,0.0,0.0,0.0,0.0,0.0,0.0,0.0,0.0,0.0,0.0,0.0,0.0,0.0,0.0,0.0,0.0
1,77,0.04517074549174747,-3.0428597727115245e-08,9.796449368693537,0.000510908589734897,,False,10.44,True,368.61828708404965,2.33128901576872,431.3905434768536,0.8030750306835472,False,True,True,True,True,False,True,True,0.0,False,19.954458098599936,-1.8078558320150053,0.030898072804234684,0.0,False,False,0.0,True,False,0.0,0.0,0.0,0.0,0.0,0.0,0.0,0.0,0.0,0.0,0.0,0.0,0.0,0.0,0.0,0.0,0.0,0.0,0.0,0.0
1,78,0.04243555461607489,-2.251994179806431e-09,9.808473673778213,0.00104308966477132,,False,10.58,True,367.0067389022451,2.3235323685881872,431.6251205083894,0.8030019785341783,False,True,True,True,True,False,True,True,0.0,False,19.954459673735208,-1.8078557833399356,0.030898072804197495,0.0,False,False,0.0,True,False,0.0,0.0,0.0,0.0,0.0,0.0,0.0,0.0,0.0,0.0,0.0,0.0,0.0,0.0,0.0,0.0,0.0,0.0,0.0,0.0
1,79,0.04418492798737138,-3.990527806901225e-09,9.814121625510042,0.00020262103328582673,,False,10.71,True,367.52645707272654,2.333275468925976,431.28107527507973,0.8036231544308088,False,True,True,True,True,False,True,True,0.0,False,19.954457953822143,-1.8078558365018103,0.030898072804294338,0.0,False,False,0.0,True,False,0.0,0.0,0.0,0.0,0.0,0.0,0.0,0.0,0.0,0.0,0.0,0.0,0.0,0.0,0.0,0.0,0.0,0.0,0.0,0.0
1,80,0.04513949638970719,-7.460159331071921e-09,9.810121911787624,0.0002867451140015767,,False,10.85,True,366.0554245684045,2.3233806441409,431.49614469029586,0.8035098617051468,False,True,True,True,True,False,True,True,0.0,False,19.954456689666717,-1.8078558755719278,0.030898072804268404,0.0,False,False,0.0,True,False,0.0,0.0,0.0,0.0,0.0,0.0,0.0,0.0,0.0,0.0,0.0,0.0,0.0,0.0,0.0,0.0,0.0,0.0,0.0,0.0
1,81,0.04374962335110777,-6.199312437051881e-09,9.808681141186037,9.481044752611462e-05,,False,10.98,True,367.7086835982002,2.327730996778067,431.2206352858017,0.8036501046042834,False,True,True,True,True,False,True,True,0.0,False,19.954457996850266,-1.807855835169995,0.030898072804263887,0.0,False,False,0.0,True,False,0.0,0.0,0.0,0.0,0.0,0.0,0.0,0.0,0.0,0.0,0.0,0.0,0.0,0.0,0.0,0.0,0.0,0.0,0.0,0.0
1,82,0.04366726171267005,-6.2043062814053534e-09,9.809930176332077,9.271828717044972e-05,,False,11.12,True,368.7205132567444,2.333288151898147,431.6251205083894,0.8030019785341783,False,True,True,True,True,False,True,True,0.0,False,19.954458395846753,-1.8078558228380186,0.030898072804267995,0.0,False,False,0.0,True,False,0.0,0.0,0.0,0.0,0.0,0.0,0.0,0.0,0.0,0.0,0.0,0.0,0.0,0.0,0.0,0.0,0.0,0.0,0.0,0.0
1,83,0.04430149613854834,-6.3664554016236895e-09,9.81024201783755,3.171268692297377e-05,,False,11.25,True,368.4162417798387,2.332766016637668,431.38511827172147,0.8034089988973394,False,True,True,True,True,False,True,True,0.0,False,19.95445775846618,-1.8078558425380145,0.030898072804267682,0.0,False,False,0.0,True,False,0.0,0.0,0.0,0.0,0.0,0.0,0.0,0.0,0.0,0.0,0.0,0.0,0.0,0.0,0.0,0.0,0.0,0.0,0.0,0.0
1,84,0.043452474430649424,-6.203232902447577e-09,9.80862712171221,0.0015009963450372476,,False,11.38,True,368.48574182916286,2.32755536274646,431.49504586408773,0.8036776628237889,False,True,True,True,True,False,True,True,0.0,False,19.95445765169579,-1.8078558458380747,0.03089807280426728,0.0,False,False,0.0,True,False,0.0,0.0,0.0,0.0,0.0,0.0,0.0,0.0,0.0,0.0,0.0,0.0,0.0,0.0,0.0,0.0,0.0,0.0,0.0,0.0
1,85,0.04437375982101724,-2.1165460975533952e-08,9.797779856592841,0.0007363826954118165,,False,11.52,True,367.02412835760225,2.321713348082228,431.35497646435334,0.8032611869726456,False,True,True,True,True,False,True,True,0.0,False,19.954458619062617,-1.8078558159283555,0.030898072803895657,0.0,False,False,0.0,True,False,0.0,0.0,0.0,0.0,0.0,0.0,0.0,0.0,0.0,0.0,0.0,0.0,0.0,0.0,0.0,0.0,0.0,0.0,0.0,0.0
1,86,0.04268988923314671,-8.048576324162657e-10,9.811859609199423,0.0006307252326282314,,False,11.65,True,368.2108986519523,2.3290781420047035,431.43239931652806,0.8030750306802288,False,True,True,True,True,False,True,True,0.0,False,19.954459417732902,-1.8078557912544948,0.03089807280399622,0.0,False,False,0.0,True,False,0.0,0.0,0.0,0.0,0.0,0.0,0.0,0.0,0.0,0.0,0.0,0.0,0.0,0.0,0.0,0.0,0.0,0.0,0.0,0.0
1,87,0.044995774736742565,-6.3142194870682065e-09,9.813131073559811,0.0003142812946756787,,False,11.79,True,368.371259295326,2.328062660677409,431.6070055623025,0.8030954306556782,False,True,True,True,True,False,True,True,0.0,False,19.954457115890524,-1.8078558623986174,0.030898072804031295,0.0,False,False,0.0,True,False,0.0,0.0,0.0,0.0,0.0,0.0,0.0,0.0,0.0,0.0,0.0,0.0,0.0,0.0,0.0,0.0,0.0,0.0,0.0,0.0
1,88,0.044748810305199435,-7.0954896247357995e-09,9.80918301498118,0.00030567627824800315,,False,11.92,True,366.41142067983424,2.32856490350205,431.67632711488045,0.8028557515103212,False,True,True,True,True,False,True,True,0.0,False,19.954457014513157,-1.8078558655307826,0.030898072804005874,0.0,False,False,0.0,True,False,0.0,0.0,0.0,0.0,0.0,0.0,0.0,0.0,0.0,0.0,0.0,0.0,0.0,0.0,0.0,0.0,0.0,0.0,0.0,0.0
1,89,0.04415023355465501,-6.522265655889934e-09,9.808652532226906,0.00030567627824800315,,False,11.97,True,368.57460665426606,2.32951929751961,431.6251205083894,0.8030019785341783,False,True,True,True,True,False,True,True,0.0,False,19.954457579647205,-1.8078558480638738,0.03089807280400477,0.0,False,False,0.0,True,False,0.0,0.0,0.0,0.0,0.0,0.0,0.0,0.0,0.0,0.0,0.0,0.0,0.0,0.0,0.0,0.0,0.0,0.0,0.0,0.0
1,90,0.04415023355465501,-6.522265655889934e-09,9.808652532226906,0.00030567627824800315,,False,11.97,True,368.57460665426606,2.32951929751961,431.6251205083894,0.8030019785341783,False,True,True,True,True,False,True,True,0.0,False,19.954457579647205,-1.8078558480638738,0.03089807280400477,0.0,False,False,0.0,True,False,0.0,0.0,0.0,0.0,0.0,0.0,0.0,0.0,0.0,0.0,0.0,0.0,0.0,0.0,0.0,0.0,0.0,0.0,0.0,0.0
1,91,0.04415023355465501,-6.522265655889934e-09,9.808652532226906,0.00030567627824800315,,False,11.97,True,368.57460665426606,2.32951929751961,431.6251205083894,0.8030019785341783,False,True,True,True,True,False,True,True,0.0,False,19.954457579647205,-1.8078558480638738,0.03089807280400477,0.0,False,False,0.0,True,False,0.0,0.0,0.0,0.0,0.0,0.0,0.0,0.0,0.0,0.0,0.0,0.0,0.0,0.0,0.0,0.0,0.0,0.0,0.0,0.0
1,92,0.04415023355465501,-6.522265655889934e-09,9.808652532226906,0.00030567627824800315,,False,11.97,True,368.57460665426606,2.32951929751961,431.6251205083894,0.8030019785341783,False,True,True,True,True,False,True,True,0.0,False,19.954457579647205,-1.8078558480638738,0.03089807280400477,0.0,False,False,0.0,True,False,0.0,0.0,0.0,0.0,0.0,0.0,0.0,0.0,0.0,0.0,0.0,0.0,0.0,0.0,0.0,0.0,0.0,0.0,0.0,0.0
1,93,0.04415023355465501,-6.522265655889934e-09,9.808652532226906,0.00030567627824800315,,False,11.97,True,368.57460665426606,2.32951929751961,431.6251205083894,0.8030019785341783,False,True,True,True,True,False,True,True,0.0,False,19.954457579647205,-1.8078558480638738,0.03089807280400477,0.0,False,False,0.0,True,False,0.0,0.0,0.0,0.0,0.0,0.0,0.0,0.0,0.0,0.0,0.0,0.0,0.0,0.0,0.0,0.0,0.0,0.0,0.0,0.0
1,94,0.04415023355465501,-6.522265655889934e-09,9.808652532226906,0.00030567627824800315,,False,11.97,True,368.57460665426606,2.32951929751961,431.6251205083894,0.8030019785341783,False,True,True,True,True,False,True,True,0.0,False,19.954457579647205,-1.8078558480638738,0.03089807280400477,0.0,False,False,0.0,True,False,0.0,0.0,0.0,0.0,0.0,0.0,0.0,0.0,0.0,0.0,0.0,0.0,0.0,0.0,0.0,0.0,0.0,0.0,0.0,0.0
1,95,0.04415023355465501,-6.522265655889934e-09,9.808652532226906,0.00030567627824800315,,False,11.97,True,368.57460665426606,2.32951929751961,431.6251205083894,0.8030019785341783,False,True,True,True,True,False,True,True,0.0,False,19.954457579647205,-1.8078558480638738,0.03089807280400477,0.0,False,False,0.0,True,False,0.0,0.0,0.0,0.0,0.0,0.0,0.0,0.0,0.0,0.0,0.0,0.0,0.0,0.0,0.0,0.0,0.0,0.0,0.0,0.0
1,96,0.04415023355465501,-6.522265655889934e-09,9.808652532226906,0.00030567627824800315,,False,11.97,True,368.57460665426606,2.32951929751961,431.6251205083894,0.8030019785341783,False,True,True,True,True,False,True,True,0.0,False,19.954457579647205,-1.8078558480638738,0.03089807280400477,0.0,False,False,0.0,True,False,0.0,0.0,0.0,0.0,0.0,0.0,0.0,0.0,0.0,0.0,0.0,0.0,0.0,0.0,0.0,0.0,0.0,0.0,0.0,0.0
1,97,0.04415023355465501,-6.522265655889934e-09,9.808652532226906,0.00030567627824800315,,False,11.97,True,368.57460665426606,2.32951929751961,431.6251205083894,0.8030019785341783,False,True,True,True,True,False,True,True,0.0,False,19.954457579647205,-1.8078558480638738,0.03089807280400477,0.0,False,False,0.0,True,False,0.0,0.0,0.0,0.0,0.0,0.0,0.0,0.0,0.0,0.0,0.0,0.0,0.0,0.0,0.0,0.0,0.0,0.0,0.0,0.0
1,98,0.04415023355465501,-6.522265655889934e-09,9.808652532226906,0.00030567627824800315,,False,11.97,True,368.57460665426606,2.32951929751961,431.6251205083894,0.8030019785341783,False,True,True,True,True,False,True,True,0.0,False,19.954457579647205,-1.8078558480638738,0.03089807280400477,0.0,False,False,0.0,True,False,0.0,0.0,0.0,0.0,0.0,0.0,0.0,0.0,0.0,0.0,0.0,0.0,0.0,0.0,0.0,0.0,0.0,0.0,0.0,0.0
1,99,0.04415023355465501,-6.522265655889934e-09,9.808652532226906,0.00030567627824800315,,False,11.97,True,368.57460665426606,2.32951929751961,431.6251205083894,0.8030019785341783,False,True,True,True,True,False,True,True,0.0,False,19.954457579647205,-1.8078558480638738,0.03089807280400477,0.0,False,False,0.0,True,False,0.0,0.0,0.0,0.0,0.0,0.0,0.0,0.0,0.0,0.0,0.0,0.0,0.0,0.0,0.0,0.0,0.0,0.0,0.0,0.0
1,100,0.04415023355465501,-6.522265655889934e-09,9.808652532226906,0.00030567627824800315,,False,11.97,True,368.57460665426606,2.32951929751961,431.6251205083894,0.8030019785341783,False,True,True,True,True,False,True,True,0.0,False,19.954457579647205,-1.8078558480638738,0.03089807280400477,0.0,False,False,0.0,True,False,0.0,0.0,0.0,0.0,0.0,0.0,0.0,0.0,0.0,0.0,0.0,0.0,0.0,0.0,0.0,0.0,0.0,0.0,0.0,0.0
1,101,0.04415023355465501,-6.522265655889934e-09,9.808652532226906,0.00030567627824800315,,False,11.97,True,368.57460665426606,2.32951929751961,431.6251205083894,0.8030019785341783,False,True,True,True,True,False,True,True,0.0,False,19.954457579647205,-1.8078558480638738,0.03089807280400477,0.0,False,False,0.0,True,False,0.0,0.0,0.0,0.0,0.0,0.0,0.0,0.0,0.0,0.0,0.0,0.0,0.0,0.0,0.0,0.0,0.0,0.0,0.0,0.0
1,102,0.04415023355465501,-6.522265655889934e-09,9.808652532226906,0.00030567627824800315,,False,11.97,True,368.57460665426606,2.32951929751961,431.6251205083894,0.8030019785341783,False,True,True,True,True,False,True,True,0.0,False,19.954457579647205,-1.8078558480638738,0.03089807280400477,0.0,False,False,0.0,True,False,0.0,0.0,0.0,0.0,0.0,0.0,0.0,0.0,0.0,0.0,0.0,0.0,0.0,0.0,0.0,0.0,0.0,0.0,0.0,0.0
1,103,0.04415023355465501,-6.522265655889934e-09,9.808652532226906,0.00030567627824800315,,False,11.97,True,368.57460665426606,2.32951929751961,431.6251205083894,0.8030019785341783,False,True,True,True,True,False,True,True,0.0,False,19.954457579647205,-1.8078558480638738,0.03089807280400477,0.0,False,False,0.0,True,False,0.0,0.0,0.0,0.0,0.0,0.0,0.0,0.0,0.0,0.0,0.0,0.0,0.0,0.0,0.0,0.0,0.0,0.0,0.0,0.0
1,104,0.04415023355465501,-6.522265655889934e-09,9.808652532226906,0.00030567627824800315,,False,11.97,True,368.57460665426606,2.32951929751961,431.6251205083894,0.8030019785341783,False,True,True,True,True,False,True,True,0.0,False,19.954457579647205,-1.8078558480638738,0.03089807280400477,0.0,False,False,0.0,True,False,0.0,0.0,0.0,0.0,0.0,0.0,0.0,0.0,0.0,0.0,0.0,0.0,0.0,0.0,0.0,0.0,0.0,0.0,0.0,0.0
1,105,0.04415023355465501,-6.522265655889934e-09,9.808652532226906,0.00030567627824800315,,False,11.97,True,368.57460665426606,2.32951929751961,431.6251205083894,0.8030019785341783,False,True,True,True,True,False,True,True,0.0,False,19.954457579647205,-1.8078558480638738,0.03089807280400477,0.0,False,False,0.0,True,False,0.0,0.0,0.0,0.0,0.0,0.0,0.0,0.0,0.0,0.0,0.0,0.0,0.0,0.0,0.0,0.0,0.0,0.0,0.0,0.0
1,106,0.04415023355465501,-6.522265655889934e-09,9.808652532226906,0.00030567627824800315,,False,11.97,True,368.57460665426606,2.32951929751961,431.6251205083894,0.8030019785341783,False,True,True,True,True,False,True,True,0.0,False,19.954457579647205,-1.8078558480638738,0.03089807280400477,0.0,False,False,0.0,True,False,0.0,0.0,0.0,0.0,0.0,0.0,0.0,0.0,0.0,0.0,0.0,0.0,0.0,0.0,0.0,0.0,0.0,0.0,0.0,0.0
1,107,0.04415023355465501,-6.522265655889934e-09,9.808652532226906,0.00030567627824800315,,False,11.97,True,368.57460665426606,2.32951929751961,431.6251205083894,0.8030019785341783,False,True,True,True,True,False,True,True,0.0,False,19.954457579647205,-1.8078558480638738,0.03089807280400477,0.0,False,False,0.0,True,False,0.0,0.0,0.0,0.0,0.0,0.0,0.0,0.0,0.0,0.0,0.0,0.0,0.0,0.0,0.0,0.0,0.0,0.0,0.0,0.0
1,108,0.04415023355465501,-6.522265655889934e-09,9.808652532226906,0.00030567627824800315,,False,11.97,True,368.57460665426606,2.32951929751961,431.6251205083894,0.8030019785341783,False,True,True,True,True,False,True,True,0.0,False,19.954457579647205,-1.8078558480638738,0.03089807280400477,0.0,False,False,0.0,True,False,0.0,0.0,0.0,0.0,0.0,0.0,0.0,0.0,0.0,0.0,0.0,0.0,0.0,0.0,0.0,0.0,0.0,0.0,0.0,0.0
1,109,0.04415023355465501,-6.522265655889934e-09,9.808652532226906,0.00030567627824800315,,False,11.97,True,368.57460665426606,2.32951929751961,431.6251205083894,0.8030019785341783,False,True,True,True,True,False,True,True,0.0,False,19.954457579647205,-1.8078558480638738,0.03089807280400477,0.0,False,False,0.0,True,False,0.0,0.0,0.0,0.0,0.0,0.0,0.0,0.0,0.0,0.0,0.0,0.0,0.0,0.0,0.0,0.0,0.0,0.0,0.0,0.0
1,110,0.04415023355465501,-6.522265655889934e-09,9.808652532226906,0.00030567627824800315,,False,11.97,True,368.57460665426606,2.32951929751961,431.6251205083894,0.8030019785341783,False,True,True,True,True,False,True,True,0.0,False,19.954457579647205,-1.8078558480638738,0.03089807280400477,0.0,False,False,0.0,True,False,0.0,0.0,0.0,0.0,0.0,0.0,0.0,0.0,0.0,0.0,0.0,0.0,0.0,0.0,0.0,0.0,0.0,0.0,0.0,0.0
1,111,0.04415023355465501,-6.522265655889934e-09,9.808652532226906,0.00030567627824800315,,False,11.97,True,368.57460665426606,2.32951929751961,431.6251205083894,0.8030019785341783,False,True,True,True,True,False,True,True,0.0,False,19.954457579647205,-1.8078558480638738,0.03089807280400477,0.0,False,False,0.0,True,False,0.0,0.0,0.0,0.0,0.0,0.0,0.0,0.0,0.0,0.0,0.0,0.0,0.0,0.0,0.0,0.0,0.0,0.0,0.0,0.0
1,112,0.04415023355465501,-6.522265655889934e-09,9.808652532226906,0.00030567627824800315,,False,11.97,True,368.57460665426606,2.32951929751961,431.6251205083894,0.8030019785341783,False,True,True,True,True,False,True,True,0.0,False,19.954457579647205,-1.8078558480638738,0.03089807280400477,0.0,False,False,0.0,True,False,0.0,0.0,0.0,0.0,0.0,0.0,0.0,0.0,0.0,0.0,0.0,0.0,0.0,0.0,0.0,0.0,0.0,0.0,0.0,0.0
1,113,0.04415023355465501,-6.522265655889934e-09,9.808652532226906,0.00030567627824800315,,False,11.97,True,368.57460665426606,2.32951929751961,431.6251205083894,0.8030019785341783,False,True,True,True,True,False,True,True,0.0,False,19.954457579647205,-1.8078558480638738,0.03089807280400477,0.0,False,False,0.0,True,False,0.0,0.0,0.0,0.0,0.0,0.0,0.0,0.0,0.0,0.0,0.0,0.0,0.0,0.0,0.0,0.0,0.0,0.0,0.0,0.0
1,114,0.04415023355465501,-6.522265655889934e-09,9.808652532226906,0.00030567627824800315,,False,11.97,True,368.57460665426606,2.32951929751961,431.6251205083894,0.8030019785341783,False,True,True,True,True,False,True,True,0.0,False,19.954457579647205,-1.8078558480638738,0.03089807280400477,0.0,False,False,0.0,True,False,0.0,0.0,0.0,0.0,0.0,0.0,0.0,0.0,0.0,0.0,0.0,0.0,0.0,0.0,0.0,0.0,0.0,0.0,0.0,0.0
1,115,0.04415023355465501,-6.522265655889934e-09,9.808652532226906,0.00030567627824800315,,False,11.97,True,368.57460665426606,2.32951929751961,431.6251205083894,0.8030019785341783,False,True,True,True,True,False,True,True,0.0,False,19.954457579647205,-1.8078558480638738,0.03089807280400477,0.0,False,False,0.0,True,False,0.0,0.0,0.0,0.0,0.0,0.0,0.0,0.0,0.0,0.0,0.0,0.0,0.0,0.0,0.0,0.0,0.0,0.0,0.0,0.0
1,116,0.04415023355465501,-6.522265655889934e-09,9.808652532226906,0.00030567627824800315,,False,11.97,True,368.57460665426606,2.32951929751961,431.6251205083894,0.8030019785341783,False,True,True,True,True,False,True,True,0.0,False,19.954457579647205,-1.8078558480638738,0.03089807280400477,0.0,False,False,0.0,True,False,0.0,0.0,0.0,0.0,0.0,0.0,0.0,0.0,0.0,0.0,0.0,0.0,0.0,0.0,0.0,0.0,0.0,0.0,0.0,0.0
1,117,0.04415023355465501,-6.522265655889934e-09,9.808652532226906,0.00030567627824800315,,False,11.97,True,368.57460665426606,2.32951929751961,431.6251205083894,0.8030019785341783,False,True,True,True,True,False,True,True,0.0,False,19.954457579647205,-1.8078558480638738,0.03089807280400477,0.0,False,False,0.0,True,False,0.0,0.0,0.0,0.0,0.0,0.0,0.0,0.0,0.0,0.0,0.0,0.0,0.0,0.0,0.0,0.0,0.0,0.0,0.0,0.0
1,118,0.04415023355465501,-6.522265655889934e-09,9.808652532226906,0.00030567627824800315,,False,11.97,True,368.57460665426606,2.32951929751961,431.6251205083894,0.8030019785341783,False,True,True,True,True,False,True,True,0.0,False,19.954457579647205,-1.8078558480638738,0.03089807280400477,0.0,False,False,0.0,True,False,0.0,0.0,0.0,0.0,0.0,0.0,0.0,0.0,0.0,0.0,0.0,0.0,0.0,0.0,0.0,0.0,0.0,0.0,0.0,0.0
1,119,0.04415023355465501,-6.522265655889934e-09,9.808652532226906,0.00030567627824800315,,False,11.97,True,368.57460665426606,2.32951929751961,431.6251205083894,0.8030019785341783,False,True,True,True,True,False,True,True,0.0,False,19.954457579647205,-1.8078558480638738,0.03089807280400477,0.0,False,False,0.0,True,False,0.0,0.0,0.0,0.0,0.0,0.0,0.0,0.0,0.0,0.0,0.0,0.0,0.0,0.0,0.0,0.0,0.0,0.0,0.0,0.0
1,120,0.04415023355465501,-6.522265655889934e-09,9.808652532226906,0.00030567627824800315,,False,11.97,True,368.57460665426606,2.32951929751961,431.6251205083894,0.8030019785341783,False,True,True,True,True,False,True,True,0.0,False,19.954457579647205,-1.8078558480638738,0.03089807280400477,0.0,False,False,0.0,True,False,0.0,0.0,0.0,0.0,0.0,0.0,0.0,0.0,0.0,0.0,0.0,0.0,0.0,0.0,0.0,0.0,0.0,0.0,0.0,0.0
1,121,0.04415023355465501,-6.522265655889934e-09,9.808652532226906,0.00030567627824800315,,False,11.97,True,368.57460665426606,2.32951929751961,431.6251205083894,0.8030019785341783,False,True,True,True,True,False,True,True,0.0,False,19.954457579647205,-1.8078558480638738,0.03089807280400477,0.0,False,False,0.0,True,False,0.0,0.0,0.0,0.0,0.0,0.0,0.0,0.0,0.0,0.0,0.0,0.0,0.0,0.0,0.0,0.0,0.0,0.0,0.0,0.0
1,122,0.04415023355465501,-6.522265655889934e-09,9.808652532226906,0.00030567627824800315,,False,11.97,True,368.57460665426606,2.32951929751961,431.6251205083894,0.8030019785341783,False,True,True,True,True,False,True,True,0.0,False,19.954457579647205,-1.8078558480638738,0.03089807280400477,0.0,False,False,0.0,True,False,0.0,0.0,0.0,0.0,0.0,0.0,0.0,0.0,0.0,0.0,0.0,0.0,0.0,0.0,0.0,0.0,0.0,0.0,0.0,0.0
1,123,0.04415023355465501,-6.522265655889934e-09,9.808652532226906,0.00030567627824800315,,False,11.97,True,368.57460665426606,2.32951929751961,431.6251205083894,0.8030019785341783,False,True,True,True,True,False,True,True,0.0,False,19.954457579647205,-1.8078558480638738,0.03089807280400477,0.0,False,False,0.0,True,False,0.0,0.0,0.0,0.0,0.0,0.0,0.0,0.0,0.0,0.0,0.0,0.0,0.0,0.0,0.0,0.0,0.0,0.0,0.0,0.0
1,124,0.04415023355465501,-6.522265655889934e-09,9.808652532226906,0.00030567627824800315,,False,11.97,True,368.57460665426606,2.32951929751961,431.6251205083894,0.8030019785341783,False,True,True,True,True,False,True,True,0.0,False,19.954457579647205,-1.8078558480638738,0.03089807280400477,0.0,False,False,0.0,True,False,0.0,0.0,0.0,0.0,0.0,0.0,0.0,0.0,0.0,0.0,0.0,0.0,0.0,0.0,0.0,0.0,0.0,0.0,0.0,0.0
1,125,0.04415023355465501,-6.522265655889934e-09,9.808652532226906,0.00030567627824800315,,False,11.97,True,368.57460665426606,2.32951929751961,431.6251205083894,0.8030019785341783,False,True,True,True,True,False,True,True,0.0,False,19.954457579647205,-1.8078558480638738,0.03089807280400477,0.0,False,False,0.0,True,False,0.0,0.0,0.0,0.0,0.0,0.0,0.0,0.0,0.0,0.0,0.0,0.0,0.0,0.0,0.0,0.0,0.0,0.0,0.0,0.0
1,126,0.04415023355465501,-6.522265655889934e-09,9.808652532226906,0.00030567627824800315,,False,11.97,True,368.57460665426606,2.32951929751961,431.6251205083894,0.8030019785341783,False,True,True,True,True,False,True,True,0.0,False,19.954457579647205,-1.8078558480638738,0.03089807280400477,0.0,False,False,0.0,True,False,0.0,0.0,0.0,0.0,0.0,0.0,0.0,0.0,0.0,0.0,0.0,0.0,0.0,0.0,0.0,0.0,0.0,0.0,0.0,0.0
1,127,0.04415023355465501,-6.522265655889934e-09,9.808652532226906,0.00030567627824800315,,False,11.97,True,368.57460665426606,2.32951929751961,431.6251205083894,0.8030019785341783,False,True,True,True,True,False,True,True,0.0,False,19.954457579647205,-1.8078558480638738,0.03089807280400477,0.0,False,False,0.0,True,False,0.0,0.0,0.0,0.0,0.0,0.0,0.0,0.0,0.0,0.0,0.0,0.0,0.0,0.0,0.0,0.0,0.0,0.0,0.0,0.0
1,128,0.04415023355465501,-6.522265655889934e-09,9.808652532226906,0.00030567627824800315,,False,11.97,True,368.57460665426606,2.32951929751961,431.6251205083894,0.8030019785341783,False,True,True,True,True,False,True,True,0.0,False,19.954457579647205,-1.8078558480638738,0.03089807280400477,0.0,False,False,0.0,True,False,0.0,0.0,0.0,0.0,0.0,0.0,0.0,0.0,0.0,0.0,0.0,0.0,0.0,0.0,0.0,0.0,0.0,0.0,0.0,0.0
1,129,0.04415023355465501,-6.522265655889934e-09,9.808652532226906,0.00030567627824800315,,False,11.97,True,368.57460665426606,2.32951929751961,431.6251205083894,0.8030019785341783,False,True,True,True,True,False,True,True,0.0,False,19.954457579647205,-1.8078558480638738,0.03089807280400477,0.0,False,False,0.0,True,False,0.0,0.0,0.0,0.0,0.0,0.0,0.0,0.0,0.0,0.0,0.0,0.0,0.0,0.0,0.0,0.0,0.0,0.0,0.0,0.0
1,130,0.04415023355465501,-6.522265655889934e-09,9.808652532226906,0.00030567627824800315,,False,11.97,True,368.57460665426606,2.32951929751961,431.6251205083894,0.8030019785341783,False,True,True,True,True,False,True,True,0.0,False,19.954457579647205,-1.8078558480638738,0.03089807280400477,0.0,False,False,0.0,True,False,0.0,0.0,0.0,0.0,0.0,0.0,0.0,0.0,0.0,0.0,0.0,0.0,0.0,0.0,0.0,0.0,0.0,0.0,0.0,0.0
1,131,0.04415023355465501,-6.522265655889934e-09,9.808652532226906,0.00030567627824800315,,False,11.97,True,368.57460665426606,2.32951929751961,431.6251205083894,0.8030019785341783,False,True,True,True,True,False,True,True,0.0,False,19.954457579647205,-1.8078558480638738,0.03089807280400477,0.0,False,False,0.0,True,False,0.0,0.0,0.0,0.0,0.0,0.0,0.0,0.0,0.0,0.0,0.0,0.0,0.0,0.0,0.0,0.0,0.0,0.0,0.0,0.0
1,132,0.04415023355465501,-6.522265655889934e-09,9.808652532226906,0.00030567627824800315,,False,11.97,True,368.57460665426606,2.32951929751961,431.6251205083894,0.8030019785341783,False,True,True,True,True,False,True,True,0.0,False,19.954457579647205,-1.8078558480638738,0.03089807280400477,0.0,False,False,0.0,True,False,0.0,0.0,0.0,0.0,0.0,0.0,0.0,0.0,0.0,0.0,0.0,0.0,0.0,0.0,0.0,0.0,0.0,0.0,0.0,0.0
1,133,0.04415023355465501,-6.522265655889934e-09,9.808652532226906,0.00030567627824800315,,False,11.97,True,368.57460665426606,2.32951929751961,431.6251205083894,0.8030019785341783,False,True,True,True,True,False,True,True,0.0,False,19.954457579647205,-1.8078558480638738,0.03089807280400477,0.0,False,False,0.0,True,False,0.0,0.0,0.0,0.0,0.0,0.0,0.0,0.0,0.0,0.0,0.0,0.0,0.0,0.0,0.0,0.0,0.0,0.0,0.0,0.0
1,134,0.04415023355465501,-6.522265655889934e-09,9.808652532226906,0.00030567627824800315,,False,11.97,True,368.57460665426606,2.32951929751961,431.6251205083894,0.8030019785341783,False,True,True,True,True,False,True,True,0.0,False,19.954457579647205,-1.8078558480638738,0.03089807280400477,0.0,False,False,0.0,True,False,0.0,0.0,0.0,0.0,0.0,0.0,0.0,0.0,0.0,0.0,0.0,0.0,0.0,0.0,0.0,0.0,0.0,0.0,0.0,0.0
1,135,0.04415023355465501,-6.522265655889934e-09,9.808652532226906,0.00030567627824800315,,False,11.97,True,368.57460665426606,2.32951929751961,431.6251205083894,0.8030019785341783,False,True,True,True,True,False,True,True,0.0,False,19.954457579647205,-1.8078558480638738,0.03089807280400477,0.0,False,False,0.0,True,False,0.0,0.0,0.0,0.0,0.0,0.0,0.0,0.0,0.0,0.0,0.0,0.0,0.0,0.0,0.0,0.0,0.0,0.0,0.0,0.0
1,136,0.04415023355465501,-6.522265655889934e-09,9.808652532226906,0.00030567627824800315,,False,11.97,True,368.57460665426606,2.32951929751961,431.6251205083894,0.8030019785341783,False,True,True,True,True,False,True,True,0.0,False,19.954457579647205,-1.8078558480638738,0.03089807280400477,0.0,False,False,0.0,True,False,0.0,0.0,0.0,0.0,0.0,0.0,0.0,0.0,0.0,0.0,0.0,0.0,0.0,0.0,0.0,0.0,0.0,0.0,0.0,0.0
1,137,0.04415023355465501,-6.522265655889934e-09,9.808652532226906,0.00030567627824800315,,False,11.97,True,368.57460665426606,2.32951929751961,431.6251205083894,0.8030019785341783,False,True,True,True,True,False,True,True,0.0,False,19.954457579647205,-1.8078558480638738,0.03089807280400477,0.0,False,False,0.0,True,False,0.0,0.0,0.0,0.0,0.0,0.0,0.0,0.0,0.0,0.0,0.0,0.0,0.0,0.0,0.0,0.0,0.0,0.0,0.0,0.0
1,138,0.04415023355465501,-6.522265655889934e-09,9.808652532226906,0.00030567627824800315,,False,11.97,True,368.57460665426606,2.32951929751961,431.6251205083894,0.8030019785341783,False,True,True,True,True,False,True,True,0.0,False,19.954457579647205,-1.8078558480638738,0.03089807280400477,0.0,False,False,0.0,True,False,0.0,0.0,0.0,0.0,0.0,0.0,0.0,0.0,0.0,0.0,0.0,0.0,0.0,0.0,0.0,0.0,0.0,0.0,0.0,0.0
1,139,0.04415023355465501,-6.522265655889934e-09,9.808652532226906,0.00030567627824800315,,False,11.97,True,368.57460665426606,2.32951929751961,431.6251205083894,0.8030019785341783,False,True,True,True,True,False,True,True,0.0,False,19.954457579647205,-1.8078558480638738,0.03089807280400477,0.0,False,False,0.0,True,False,0.0,0.0,0.0,0.0,0.0,0.0,0.0,0.0,0.0,0.0,0.0,0.0,0.0,0.0,0.0,0.0,0.0,0.0,0.0,0.0
1,140,0.04415023355465501,-6.522265655889934e-09,9.808652532226906,0.00030567627824800315,,False,11.97,True,368.57460665426606,2.32951929751961,431.6251205083894,0.8030019785341783,False,True,True,True,True,False,True,True,0.0,False,19.954457579647205,-1.8078558480638738,0.03089807280400477,0.0,False,False,0.0,True,False,0.0,0.0,0.0,0.0,0.0,0.0,0.0,0.0,0.0,0.0,0.0,0.0,0.0,0.0,0.0,0.0,0.0,0.0,0.0,0.0
1,141,0.04415023355465501,-6.522265655889934e-09,9.808652532226906,0.00030567627824800315,,False,11.97,True,368.57460665426606,2.32951929751961,431.6251205083894,0.8030019785341783,False,True,True,True,True,False,True,True,0.0,False,19.954457579647205,-1.8078558480638738,0.03089807280400477,0.0,False,False,0.0,True,False,0.0,0.0,0.0,0.0,0.0,0.0,0.0,0.0,0.0,0.0,0.0,0.0,0.0,0.0,0.0,0.0,0.0,0.0,0.0,0.0
1,142,0.04415023355465501,-6.522265655889934e-09,9.808652532226906,0.00030567627824800315,,False,11.97,True,368.57460665426606,2.32951929751961,431.6251205083894,0.8030019785341783,False,True,True,True,True,False,True,True,0.0,False,19.954457579647205,-1.8078558480638738,0.03089807280400477,0.0,False,False,0.0,True,False,0.0,0.0,0.0,0.0,0.0,0.0,0.0,0.0,0.0,0.0,0.0,0.0,0.0,0.0,0.0,0.0,0.0,0.0,0.0,0.0
1,143,0.04415023355465501,-6.522265655889934e-09,9.808652532226906,0.00030567627824800315,,False,11.97,True,368.57460665426606,2.32951929751961,431.6251205083894,0.8030019785341783,False,True,True,True,True,False,True,True,0.0,False,19.954457579647205,-1.8078558480638738,0.03089807280400477,0.0,False,False,0.0,True,False,0.0,0.0,0.0,0.0,0.0,0.0,0.0,0.0,0.0,0.0,0.0,0.0,0.0,0.0,0.0,0.0,0.0,0.0,0.0,0.0
1,144,0.04415023355465501,-6.522265655889934e-09,9.808652532226906,0.00030567627824800315,,False,11.97,True,368.57460665426606,2.32951929751961,431.6251205083894,0.8030019785341783,False,True,True,True,True,False,True,True,0.0,False,19.954457579647205,-1.8078558480638738,0.03089807280400477,0.0,False,False,0.0,True,False,0.0,0.0,0.0,0.0,0.0,0.0,0.0,0.0,0.0,0.0,0.0,0.0,0.0,0.0,0.0,0.0,0.0,0.0,0.0,0.0
1,145,0.04415023355465501,-6.522265655889934e-09,9.808652532226906,0.00030567627824800315,,False,11.97,True,368.57460665426606,2.32951929751961,431.6251205083894,0.8030019785341783,False,True,True,True,True,False,True,True,0.0,False,19.954457579647205,-1.8078558480638738,0.03089807280400477,0.0,False,False,0.0,True,False,0.0,0.0,0.0,0.0,0.0,0.0,0.0,0.0,0.0,0.0,0.0,0.0,0.0,0.0,0.0,0.0,0.0,0.0,0.0,0.0
1,146,0.04415023355465501,-6.522265655889934e-09,9.808652532226906,0.00030567627824800315,,False,11.97,True,368.57460665426606,2.32951929751961,431.6251205083894,0.8030019785341783,False,True,True,True,True,False,True,True,0.0,False,19.954457579647205,-1.8078558480638738,0.03089807280400477,0.0,False,False,0.0,True,False,0.0,0.0,0.0,0.0,0.0,0.0,0.0,0.0,0.0,0.0,0.0,0.0,0.0,0.0,0.0,0.0,0.0,0.0,0.0,0.0
1,147,0.04415023355465501,-6.522265655889934e-09,9.808652532226906,0.00030567627824800315,,False,11.97,True,368.57460665426606,2.32951929751961,431.6251205083894,0.8030019785341783,False,True,True,True,True,False,True,True,0.0,False,19.954457579647205,-1.8078558480638738,0.03089807280400477,0.0,False,False,0.0,True,False,0.0,0.0,0.0,0.0,0.0,0.0,0.0,0.0,0.0,0.0,0.0,0.0,0.0,0.0,0.0,0.0,0.0,0.0,0.0,0.0
1,148,0.04415023355465501,-6.522265655889934e-09,9.808652532226906,0.00030567627824800315,,False,11.97,True,368.57460665426606,2.32951929751961,431.6251205083894,0.8030019785341783,False,True,True,True,True,False,True,True,0.0,False,19.954457579647205,-1.8078558480638738,0.03089807280400477,0.0,False,False,0.0,True,False,0.0,0.0,0.0,0.0,0.0,0.0,0.0,0.0,0.0,0.0,0.0,0.0,0.0,0.0,0.0,0.0,0.0,0.0,0.0,0.0
1,149,0.04415023355465501,-6.522265655889934e-09,9.808652532226906,0.00030567627824800315,,False,11.97,True,368.57460665426606,2.32951929751961,431.6251205083894,0.8030019785341783,False,True,True,True,True,False,True,True,0.0,False,19.954457579647205,-1.8078558480638738,0.03089807280400477,0.0,False,False,0.0,True,False,0.0,0.0,0.0,0.0,0.0,0.0,0.0,0.0,0.0,0.0,0.0,0.0,0.0,0.0,0.0,0.0,0.0,0.0,0.0,0.0
1,150,0.04415023355465501,-6.522265655889934e-09,9.808652532226906,0.00030567627824800315,,False,11.97,True,368.57460665426606,2.32951929751961,431.6251205083894,0.8030019785341783,False,True,True,True,True,False,True,True,0.0,False,19.954457579647205,-1.8078558480638738,0.03089807280400477,0.0,False,False,0.0,True,False,0.0,0.0,0.0,0.0,0.0,0.0,0.0,0.0,0.0,0.0,0.0,0.0,0.0,0.0,0.0,0.0,0.0,0.0,0.0,0.0
1,151,0.04415023355465501,-6.522265655889934e-09,9.808652532226906,0.00030567627824800315,,False,11.97,True,368.57460665426606,2.32951929751961,431.6251205083894,0.8030019785341783,False,True,True,True,True,False,True,True,0.0,False,19.954457579647205,-1.8078558480638738,0.03089807280400477,0.0,False,False,0.0,True,False,0.0,0.0,0.0,0.0,0.0,0.0,0.0,0.0,0.0,0.0,0.0,0.0,0.0,0.0,0.0,0.0,0.0,0.0,0.0,0.0
1,152,0.04415023355465501,-6.522265655889934e-09,9.808652532226906,0.00030567627824800315,,False,11.97,True,368.57460665426606,2.32951929751961,431.6251205083894,0.8030019785341783,False,True,True,True,True,False,True,True,0.0,False,19.954457579647205,-1.8078558480638738,0.03089807280400477,0.0,False,False,0.0,True,False,0.0,0.0,0.0,0.0,0.0,0.0,0.0,0.0,0.0,0.0,0.0,0.0,0.0,0.0,0.0,0.0,0.0,0.0,0.0,0.0
1,153,0.04415023355465501,-6.522265655889934e-09,9.808652532226906,0.00030567627824800315,,False,11.97,True,368.57460665426606,2.32951929751961,431.6251205083894,0.8030019785341783,False,True,True,True,True,False,True,True,0.0,False,19.954457579647205,-1.8078558480638738,0.03089807280400477,0.0,False,False,0.0,True,False,0.0,0.0,0.0,0.0,0.0,0.0,0.0,0.0,0.0,0.0,0.0,0.0,0.0,0.0,0.0,0.0,0.0,0.0,0.0,0.0
1,154,0.04415023355465501,-6.522265655889934e-09,9.808652532226906,0.00030567627824800315,,False,11.97,True,368.57460665426606,2.32951929751961,431.6251205083894,0.8030019785341783,False,True,True,True,True,False,True,True,0.0,False,19.954457579647205,-1.8078558480638738,0.03089807280400477,0.0,False,False,0.0,True,False,0.0,0.0,0.0,0.0,0.0,0.0,0.0,0.0,0.0,0.0,0.0,0.0,0.0,0.0,0.0,0.0,0.0,0.0,0.0,0.0
1,155,0.04415023355465501,-6.522265655889934e-09,9.808652532226906,0.00030567627824800315,,False,11.97,True,368.57460665426606,2.32951929751961,431.6251205083894,0.8030019785341783,False,True,True,True,True,False,True,True,0.0,False,19.954457579647205,-1.8078558480638738,0.03089807280400477,0.0,False,False,0.0,True,False,0.0,0.0,0.0,0.0,0.0,0.0,0.0,0.0,0.0,0.0,0.0,0.0,0.0,0.0,0.0,0.0,0.0,0.0,0.0,0.0
1,156,0.04415023355465501,-6.522265655889934e-09,9.808652532226906,0.00030567627824800315,,False,11.97,True,368.57460665426606,2.32951929751961,431.6251205083894,0.8030019785341783,False,True,True,True,True,False,True,True,0.0,False,19.954457579647205,-1.8078558480638738,0.03089807280400477,0.0,False,False,0.0,True,False,0.0,0.0,0.0,0.0,0.0,0.0,0.0,0.0,0.0,0.0,0.0,0.0,0.0,0.0,0.0,0.0,0.0,0.0,0.0,0.0
1,157,0.04415023355465501,-6.522265655889934e-09,9.808652532226906,0.00030567627824800315,,False,11.97,True,368.57460665426606,2.32951929751961,431.6251205083894,0.8030019785341783,False,True,True,True,True,False,True,True,0.0,False,19.954457579647205,-1.8078558480638738,0.03089807280400477,0.0,False,False,0.0,True,False,0.0,0.0,0.0,0.0,0.0,0.0,0.0,0.0,0.0,0.0,0.0,0.0,0.0,0.0,0.0,0.0,0.0,0.0,0.0,0.0
1,158,0.04415023355465501,-6.522265655889934e-09,9.808652532226906,0.00030567627824800315,,False,11.97,True,368.57460665426606,2.32951929751961,431.6251205083894,0.8030019785341783,False,True,True,True,True,False,True,True,0.0,False,19.954457579647205,-1.8078558480638738,0.03089807280400477,0.0,False,False,0.0,True,False,0.0,0.0,0.0,0.0,0.0,0.0,0.0,0.0,0.0,0.0,0.0,0.0,0.0,0.0,0.0,0.0,0.0,0.0,0.0,0.0
1,159,0.04415023355465501,-6.522265655889934e-09,9.808652532226906,0.00030567627824800315,,False,11.97,True,368.57460665426606,2.32951929751961,431.6251205083894,0.8030019785341783,False,True,True,True,True,False,True,True,0.0,False,19.954457579647205,-1.8078558480638738,0.03089807280400477,0.0,False,False,0.0,True,False,0.0,0.0,0.0,0.0,0.0,0.0,0.0,0.0,0.0,0.0,0.0,0.0,0.0,0.0,0.0,0.0,0.0,0.0,0.0,0.0
1,160,0.04415023355465501,-6.522265655889934e-09,9.808652532226906,0.00030567627824800315,,False,11.97,True,368.57460665426606,2.32951929751961,431.6251205083894,0.8030019785341783,False,True,True,True,True,False,True,True,0.0,False,19.954457579647205,-1.8078558480638738,0.03089807280400477,0.0,False,False,0.0,True,False,0.0,0.0,0.0,0.0,0.0,0.0,0.0,0.0,0.0,0.0,0.0,0.0,0.0,0.0,0.0,0.0,0.0,0.0,0.0,0.0
1,161,0.04415023355465501,-6.522265655889934e-09,9.808652532226906,0.00030567627824800315,,False,11.97,True,368.57460665426606,2.32951929751961,431.6251205083894,0.8030019785341783,False,True,True,True,True,False,True,True,0.0,False,19.954457579647205,-1.8078558480638738,0.03089807280400477,0.0,False,False,0.0,True,False,0.0,0.0,0.0,0.0,0.0,0.0,0.0,0.0,0.0,0.0,0.0,0.0,0.0,0.0,0.0,0.0,0.0,0.0,0.0,0.0
1,162,0.04415023355465501,-6.522265655889934e-09,9.808652532226906,0.00030567627824800315,,False,11.97,True,368.57460665426606,2.32951929751961,431.6251205083894,0.8030019785341783,False,True,True,True,True,False,True,True,0.0,False,19.954457579647205,-1.8078558480638738,0.03089807280400477,0.0,False,False,0.0,True,False,0.0,0.0,0.0,0.0,0.0,0.0,0.0,0.0,0.0,0.0,0.0,0.0,0.0,0.0,0.0,0.0,0.0,0.0,0.0,0.0
1,163,0.04415023355465501,-6.522265655889934e-09,9.808652532226906,0.00030567627824800315,,False,11.97,True,368.57460665426606,2.32951929751961,431.6251205083894,0.8030019785341783,False,True,True,True,True,False,True,True,0.0,False,19.954457579647205,-1.8078558480638738,0.03089807280400477,0.0,False,False,0.0,True,False,0.0,0.0,0.0,0.0,0.0,0.0,0.0,0.0,0.0,0.0,0.0,0.0,0.0,0.0,0.0,0.0,0.0,0.0,0.0,0.0
1,164,0.04415023355465501,-6.522265655889934e-09,9.808652532226906,0.00030567627824800315,,False,11.97,True,368.57460665426606,2.32951929751961,431.6251205083894,0.8030019785341783,False,True,True,True,True,False,True,True,0.0,False,19.954457579647205,-1.8078558480638738,0.03089807280400477,0.0,False,False,0.0,True,False,0.0,0.0,0.0,0.0,0.0,0.0,0.0,0.0,0.0,0.0,0.0,0.0,0.0,0.0,0.0,0.0,0.0,0.0,0.0,0.0
1,165,0.04415023355465501,-6.522265655889934e-09,9.808652532226906,0.00030567627824800315,,False,11.97,True,368.57460665426606,2.32951929751961,431.6251205083894,0.8030019785341783,False,True,True,True,True,False,True,True,0.0,False,19.954457579647205,-1.8078558480638738,0.03089807280400477,0.0,False,False,0.0,True,False,0.0,0.0,0.0,0.0,0.0,0.0,0.0,0.0,0.0,0.0,0.0,0.0,0.0,0.0,0.0,0.0,0.0,0.0,0.0,0.0
1,166,0.04415023355465501,-6.522265655889934e-09,9.808652532226906,0.00030567627824800315,,False,11.97,True,368.57460665426606,2.32951929751961,431.6251205083894,0.8030019785341783,False,True,True,True,True,False,True,True,0.0,False,19.954457579647205,-1.8078558480638738,0.03089807280400477,0.0,False,False,0.0,True,False,0.0,0.0,0.0,0.0,0.0,0.0,0.0,0.0,0.0,0.0,0.0,0.0,0.0,0.0,0.0,0.0,0.0,0.0,0.0,0.0
1,167,0.04415023355465501,-6.522265655889934e-09,9.808652532226906,0.00030567627824800315,,False,11.97,True,368.57460665426606,2.32951929751961,431.6251205083894,0.8030019785341783,False,True,True,True,True,False,True,True,0.0,False,19.954457579647205,-1.8078558480638738,0.03089807280400477,0.0,False,False,0.0,True,False,0.0,0.0,0.0,0.0,0.0,0.0,0.0,0.0,0.0,0.0,0.0,0.0,0.0,0.0,0.0,0.0,0.0,0.0,0.0,0.0
1,168,0.04415023355465501,-6.522265655889934e-09,9.808652532226906,0.00030567627824800315,,False,11.97,True,368.57460665426606,2.32951929751961,431.6251205083894,0.8030019785341783,False,True,True,True,True,False,True,True,0.0,False,19.954457579647205,-1.8078558480638738,0.03089807280400477,0.0,False,False,0.0,True,False,0.0,0.0,0.0,0.0,0.0,0.0,0.0,0.0,0.0,0.0,0.0,0.0,0.0,0.0,0.0,0.0,0.0,0.0,0.0,0.0
1,169,0.04415023355465501,-6.522265655889934e-09,9.808652532226906,0.00030567627824800315,,False,11.97,True,368.57460665426606,2.32951929751961,431.6251205083894,0.8030019785341783,False,True,True,True,True,False,True,True,0.0,False,19.954457579647205,-1.8078558480638738,0.03089807280400477,0.0,False,False,0.0,True,False,0.0,0.0,0.0,0.0,0.0,0.0,0.0,0.0,0.0,0.0,0.0,0.0,0.0,0.0,0.0,0.0,0.0,0.0,0.0,0.0
1,170,0.04415023355465501,-6.522265655889934e-09,9.808652532226906,0.00030567627824800315,,False,11.97,True,368.57460665426606,2.32951929751961,431.6251205083894,0.8030019785341783,False,True,True,True,True,False,True,True,0.0,False,19.954457579647205,-1.8078558480638738,0.03089807280400477,0.0,False,False,0.0,True,False,0.0,0.0,0.0,0.0,0.0,0.0,0.0,0.0,0.0,0.0,0.0,0.0,0.0,0.0,0.0,0.0,0.0,0.0,0.0,0.0
1,171,0.04415023355465501,-6.522265655889934e-09,9.808652532226906,0.00030567627824800315,,False,11.97,True,368.57460665426606,2.32951929751961,431.6251205083894,0.8030019785341783,False,True,True,True,True,False,True,True,0.0,False,19.954457579647205,-1.8078558480638738,0.03089807280400477,0.0,False,False,0.0,True,False,0.0,0.0,0.0,0.0,0.0,0.0,0.0,0.0,0.0,0.0,0.0,0.0,0.0,0.0,0.0,0.0,0.0,0.0,0.0,0.0
1,172,0.04415023355465501,-6.522265655889934e-09,9.808652532226906,0.00030567627824800315,,False,11.97,True,368.57460665426606,2.32951929751961,431.6251205083894,0.8030019785341783,False,True,True,True,True,False,True,True,0.0,False,19.954457579647205,-1.8078558480638738,0.03089807280400477,0.0,False,False,0.0,True,False,0.0,0.0,0.0,0.0,0.0,0.0,0.0,0.0,0.0,0.0,0.0,0.0,0.0,0.0,0.0,0.0,0.0,0.0,0.0,0.0
1,173,0.04415023355465501,-6.522265655889934e-09,9.808652532226906,0.00030567627824800315,,False,11.97,True,368.57460665426606,2.32951929751961,431.6251205083894,0.8030019785341783,False,True,True,True,True,False,True,True,0.0,False,19.954457579647205,-1.8078558480638738,0.03089807280400477,0.0,False,False,0.0,True,False,0.0,0.0,0.0,0.0,0.0,0.0,0.0,0.0,0.0,0.0,0.0,0.0,0.0,0.0,0.0,0.0,0.0,0.0,0.0,0.0
1,174,0.04415023355465501,-6.522265655889934e-09,9.808652532226906,0.00030567627824800315,,False,11.97,True,368.57460665426606,2.32951929751961,431.6251205083894,0.8030019785341783,False,True,True,True,True,False,True,True,0.0,False,19.954457579647205,-1.8078558480638738,0.03089807280400477,0.0,False,False,0.0,True,False,0.0,0.0,0.0,0.0,0.0,0.0,0.0,0.0,0.0,0.0,0.0,0.0,0.0,0.0,0.0,0.0,0.0,0.0,0.0,0.0
1,175,0.04415023355465501,-6.522265655889934e-09,9.808652532226906,0.00030567627824800315,,False,11.97,True,368.57460665426606,2.32951929751961,431.6251205083894,0.8030019785341783,False,True,True,True,True,False,True,True,0.0,False,19.954457579647205,-1.8078558480638738,0.03089807280400477,0.0,False,False,0.0,True,False,0.0,0.0,0.0,0.0,0.0,0.0,0.0,0.0,0.0,0.0,0.0,0.0,0.0,0.0,0.0,0.0,0.0,0.0,0.0,0.0
1,176,0.04415023355465501,-6.522265655889934e-09,9.808652532226906,0.00030567627824800315,,False,11.97,True,368.57460665426606,2.32951929751961,431.6251205083894,0.8030019785341783,False,True,True,True,True,False,True,True,0.0,False,19.954457579647205,-1.8078558480638738,0.03089807280400477,0.0,False,False,0.0,True,False,0.0,0.0,0.0,0.0,0.0,0.0,0.0,0.0,0.0,0.0,0.0,0.0,0.0,0.0,0.0,0.0,0.0,0.0,0.0,0.0
1,177,0.04415023355465501,-6.522265655889934e-09,9.808652532226906,0.00030567627824800315,,False,11.97,True,368.57460665426606,2.32951929751961,431.6251205083894,0.8030019785341783,False,True,True,True,True,False,True,True,0.0,False,19.954457579647205,-1.8078558480638738,0.03089807280400477,0.0,False,False,0.0,True,False,0.0,0.0,0.0,0.0,0.0,0.0,0.0,0.0,0.0,0.0,0.0,0.0,0.0,0.0,0.0,0.0,0.0,0.0,0.0,0.0
1,178,0.04415023355465501,-6.522265655889934e-09,9.808652532226906,0.00030567627824800315,,False,11.97,True,368.57460665426606,2.32951929751961,431.6251205083894,0.8030019785341783,False,True,True,True,True,False,True,True,0.0,False,19.954457579647205,-1.8078558480638738,0.03089807280400477,0.0,False,False,0.0,True,False,0.0,0.0,0.0,0.0,0.0,0.0,0.0,0.0,0.0,0.0,0.0,0.0,0.0,0.0,0.0,0.0,0.0,0.0,0.0,0.0
1,179,0.04415023355465501,-6.522265655889934e-09,9.808652532226906,0.00030567627824800315,,False,11.97,True,368.57460665426606,2.32951929751961,431.6251205083894,0.8030019785341783,False,True,True,True,True,False,True,True,0.0,False,19.954457579647205,-1.8078558480638738,0.03089807280400477,0.0,False,False,0.0,True,False,0.0,0.0,0.0,0.0,0.0,0.0,0.0,0.0,0.0,0.0,0.0,0.0,0.0,0.0,0.0,0.0,0.0,0.0,0.0,0.0
1,180,0.04415023355465501,-6.522265655889934e-09,9.808652532226906,0.00030567627824800315,,False,11.97,True,368.57460665426606,2.32951929751961,431.6251205083894,0.8030019785341783,False,True,True,True,True,False,True,True,0.0,False,19.954457579647205,-1.8078558480638738,0.03089807280400477,0.0,False,False,0.0,True,False,0.0,0.0,0.0,0.0,0.0,0.0,0.0,0.0,0.0,0.0,0.0,0.0,0.0,0.0,0.0,0.0,0.0,0.0,0.0,0.0
1,181,0.04415023355465501,-6.522265655889934e-09,9.808652532226906,0.00030567627824800315,,False,11.97,True,368.57460665426606,2.32951929751961,431.6251205083894,0.8030019785341783,False,True,True,True,True,False,True,True,0.0,False,19.954457579647205,-1.8078558480638738,0.03089807280400477,0.0,False,False,0.0,True,False,0.0,0.0,0.0,0.0,0.0,0.0,0.0,0.0,0.0,0.0,0.0,0.0,0.0,0.0,0.0,0.0,0.0,0.0,0.0,0.0
1,182,0.04415023355465501,-6.522265655889934e-09,9.808652532226906,0.00030567627824800315,,False,11.97,True,368.57460665426606,2.32951929751961,431.6251205083894,0.8030019785341783,False,True,True,True,True,False,True,True,0.0,False,19.954457579647205,-1.8078558480638738,0.03089807280400477,0.0,False,False,0.0,True,False,0.0,0.0,0.0,0.0,0.0,0.0,0.0,0.0,0.0,0.0,0.0,0.0,0.0,0.0,0.0,0.0,0.0,0.0,0.0,0.0
1,183,0.04415023355465501,-6.522265655889934e-09,9.808652532226906,0.00030567627824800315,,False,11.97,True,368.57460665426606,2.32951929751961,431.6251205083894,0.8030019785341783,False,True,True,True,True,False,True,True,0.0,False,19.954457579647205,-1.8078558480638738,0.03089807280400477,0.0,False,False,0.0,True,False,0.0,0.0,0.0,0.0,0.0,0.0,0.0,0.0,0.0,0.0,0.0,0.0,0.0,0.0,0.0,0.0,0.0,0.0,0.0,0.0
1,184,0.04415023355465501,-6.522265655889934e-09,9.808652532226906,0.00030567627824800315,,False,11.97,True,368.57460665426606,2.32951929751961,431.6251205083894,0.8030019785341783,False,True,True,True,True,False,True,True,0.0,False,19.954457579647205,-1.8078558480638738,0.03089807280400477,0.0,False,False,0.0,True,False,0.0,0.0,0.0,0.0,0.0,0.0,0.0,0.0,0.0,0.0,0.0,0.0,0.0,0.0,0.0,0.0,0.0,0.0,0.0,0.0
1,185,0.04415023355465501,-6.522265655889934e-09,9.808652532226906,0.00030567627824800315,,False,11.97,True,368.57460665426606,2.32951929751961,431.6251205083894,0.8030019785341783,False,True,True,True,True,False,True,True,0.0,False,19.954457579647205,-1.8078558480638738,0.03089807280400477,0.0,False,False,0.0,True,False,0.0,0.0,0.0,0.0,0.0,0.0,0.0,0.0,0.0,0.0,0.0,0.0,0.0,0.0,0.0,0.0,0.0,0.0,0.0,0.0
1,186,0.04415023355465501,-6.522265655889934e-09,9.808652532226906,0.00030567627824800315,,False,11.97,True,368.57460665426606,2.32951929751961,431.6251205083894,0.8030019785341783,False,True,True,True,True,False,True,True,0.0,False,19.954457579647205,-1.8078558480638738,0.03089807280400477,0.0,False,False,0.0,True,False,0.0,0.0,0.0,0.0,0.0,0.0,0.0,0.0,0.0,0.0,0.0,0.0,0.0,0.0,0.0,0.0,0.0,0.0,0.0,0.0
1,187,0.04415023355465501,-6.522265655889934e-09,9.808652532226906,0.00030567627824800315,,False,11.97,True,368.57460665426606,2.32951929751961,431.6251205083894,0.8030019785341783,False,True,True,True,True,False,True,True,0.0,False,19.954457579647205,-1.8078558480638738,0.03089807280400477,0.0,False,False,0.0,True,False,0.0,0.0,0.0,0.0,0.0,0.0,0.0,0.0,0.0,0.0,0.0,0.0,0.0,0.0,0.0,0.0,0.0,0.0,0.0,0.0
1,188,0.04415023355465501,-6.522265655889934e-09,9.808652532226906,0.00030567627824800315,,False,11.97,True,368.57460665426606,2.32951929751961,431.6251205083894,0.8030019785341783,False,True,True,True,True,False,True,True,0.0,False,19.954457579647205,-1.8078558480638738,0.03089807280400477,0.0,False,False,0.0,True,False,0.0,0.0,0.0,0.0,0.0,0.0,0.0,0.0,0.0,0.0,0.0,0.0,0.0,0.0,0.0,0.0,0.0,0.0,0.0,0.0
1,189,0.04415023355465501,-6.522265655889934e-09,9.808652532226906,0.00030567627824800315,,False,11.97,True,368.57460665426606,2.32951929751961,431.6251205083894,0.8030019785341783,False,True,True,True,True,False,True,True,0.0,False,19.954457579647205,-1.8078558480638738,0.03089807280400477,0.0,False,False,0.0,True,False,0.0,0.0,0.0,0.0,0.0,0.0,0.0,0.0,0.0,0.0,0.0,0.0,0.0,0.0,0.0,0.0,0.0,0.0,0.0,0.0
1,190,0.04415023355465501,-6.522265655889934e-09,9.808652532226906,0.00030567627824800315,,False,11.97,True,368.57460665426606,2.32951929751961,431.6251205083894,0.8030019785341783,False,True,True,True,True,False,True,True,0.0,False,19.954457579647205,-1.8078558480638738,0.03089807280400477,0.0,False,False,0.0,True,False,0.0,0.0,0.0,0.0,0.0,0.0,0.0,0.0,0.0,0.0,0.0,0.0,0.0,0.0,0.0,0.0,0.0,0.0,0.0,0.0
1,191,0.04415023355465501,-6.522265655889934e-09,9.808652532226906,0.00030567627824800315,,False,11.97,True,368.57460665426606,2.32951929751961,431.6251205083894,0.8030019785341783,False,True,True,True,True,False,True,True,0.0,False,19.954457579647205,-1.8078558480638738,0.03089807280400477,0.0,False,False,0.0,True,False,0.0,0.0,0.0,0.0,0.0,0.0,0.0,0.0,0.0,0.0,0.0,0.0,0.0,0.0,0.0,0.0,0.0,0.0,0.0,0.0
1,192,0.04415023355465501,-6.522265655889934e-09,9.808652532226906,0.00030567627824800315,,False,11.97,True,368.57460665426606,2.32951929751961,431.6251205083894,0.8030019785341783,False,True,True,True,True,False,True,True,0.0,False,19.954457579647205,-1.8078558480638738,0.03089807280400477,0.0,False,False,0.0,True,False,0.0,0.0,0.0,0.0,0.0,0.0,0.0,0.0,0.0,0.0,0.0,0.0,0.0,0.0,0.0,0.0,0.0,0.0,0.0,0.0
1,193,0.04415023355465501,-6.522265655889934e-09,9.808652532226906,0.00030567627824800315,,False,11.97,True,368.57460665426606,2.32951929751961,431.6251205083894,0.8030019785341783,False,True,True,True,True,False,True,True,0.0,False,19.954457579647205,-1.8078558480638738,0.03089807280400477,0.0,False,False,0.0,True,False,0.0,0.0,0.0,0.0,0.0,0.0,0.0,0.0,0.0,0.0,0.0,0.0,0.0,0.0,0.0,0.0,0.0,0.0,0.0,0.0
1,194,0.04415023355465501,-6.522265655889934e-09,9.808652532226906,0.00030567627824800315,,False,11.97,True,368.57460665426606,2.32951929751961,431.6251205083894,0.8030019785341783,False,True,True,True,True,False,True,True,0.0,False,19.954457579647205,-1.8078558480638738,0.03089807280400477,0.0,False,False,0.0,True,False,0.0,0.0,0.0,0.0,0.0,0.0,0.0,0.0,0.0,0.0,0.0,0.0,0.0,0.0,0.0,0.0,0.0,0.0,0.0,0.0
1,195,0.04415023355465501,-6.522265655889934e-09,9.808652532226906,0.00030567627824800315,,False,11.97,True,368.57460665426606,2.32951929751961,431.6251205083894,0.8030019785341783,False,True,True,True,True,False,True,True,0.0,False,19.954457579647205,-1.8078558480638738,0.03089807280400477,0.0,False,False,0.0,True,False,0.0,0.0,0.0,0.0,0.0,0.0,0.0,0.0,0.0,0.0,0.0,0.0,0.0,0.0,0.0,0.0,0.0,0.0,0.0,0.0
1,196,0.04415023355465501,-6.522265655889934e-09,9.808652532226906,0.00030567627824800315,,False,11.97,True,368.57460665426606,2.32951929751961,431.6251205083894,0.8030019785341783,False,True,True,True,True,False,True,True,0.0,False,19.954457579647205,-1.8078558480638738,0.03089807280400477,0.0,False,False,0.0,True,False,0.0,0.0,0.0,0.0,0.0,0.0,0.0,0.0,0.0,0.0,0.0,0.0,0.0,0.0,0.0,0.0,0.0,0.0,0.0,0.0
1,197,0.04415023355465501,-6.522265655889934e-09,9.808652532226906,0.00030567627824800315,,False,11.97,True,368.57460665426606,2.32951929751961,431.6251205083894,0.8030019785341783,False,True,True,True,True,False,True,True,0.0,False,19.954457579647205,-1.8078558480638738,0.03089807280400477,0.0,False,False,0.0,True,False,0.0,0.0,0.0,0.0,0.0,0.0,0.0,0.0,0.0,0.0,0.0,0.0,0.0,0.0,0.0,0.0,0.0,0.0,0.0,0.0
1,198,0.04415023355465501,-6.522265655889934e-09,9.808652532226906,0.00030567627824800315,,False,11.97,True,368.57460665426606,2.32951929751961,431.6251205083894,0.8030019785341783,False,True,True,True,True,False,True,True,0.0,False,19.954457579647205,-1.8078558480638738,0.03089807280400477,0.0,False,False,0.0,True,False,0.0,0.0,0.0,0.0,0.0,0.0,0.0,0.0,0.0,0.0,0.0,0.0,0.0,0.0,0.0,0.0,0.0,0.0,0.0,0.0
1,199,0.04415023355465501,-6.522265655889934e-09,9.808652532226906,0.00030567627824800315,,False,11.97,True,368.57460665426606,2.32951929751961,431.6251205083894,0.8030019785341783,False,True,True,True,True,False,True,True,0.0,False,19.954457579647205,-1.8078558480638738,0.03089807280400477,0.0,False,False,0.0,True,False,0.0,0.0,0.0,0.0,0.0,0.0,0.0,0.0,0.0,0.0,0.0,0.0,0.0,0.0,0.0,0.0,0.0,0.0,0.0,0.0
1,200,0.04415023355465501,-6.522265655889934e-09,9.808652532226906,0.00030567627824800315,,False,11.97,True,368.57460665426606,2.32951929751961,431.6251205083894,0.8030019785341783,False,True,True,True,True,False,True,True,0.0,False,19.954457579647205,-1.8078558480638738,0.03089807280400477,0.0,False,False,0.0,True,False,0.0,0.0,0.0,0.0,0.0,0.0,0.0,0.0,0.0,0.0,0.0,0.0,0.0,0.0,0.0,0.0,0.0,0.0,0.0,0.0
1,201,0.04415023355465501,-6.522265655889934e-09,9.808652532226906,0.00030567627824800315,,False,11.97,True,368.57460665426606,2.32951929751961,431.6251205083894,0.8030019785341783,False,True,True,True,True,False,True,True,0.0,False,19.954457579647205,-1.8078558480638738,0.03089807280400477,0.0,False,False,0.0,True,False,0.0,0.0,0.0,0.0,0.0,0.0,0.0,0.0,0.0,0.0,0.0,0.0,0.0,0.0,0.0,0.0,0.0,0.0,0.0,0.0
1,202,0.04415023355465501,-6.522265655889934e-09,9.808652532226906,0.00030567627824800315,,False,11.97,True,368.57460665426606,2.32951929751961,431.6251205083894,0.8030019785341783,False,True,True,True,True,False,True,True,0.0,False,19.954457579647205,-1.8078558480638738,0.03089807280400477,0.0,False,False,0.0,True,False,0.0,0.0,0.0,0.0,0.0,0.0,0.0,0.0,0.0,0.0,0.0,0.0,0.0,0.0,0.0,0.0,0.0,0.0,0.0,0.0
1,203,0.04415023355465501,-6.522265655889934e-09,9.808652532226906,0.00030567627824800315,,False,11.97,True,368.57460665426606,2.32951929751961,431.6251205083894,0.8030019785341783,False,True,True,True,True,False,True,True,0.0,False,19.954457579647205,-1.8078558480638738,0.03089807280400477,0.0,False,False,0.0,True,False,0.0,0.0,0.0,0.0,0.0,0.0,0.0,0.0,0.0,0.0,0.0,0.0,0.0,0.0,0.0,0.0,0.0,0.0,0.0,0.0
1,204,0.04415023355465501,-6.522265655889934e-09,9.808652532226906,0.00030567627824800315,,False,11.97,True,368.57460665426606,2.32951929751961,431.6251205083894,0.8030019785341783,False,True,True,True,True,False,True,True,0.0,False,19.954457579647205,-1.8078558480638738,0.03089807280400477,0.0,False,False,0.0,True,False,0.0,0.0,0.0,0.0,0.0,0.0,0.0,0.0,0.0,0.0,0.0,0.0,0.0,0.0,0.0,0.0,0.0,0.0,0.0,0.0
1,205,0.04415023355465501,-6.522265655889934e-09,9.808652532226906,0.00030567627824800315,,False,11.97,True,368.57460665426606,2.32951929751961,431.6251205083894,0.8030019785341783,False,True,True,True,True,False,True,True,0.0,False,19.954457579647205,-1.8078558480638738,0.03089807280400477,0.0,False,False,0.0,True,False,0.0,0.0,0.0,0.0,0.0,0.0,0.0,0.0,0.0,0.0,0.0,0.0,0.0,0.0,0.0,0.0,0.0,0.0,0.0,0.0
1,206,0.04415023355465501,-6.522265655889934e-09,9.808652532226906,0.00030567627824800315,,False,11.97,True,368.57460665426606,2.32951929751961,431.6251205083894,0.8030019785341783,False,True,True,True,True,False,True,True,0.0,False,19.954457579647205,-1.8078558480638738,0.03089807280400477,0.0,False,False,0.0,True,False,0.0,0.0,0.0,0.0,0.0,0.0,0.0,0.0,0.0,0.0,0.0,0.0,0.0,0.0,0.0,0.0,0.0,0.0,0.0,0.0
1,207,0.04415023355465501,-6.522265655889934e-09,9.808652532226906,0.00030567627824800315,,False,11.97,True,368.57460665426606,2.32951929751961,431.6251205083894,0.8030019785341783,False,True,True,True,True,False,True,True,0.0,False,19.954457579647205,-1.8078558480638738,0.03089807280400477,0.0,False,False,0.0,True,False,0.0,0.0,0.0,0.0,0.0,0.0,0.0,0.0,0.0,0.0,0.0,0.0,0.0,0.0,0.0,0.0,0.0,0.0,0.0,0.0
1,208,0.04415023355465501,-6.522265655889934e-09,9.808652532226906,0.00030567627824800315,,False,11.97,True,368.57460665426606,2.32951929751961,431.6251205083894,0.8030019785341783,False,True,True,True,True,False,True,True,0.0,False,19.954457579647205,-1.8078558480638738,0.03089807280400477,0.0,False,False,0.0,True,False,0.0,0.0,0.0,0.0,0.0,0.0,0.0,0.0,0.0,0.0,0.0,0.0,0.0,0.0,0.0,0.0,0.0,0.0,0.0,0.0
1,209,0.04415023355465501,-6.522265655889934e-09,9.808652532226906,0.00030567627824800315,,False,11.97,True,368.57460665426606,2.32951929751961,431.6251205083894,0.8030019785341783,False,True,True,True,True,False,True,True,0.0,False,19.954457579647205,-1.8078558480638738,0.03089807280400477,0.0,False,False,0.0,True,False,0.0,0.0,0.0,0.0,0.0,0.0,0.0,0.0,0.0,0.0,0.0,0.0,0.0,0.0,0.0,0.0,0.0,0.0,0.0,0.0
1,210,0.04415023355465501,-6.522265655889934e-09,9.808652532226906,0.00030567627824800315,,False,11.97,True,368.57460665426606,2.32951929751961,431.6251205083894,0.8030019785341783,False,True,True,True,True,False,True,True,0.0,False,19.954457579647205,-1.8078558480638738,0.03089807280400477,0.0,False,False,0.0,True,False,0.0,0.0,0.0,0.0,0.0,0.0,0.0,0.0,0.0,0.0,0.0,0.0,0.0,0.0,0.0,0.0,0.0,0.0,0.0,0.0
1,211,0.04415023355465501,-6.522265655889934e-09,9.808652532226906,0.00030567627824800315,,False,11.97,True,368.57460665426606,2.32951929751961,431.6251205083894,0.8030019785341783,False,True,True,True,True,False,True,True,0.0,False,19.954457579647205,-1.8078558480638738,0.03089807280400477,0.0,False,False,0.0,True,False,0.0,0.0,0.0,0.0,0.0,0.0,0.0,0.0,0.0,0.0,0.0,0.0,0.0,0.0,0.0,0.0,0.0,0.0,0.0,0.0
1,212,0.04415023355465501,-6.522265655889934e-09,9.808652532226906,0.00030567627824800315,,False,11.97,True,368.57460665426606,2.32951929751961,431.6251205083894,0.8030019785341783,False,True,True,True,True,False,True,True,0.0,False,19.954457579647205,-1.8078558480638738,0.03089807280400477,0.0,False,False,0.0,True,False,0.0,0.0,0.0,0.0,0.0,0.0,0.0,0.0,0.0,0.0,0.0,0.0,0.0,0.0,0.0,0.0,0.0,0.0,0.0,0.0
1,213,0.04415023355465501,-6.522265655889934e-09,9.808652532226906,0.00030567627824800315,,False,11.97,True,368.57460665426606,2.32951929751961,431.6251205083894,0.8030019785341783,False,True,True,True,True,False,True,True,0.0,False,19.954457579647205,-1.8078558480638738,0.03089807280400477,0.0,False,False,0.0,True,False,0.0,0.0,0.0,0.0,0.0,0.0,0.0,0.0,0.0,0.0,0.0,0.0,0.0,0.0,0.0,0.0,0.0,0.0,0.0,0.0
1,214,0.04415023355465501,-6.522265655889934e-09,9.808652532226906,0.00030567627824800315,,False,11.97,True,368.57460665426606,2.32951929751961,431.6251205083894,0.8030019785341783,False,True,True,True,True,False,True,True,0.0,False,19.954457579647205,-1.8078558480638738,0.03089807280400477,0.0,False,False,0.0,True,False,0.0,0.0,0.0,0.0,0.0,0.0,0.0,0.0,0.0,0.0,0.0,0.0,0.0,0.0,0.0,0.0,0.0,0.0,0.0,0.0
1,215,0.04415023355465501,-6.522265655889934e-09,9.808652532226906,0.00030567627824800315,,False,11.97,True,368.57460665426606,2.32951929751961,431.6251205083894,0.8030019785341783,False,True,True,True,True,False,True,True,0.0,False,19.954457579647205,-1.8078558480638738,0.03089807280400477,0.0,False,False,0.0,True,False,0.0,0.0,0.0,0.0,0.0,0.0,0.0,0.0,0.0,0.0,0.0,0.0,0.0,0.0,0.0,0.0,0.0,0.0,0.0,0.0
1,216,0.04415023355465501,-6.522265655889934e-09,9.808652532226906,0.00030567627824800315,,False,11.97,True,368.57460665426606,2.32951929751961,431.6251205083894,0.8030019785341783,False,True,True,True,True,False,True,True,0.0,False,19.954457579647205,-1.8078558480638738,0.03089807280400477,0.0,False,False,0.0,True,False,0.0,0.0,0.0,0.0,0.0,0.0,0.0,0.0,0.0,0.0,0.0,0.0,0.0,0.0,0.0,0.0,0.0,0.0,0.0,0.0
1,217,0.04415023355465501,-6.522265655889934e-09,9.808652532226906,0.00030567627824800315,,False,11.97,True,368.57460665426606,2.32951929751961,431.6251205083894,0.8030019785341783,False,True,True,True,True,False,True,True,0.0,False,19.954457579647205,-1.8078558480638738,0.03089807280400477,0.0,False,False,0.0,True,False,0.0,0.0,0.0,0.0,0.0,0.0,0.0,0.0,0.0,0.0,0.0,0.0,0.0,0.0,0.0,0.0,0.0,0.0,0.0,0.0
1,218,0.04415023355465501,-6.522265655889934e-09,9.808652532226906,0.00030567627824800315,,False,11.97,True,368.57460665426606,2.32951929751961,431.6251205083894,0.8030019785341783,False,True,True,True,True,False,True,True,0.0,False,19.954457579647205,-1.8078558480638738,0.03089807280400477,0.0,False,False,0.0,True,False,0.0,0.0,0.0,0.0,0.0,0.0,0.0,0.0,0.0,0.0,0.0,0.0,0.0,0.0,0.0,0.0,0.0,0.0,0.0,0.0
1,219,0.04415023355465501,-6.522265655889934e-09,9.808652532226906,0.00030567627824800315,,False,11.97,True,368.57460665426606,2.32951929751961,431.6251205083894,0.8030019785341783,False,True,True,True,True,False,True,True,0.0,False,19.954457579647205,-1.8078558480638738,0.03089807280400477,0.0,False,False,0.0,True,False,0.0,0.0,0.0,0.0,0.0,0.0,0.0,0.0,0.0,0.0,0.0,0.0,0.0,0.0,0.0,0.0,0.0,0.0,0.0,0.0
1,220,0.04415023355465501,-6.522265655889934e-09,9.808652532226906,0.00030567627824800315,,False,11.97,True,368.57460665426606,2.32951929751961,431.6251205083894,0.8030019785341783,False,True,True,True,True,False,True,True,0.0,False,19.954457579647205,-1.8078558480638738,0.03089807280400477,0.0,False,False,0.0,True,False,0.0,0.0,0.0,0.0,0.0,0.0,0.0,0.0,0.0,0.0,0.0,0.0,0.0,0.0,0.0,0.0,0.0,0.0,0.0,0.0
1,221,0.04415023355465501,-6.522265655889934e-09,9.808652532226906,0.00030567627824800315,,False,11.97,True,368.57460665426606,2.32951929751961,431.6251205083894,0.8030019785341783,False,True,True,True,True,False,True,True,0.0,False,19.954457579647205,-1.8078558480638738,0.03089807280400477,0.0,False,False,0.0,True,False,0.0,0.0,0.0,0.0,0.0,0.0,0.0,0.0,0.0,0.0,0.0,0.0,0.0,0.0,0.0,0.0,0.0,0.0,0.0,0.0
1,222,0.04415023355465501,-6.522265655889934e-09,9.808652532226906,0.00030567627824800315,,False,11.97,True,368.57460665426606,2.32951929751961,431.6251205083894,0.8030019785341783,False,True,True,True,True,False,True,True,0.0,False,19.954457579647205,-1.8078558480638738,0.03089807280400477,0.0,False,False,0.0,True,False,0.0,0.0,0.0,0.0,0.0,0.0,0.0,0.0,0.0,0.0,0.0,0.0,0.0,0.0,0.0,0.0,0.0,0.0,0.0,0.0
1,223,0.04415023355465501,-6.522265655889934e-09,9.808652532226906,0.00030567627824800315,,False,11.97,True,368.57460665426606,2.32951929751961,431.6251205083894,0.8030019785341783,False,True,True,True,True,False,True,True,0.0,False,19.954457579647205,-1.8078558480638738,0.03089807280400477,0.0,False,False,0.0,True,False,0.0,0.0,0.0,0.0,0.0,0.0,0.0,0.0,0.0,0.0,0.0,0.0,0.0,0.0,0.0,0.0,0.0,0.0,0.0,0.0
1,224,0.04415023355465501,-6.522265655889934e-09,9.808652532226906,0.00030567627824800315,,False,11.97,True,368.57460665426606,2.32951929751961,431.6251205083894,0.8030019785341783,False,True,True,True,True,False,True,True,0.0,False,19.954457579647205,-1.8078558480638738,0.03089807280400477,0.0,False,False,0.0,True,False,0.0,0.0,0.0,0.0,0.0,0.0,0.0,0.0,0.0,0.0,0.0,0.0,0.0,0.0,0.0,0.0,0.0,0.0,0.0,0.0
1,225,0.04415023355465501,-6.522265655889934e-09,9.808652532226906,0.00030567627824800315,,False,11.97,True,368.57460665426606,2.32951929751961,431.6251205083894,0.8030019785341783,False,True,True,True,True,False,True,True,0.0,False,19.954457579647205,-1.8078558480638738,0.03089807280400477,0.0,False,False,0.0,True,False,0.0,0.0,0.0,0.0,0.0,0.0,0.0,0.0,0.0,0.0,0.0,0.0,0.0,0.0,0.0,0.0,0.0,0.0,0.0,0.0
1,226,0.04415023355465501,-6.522265655889934e-09,9.808652532226906,0.00030567627824800315,,False,11.97,True,368.57460665426606,2.32951929751961,431.6251205083894,0.8030019785341783,False,True,True,True,True,False,True,True,0.0,False,19.954457579647205,-1.8078558480638738,0.03089807280400477,0.0,False,False,0.0,True,False,0.0,0.0,0.0,0.0,0.0,0.0,0.0,0.0,0.0,0.0,0.0,0.0,0.0,0.0,0.0,0.0,0.0,0.0,0.0,0.0
1,227,0.04415023355465501,-6.522265655889934e-09,9.808652532226906,0.00030567627824800315,,False,11.97,True,368.57460665426606,2.32951929751961,431.6251205083894,0.8030019785341783,False,True,True,True,True,False,True,True,0.0,False,19.954457579647205,-1.8078558480638738,0.03089807280400477,0.0,False,False,0.0,True,False,0.0,0.0,0.0,0.0,0.0,0.0,0.0,0.0,0.0,0.0,0.0,0.0,0.0,0.0,0.0,0.0,0.0,0.0,0.0,0.0
1,228,0.04415023355465501,-6.522265655889934e-09,9.808652532226906,0.00030567627824800315,,False,11.97,True,368.57460665426606,2.32951929751961,431.6251205083894,0.8030019785341783,False,True,True,True,True,False,True,True,0.0,False,19.954457579647205,-1.8078558480638738,0.03089807280400477,0.0,False,False,0.0,True,False,0.0,0.0,0.0,0.0,0.0,0.0,0.0,0.0,0.0,0.0,0.0,0.0,0.0,0.0,0.0,0.0,0.0,0.0,0.0,0.0
1,229,0.04415023355465501,-6.522265655889934e-09,9.808652532226906,0.00030567627824800315,,False,11.97,True,368.57460665426606,2.32951929751961,431.6251205083894,0.8030019785341783,False,True,True,True,True,False,True,True,0.0,False,19.954457579647205,-1.8078558480638738,0.03089807280400477,0.0,False,False,0.0,True,False,0.0,0.0,0.0,0.0,0.0,0.0,0.0,0.0,0.0,0.0,0.0,0.0,0.0,0.0,0.0,0.0,0.0,0.0,0.0,0.0
1,230,0.04415023355465501,-6.522265655889934e-09,9.808652532226906,0.00030567627824800315,,False,11.97,True,368.57460665426606,2.32951929751961,431.6251205083894,0.8030019785341783,False,True,True,True,True,False,True,True,0.0,False,19.954457579647205,-1.8078558480638738,0.03089807280400477,0.0,False,False,0.0,True,False,0.0,0.0,0.0,0.0,0.0,0.0,0.0,0.0,0.0,0.0,0.0,0.0,0.0,0.0,0.0,0.0,0.0,0.0,0.0,0.0
1,231,0.04415023355465501,-6.522265655889934e-09,9.808652532226906,0.00030567627824800315,,False,11.97,True,368.57460665426606,2.32951929751961,431.6251205083894,0.8030019785341783,False,True,True,True,True,False,True,True,0.0,False,19.954457579647205,-1.8078558480638738,0.03089807280400477,0.0,False,False,0.0,True,False,0.0,0.0,0.0,0.0,0.0,0.0,0.0,0.0,0.0,0.0,0.0,0.0,0.0,0.0,0.0,0.0,0.0,0.0,0.0,0.0
1,232,0.04415023355465501,-6.522265655889934e-09,9.808652532226906,0.00030567627824800315,,False,11.97,True,368.57460665426606,2.32951929751961,431.6251205083894,0.8030019785341783,False,True,True,True,True,False,True,True,0.0,False,19.954457579647205,-1.8078558480638738,0.03089807280400477,0.0,False,False,0.0,True,False,0.0,0.0,0.0,0.0,0.0,0.0,0.0,0.0,0.0,0.0,0.0,0.0,0.0,0.0,0.0,0.0,0.0,0.0,0.0,0.0
1,233,0.04415023355465501,-6.522265655889934e-09,9.808652532226906,0.00030567627824800315,,False,11.97,True,368.57460665426606,2.32951929751961,431.6251205083894,0.8030019785341783,False,True,True,True,True,False,True,True,0.0,False,19.954457579647205,-1.8078558480638738,0.03089807280400477,0.0,False,False,0.0,True,False,0.0,0.0,0.0,0.0,0.0,0.0,0.0,0.0,0.0,0.0,0.0,0.0,0.0,0.0,0.0,0.0,0.0,0.0,0.0,0.0
1,234,0.04415023355465501,-6.522265655889934e-09,9.808652532226906,0.00030567627824800315,,False,11.97,True,368.57460665426606,2.32951929751961,431.6251205083894,0.8030019785341783,False,True,True,True,True,False,True,True,0.0,False,19.954457579647205,-1.8078558480638738,0.03089807280400477,0.0,False,False,0.0,True,False,0.0,0.0,0.0,0.0,0.0,0.0,0.0,0.0,0.0,0.0,0.0,0.0,0.0,0.0,0.0,0.0,0.0,0.0,0.0,0.0
1,235,0.04415023355465501,-6.522265655889934e-09,9.808652532226906,0.00030567627824800315,,False,11.97,True,368.57460665426606,2.32951929751961,431.6251205083894,0.8030019785341783,False,True,True,True,True,False,True,True,0.0,False,19.954457579647205,-1.8078558480638738,0.03089807280400477,0.0,False,False,0.0,True,False,0.0,0.0,0.0,0.0,0.0,0.0,0.0,0.0,0.0,0.0,0.0,0.0,0.0,0.0,0.0,0.0,0.0,0.0,0.0,0.0
1,236,0.04415023355465501,-6.522265655889934e-09,9.808652532226906,0.00030567627824800315,,False,11.97,True,368.57460665426606,2.32951929751961,431.6251205083894,0.8030019785341783,False,True,True,True,True,False,True,True,0.0,False,19.954457579647205,-1.8078558480638738,0.03089807280400477,0.0,False,False,0.0,True,False,0.0,0.0,0.0,0.0,0.0,0.0,0.0,0.0,0.0,0.0,0.0,0.0,0.0,0.0,0.0,0.0,0.0,0.0,0.0,0.0
1,237,0.04415023355465501,-6.522265655889934e-09,9.808652532226906,0.00030567627824800315,,False,11.97,True,368.57460665426606,2.32951929751961,431.6251205083894,0.8030019785341783,False,True,True,True,True,False,True,True,0.0,False,19.954457579647205,-1.8078558480638738,0.03089807280400477,0.0,False,False,0.0,True,False,0.0,0.0,0.0,0.0,0.0,0.0,0.0,0.0,0.0,0.0,0.0,0.0,0.0,0.0,0.0,0.0,0.0,0.0,0.0,0.0
1,238,0.04415023355465501,-6.522265655889934e-09,9.808652532226906,0.00030567627824800315,,False,11.97,True,368.57460665426606,2.32951929751961,431.6251205083894,0.8030019785341783,False,True,True,True,True,False,True,True,0.0,False,19.954457579647205,-1.8078558480638738,0.03089807280400477,0.0,False,False,0.0,True,False,0.0,0.0,0.0,0.0,0.0,0.0,0.0,0.0,0.0,0.0,0.0,0.0,0.0,0.0,0.0,0.0,0.0,0.0,0.0,0.0
1,239,0.04415023355465501,-6.522265655889934e-09,9.808652532226906,0.00030567627824800315,,False,11.97,True,368.57460665426606,2.32951929751961,431.6251205083894,0.8030019785341783,False,True,True,True,True,False,True,True,0.0,False,19.954457579647205,-1.8078558480638738,0.03089807280400477,0.0,False,False,0.0,True,False,0.0,0.0,0.0,0.0,0.0,0.0,0.0,0.0,0.0,0.0,0.0,0.0,0.0,0.0,0.0,0.0,0.0,0.0,0.0,0.0
1,240,0.04415023355465501,-6.522265655889934e-09,9.808652532226906,0.00030567627824800315,,False,11.97,True,368.57460665426606,2.32951929751961,431.6251205083894,0.8030019785341783,False,True,True,True,True,False,True,True,0.0,False,19.954457579647205,-1.8078558480638738,0.03089807280400477,0.0,False,False,0.0,True,False,0.0,0.0,0.0,0.0,0.0,0.0,0.0,0.0,0.0,0.0,0.0,0.0,0.0,0.0,0.0,0.0,0.0,0.0,0.0,0.0
1,241,0.04415023355465501,-6.522265655889934e-09,9.808652532226906,0.00030567627824800315,,False,11.97,True,368.57460665426606,2.32951929751961,431.6251205083894,0.8030019785341783,False,True,True,True,True,False,True,True,0.0,False,19.954457579647205,-1.8078558480638738,0.03089807280400477,0.0,False,False,0.0,True,False,0.0,0.0,0.0,0.0,0.0,0.0,0.0,0.0,0.0,0.0,0.0,0.0,0.0,0.0,0.0,0.0,0.0,0.0,0.0,0.0
1,242,0.04415023355465501,-6.522265655889934e-09,9.808652532226906,0.00030567627824800315,,False,11.97,True,368.57460665426606,2.32951929751961,431.6251205083894,0.8030019785341783,False,True,True,True,True,False,True,True,0.0,False,19.954457579647205,-1.8078558480638738,0.03089807280400477,0.0,False,False,0.0,True,False,0.0,0.0,0.0,0.0,0.0,0.0,0.0,0.0,0.0,0.0,0.0,0.0,0.0,0.0,0.0,0.0,0.0,0.0,0.0,0.0
1,243,0.04415023355465501,-6.522265655889934e-09,9.808652532226906,0.00030567627824800315,,False,11.97,True,368.57460665426606,2.32951929751961,431.6251205083894,0.8030019785341783,False,True,True,True,True,False,True,True,0.0,False,19.954457579647205,-1.8078558480638738,0.03089807280400477,0.0,False,False,0.0,True,False,0.0,0.0,0.0,0.0,0.0,0.0,0.0,0.0,0.0,0.0,0.0,0.0,0.0,0.0,0.0,0.0,0.0,0.0,0.0,0.0
1,244,0.04415023355465501,-6.522265655889934e-09,9.808652532226906,0.00030567627824800315,,False,11.97,True,368.57460665426606,2.32951929751961,431.6251205083894,0.8030019785341783,False,True,True,True,True,False,True,True,0.0,False,19.954457579647205,-1.8078558480638738,0.03089807280400477,0.0,False,False,0.0,True,False,0.0,0.0,0.0,0.0,0.0,0.0,0.0,0.0,0.0,0.0,0.0,0.0,0.0,0.0,0.0,0.0,0.0,0.0,0.0,0.0
1,245,0.04415023355465501,-6.522265655889934e-09,9.808652532226906,0.00030567627824800315,,False,11.97,True,368.57460665426606,2.32951929751961,431.6251205083894,0.8030019785341783,False,True,True,True,True,False,True,True,0.0,False,19.954457579647205,-1.8078558480638738,0.03089807280400477,0.0,False,False,0.0,True,False,0.0,0.0,0.0,0.0,0.0,0.0,0.0,0.0,0.0,0.0,0.0,0.0,0.0,0.0,0.0,0.0,0.0,0.0,0.0,0.0
1,246,0.04415023355465501,-6.522265655889934e-09,9.808652532226906,0.00030567627824800315,,False,11.97,True,368.57460665426606,2.32951929751961,431.6251205083894,0.8030019785341783,False,True,True,True,True,False,True,True,0.0,False,19.954457579647205,-1.8078558480638738,0.03089807280400477,0.0,False,False,0.0,True,False,0.0,0.0,0.0,0.0,0.0,0.0,0.0,0.0,0.0,0.0,0.0,0.0,0.0,0.0,0.0,0.0,0.0,0.0,0.0,0.0
1,247,0.04415023355465501,-6.522265655889934e-09,9.808652532226906,0.00030567627824800315,,False,11.97,True,368.57460665426606,2.32951929751961,431.6251205083894,0.8030019785341783,False,True,True,True,True,False,True,True,0.0,False,19.954457579647205,-1.8078558480638738,0.03089807280400477,0.0,False,False,0.0,True,False,0.0,0.0,0.0,0.0,0.0,0.0,0.0,0.0,0.0,0.0,0.0,0.0,0.0,0.0,0.0,0.0,0.0,0.0,0.0,0.0
1,248,0.04415023355465501,-6.522265655889934e-09,9.808652532226906,0.00030567627824800315,,False,11.97,True,368.57460665426606,2.32951929751961,431.6251205083894,0.8030019785341783,False,True,True,True,True,False,True,True,0.0,False,19.954457579647205,-1.8078558480638738,0.03089807280400477,0.0,False,False,0.0,True,False,0.0,0.0,0.0,0.0,0.0,0.0,0.0,0.0,0.0,0.0,0.0,0.0,0.0,0.0,0.0,0.0,0.0,0.0,0.0,0.0
1,249,0.04415023355465501,-6.522265655889934e-09,9.808652532226906,0.00030567627824800315,,False,11.97,True,368.57460665426606,2.32951929751961,431.6251205083894,0.8030019785341783,False,True,True,True,True,False,True,True,0.0,False,19.954457579647205,-1.8078558480638738,0.03089807280400477,0.0,False,False,0.0,True,False,0.0,0.0,0.0,0.0,0.0,0.0,0.0,0.0,0.0,0.0,0.0,0.0,0.0,0.0,0.0,0.0,0.0,0.0,0.0,0.0
1,250,0.04415023355465501,-6.522265655889934e-09,9.808652532226906,0.00030567627824800315,,False,11.97,True,368.57460665426606,2.32951929751961,431.6251205083894,0.8030019785341783,False,True,True,True,True,False,True,True,0.0,False,19.954457579647205,-1.8078558480638738,0.03089807280400477,0.0,False,False,0.0,True,False,0.0,0.0,0.0,0.0,0.0,0.0,0.0,0.0,0.0,0.0,0.0,0.0,0.0,0.0,0.0,0.0,0.0,0.0,0.0,0.0
1,251,0.04415023355465501,-6.522265655889934e-09,9.808652532226906,0.00030567627824800315,,False,11.97,True,368.57460665426606,2.32951929751961,431.6251205083894,0.8030019785341783,False,True,True,True,True,False,True,True,0.0,False,19.954457579647205,-1.8078558480638738,0.03089807280400477,0.0,False,False,0.0,True,False,0.0,0.0,0.0,0.0,0.0,0.0,0.0,0.0,0.0,0.0,0.0,0.0,0.0,0.0,0.0,0.0,0.0,0.0,0.0,0.0
1,252,0.04415023355465501,-6.522265655889934e-09,9.808652532226906,0.00030567627824800315,,False,11.97,True,368.57460665426606,2.32951929751961,431.6251205083894,0.8030019785341783,False,True,True,True,True,False,True,True,0.0,False,19.954457579647205,-1.8078558480638738,0.03089807280400477,0.0,False,False,0.0,True,False,0.0,0.0,0.0,0.0,0.0,0.0,0.0,0.0,0.0,0.0,0.0,0.0,0.0,0.0,0.0,0.0,0.0,0.0,0.0,0.0
1,253,0.04415023355465501,-6.522265655889934e-09,9.808652532226906,0.00030567627824800315,,False,11.97,True,368.57460665426606,2.32951929751961,431.6251205083894,0.8030019785341783,False,True,True,True,True,False,True,True,0.0,False,19.954457579647205,-1.8078558480638738,0.03089807280400477,0.0,False,False,0.0,True,False,0.0,0.0,0.0,0.0,0.0,0.0,0.0,0.0,0.0,0.0,0.0,0.0,0.0,0.0,0.0,0.0,0.0,0.0,0.0,0.0
1,254,0.04415023355465501,-6.522265655889934e-09,9.808652532226906,0.00030567627824800315,,False,11.97,True,368.57460665426606,2.32951929751961,431.6251205083894,0.8030019785341783,False,True,True,True,True,False,True,True,0.0,False,19.954457579647205,-1.8078558480638738,0.03089807280400477,0.0,False,False,0.0,True,False,0.0,0.0,0.0,0.0,0.0,0.0,0.0,0.0,0.0,0.0,0.0,0.0,0.0,0.0,0.0,0.0,0.0,0.0,0.0,0.0
1,255,0.04415023355465501,-6.522265655889934e-09,9.808652532226906,0.00030567627824800315,,False,11.97,True,368.57460665426606,2.32951929751961,431.6251205083894,0.8030019785341783,False,True,True,True,True,False,True,True,0.0,False,19.954457579647205,-1.8078558480638738,0.03089807280400477,0.0,False,False,0.0,True,False,0.0,0.0,0.0,0.0,0.0,0.0,0.0,0.0,0.0,0.0,0.0,0.0,0.0,0.0,0.0,0.0,0.0,0.0,0.0,0.0
1,256,0.04415023355465501,-6.522265655889934e-09,9.808652532226906,0.00030567627824800315,,False,11.97,True,368.57460665426606,2.32951929751961,431.6251205083894,0.8030019785341783,False,True,True,True,True,False,True,True,0.0,False,19.954457579647205,-1.8078558480638738,0.03089807280400477,0.0,False,False,0.0,True,False,0.0,0.0,0.0,0.0,0.0,0.0,0.0,0.0,0.0,0.0,0.0,0.0,0.0,0.0,0.0,0.0,0.0,0.0,0.0,0.0
1,257,0.04415023355465501,-6.522265655889934e-09,9.808652532226906,0.00030567627824800315,,False,11.97,True,368.57460665426606,2.32951929751961,431.6251205083894,0.8030019785341783,False,True,True,True,True,False,True,True,0.0,False,19.954457579647205,-1.8078558480638738,0.03089807280400477,0.0,False,False,0.0,True,False,0.0,0.0,0.0,0.0,0.0,0.0,0.0,0.0,0.0,0.0,0.0,0.0,0.0,0.0,0.0,0.0,0.0,0.0,0.0,0.0
1,258,0.04415023355465501,-6.522265655889934e-09,9.808652532226906,0.00030567627824800315,,False,11.97,True,368.57460665426606,2.32951929751961,431.6251205083894,0.8030019785341783,False,True,True,True,True,False,True,True,0.0,False,19.954457579647205,-1.8078558480638738,0.03089807280400477,0.0,False,False,0.0,True,False,0.0,0.0,0.0,0.0,0.0,0.0,0.0,0.0,0.0,0.0,0.0,0.0,0.0,0.0,0.0,0.0,0.0,0.0,0.0,0.0
1,259,0.04415023355465501,-6.522265655889934e-09,9.808652532226906,0.00030567627824800315,,False,11.97,True,368.57460665426606,2.32951929751961,431.6251205083894,0.8030019785341783,False,True,True,True,True,False,True,True,0.0,False,19.954457579647205,-1.8078558480638738,0.03089807280400477,0.0,False,False,0.0,True,False,0.0,0.0,0.0,0.0,0.0,0.0,0.0,0.0,0.0,0.0,0.0,0.0,0.0,0.0,0.0,0.0,0.0,0.0,0.0,0.0
1,260,0.04415023355465501,-6.522265655889934e-09,9.808652532226906,0.00030567627824800315,,False,11.97,True,368.57460665426606,2.32951929751961,431.6251205083894,0.8030019785341783,False,True,True,True,True,False,True,True,0.0,False,19.954457579647205,-1.8078558480638738,0.03089807280400477,0.0,False,False,0.0,True,False,0.0,0.0,0.0,0.0,0.0,0.0,0.0,0.0,0.0,0.0,0.0,0.0,0.0,0.0,0.0,0.0,0.0,0.0,0.0,0.0
1,261,0.04415023355465501,-6.522265655889934e-09,9.808652532226906,0.00030567627824800315,,False,11.97,True,368.57460665426606,2.32951929751961,431.6251205083894,0.8030019785341783,False,True,True,True,True,False,True,True,0.0,False,19.954457579647205,-1.8078558480638738,0.03089807280400477,0.0,False,False,0.0,True,False,0.0,0.0,0.0,0.0,0.0,0.0,0.0,0.0,0.0,0.0,0.0,0.0,0.0,0.0,0.0,0.0,0.0,0.0,0.0,0.0
1,262,0.04415023355465501,-6.522265655889934e-09,9.808652532226906,0.00030567627824800315,,False,11.97,True,368.57460665426606,2.32951929751961,431.6251205083894,0.8030019785341783,False,True,True,True,True,False,True,True,0.0,False,19.954457579647205,-1.8078558480638738,0.03089807280400477,0.0,False,False,0.0,True,False,0.0,0.0,0.0,0.0,0.0,0.0,0.0,0.0,0.0,0.0,0.0,0.0,0.0,0.0,0.0,0.0,0.0,0.0,0.0,0.0
1,263,0.04415023355465501,-6.522265655889934e-09,9.808652532226906,0.00030567627824800315,,False,11.97,True,368.57460665426606,2.32951929751961,431.6251205083894,0.8030019785341783,False,True,True,True,True,False,True,True,0.0,False,19.954457579647205,-1.8078558480638738,0.03089807280400477,0.0,False,False,0.0,True,False,0.0,0.0,0.0,0.0,0.0,0.0,0.0,0.0,0.0,0.0,0.0,0.0,0.0,0.0,0.0,0.0,0.0,0.0,0.0,0.0
1,264,0.04415023355465501,-6.522265655889934e-09,9.808652532226906,0.00030567627824800315,,False,11.97,True,368.57460665426606,2.32951929751961,431.6251205083894,0.8030019785341783,False,True,True,True,True,False,True,True,0.0,False,19.954457579647205,-1.8078558480638738,0.03089807280400477,0.0,False,False,0.0,True,False,0.0,0.0,0.0,0.0,0.0,0.0,0.0,0.0,0.0,0.0,0.0,0.0,0.0,0.0,0.0,0.0,0.0,0.0,0.0,0.0
1,265,0.04415023355465501,-6.522265655889934e-09,9.808652532226906,0.00030567627824800315,,False,11.97,True,368.57460665426606,2.32951929751961,431.6251205083894,0.8030019785341783,False,True,True,True,True,False,True,True,0.0,False,19.954457579647205,-1.8078558480638738,0.03089807280400477,0.0,False,False,0.0,True,False,0.0,0.0,0.0,0.0,0.0,0.0,0.0,0.0,0.0,0.0,0.0,0.0,0.0,0.0,0.0,0.0,0.0,0.0,0.0,0.0
1,266,0.04415023355465501,-6.522265655889934e-09,9.808652532226906,0.00030567627824800315,,False,11.97,True,368.57460665426606,2.32951929751961,431.6251205083894,0.8030019785341783,False,True,True,True,True,False,True,True,0.0,False,19.954457579647205,-1.8078558480638738,0.03089807280400477,0.0,False,False,0.0,True,False,0.0,0.0,0.0,0.0,0.0,0.0,0.0,0.0,0.0,0.0,0.0,0.0,0.0,0.0,0.0,0.0,0.0,0.0,0.0,0.0
1,267,0.04415023355465501,-6.522265655889934e-09,9.808652532226906,0.00030567627824800315,,False,11.97,True,368.57460665426606,2.32951929751961,431.6251205083894,0.8030019785341783,False,True,True,True,True,False,True,True,0.0,False,19.954457579647205,-1.8078558480638738,0.03089807280400477,0.0,False,False,0.0,True,False,0.0,0.0,0.0,0.0,0.0,0.0,0.0,0.0,0.0,0.0,0.0,0.0,0.0,0.0,0.0,0.0,0.0,0.0,0.0,0.0
1,268,0.04415023355465501,-6.522265655889934e-09,9.808652532226906,0.00030567627824800315,,False,11.97,True,368.57460665426606,2.32951929751961,431.6251205083894,0.8030019785341783,False,True,True,True,True,False,True,True,0.0,False,19.954457579647205,-1.8078558480638738,0.03089807280400477,0.0,False,False,0.0,True,False,0.0,0.0,0.0,0.0,0.0,0.0,0.0,0.0,0.0,0.0,0.0,0.0,0.0,0.0,0.0,0.0,0.0,0.0,0.0,0.0
1,269,0.04415023355465501,-6.522265655889934e-09,9.808652532226906,0.00030567627824800315,,False,11.97,True,368.57460665426606,2.32951929751961,431.6251205083894,0.8030019785341783,False,True,True,True,True,False,True,True,0.0,False,19.954457579647205,-1.8078558480638738,0.03089807280400477,0.0,False,False,0.0,True,False,0.0,0.0,0.0,0.0,0.0,0.0,0.0,0.0,0.0,0.0,0.0,0.0,0.0,0.0,0.0,0.0,0.0,0.0,0.0,0.0
1,270,0.04415023355465501,-6.522265655889934e-09,9.808652532226906,0.00030567627824800315,,False,11.97,True,368.57460665426606,2.32951929751961,431.6251205083894,0.8030019785341783,False,True,True,True,True,False,True,True,0.0,False,19.954457579647205,-1.8078558480638738,0.03089807280400477,0.0,False,False,0.0,True,False,0.0,0.0,0.0,0.0,0.0,0.0,0.0,0.0,0.0,0.0,0.0,0.0,0.0,0.0,0.0,0.0,0.0,0.0,0.0,0.0
1,271,0.04415023355465501,-6.522265655889934e-09,9.808652532226906,0.00030567627824800315,,False,11.97,True,368.57460665426606,2.32951929751961,431.6251205083894,0.8030019785341783,False,True,True,True,True,False,True,True,0.0,False,19.954457579647205,-1.8078558480638738,0.03089807280400477,0.0,False,False,0.0,True,False,0.0,0.0,0.0,0.0,0.0,0.0,0.0,0.0,0.0,0.0,0.0,0.0,0.0,0.0,0.0,0.0,0.0,0.0,0.0,0.0
1,272,0.04415023355465501,-6.522265655889934e-09,9.808652532226906,0.00030567627824800315,,False,11.97,True,368.57460665426606,2.32951929751961,431.6251205083894,0.8030019785341783,False,True,True,True,True,False,True,True,0.0,False,19.954457579647205,-1.8078558480638738,0.03089807280400477,0.0,False,False,0.0,True,False,0.0,0.0,0.0,0.0,0.0,0.0,0.0,0.0,0.0,0.0,0.0,0.0,0.0,0.0,0.0,0.0,0.0,0.0,0.0,0.0
1,273,0.04415023355465501,-6.522265655889934e-09,9.808652532226906,0.00030567627824800315,,False,11.97,True,368.57460665426606,2.32951929751961,431.6251205083894,0.8030019785341783,False,True,True,True,True,False,True,True,0.0,False,19.954457579647205,-1.8078558480638738,0.03089807280400477,0.0,False,False,0.0,True,False,0.0,0.0,0.0,0.0,0.0,0.0,0.0,0.0,0.0,0.0,0.0,0.0,0.0,0.0,0.0,0.0,0.0,0.0,0.0,0.0
1,274,0.04415023355465501,-6.522265655889934e-09,9.808652532226906,0.00030567627824800315,,False,11.97,True,368.57460665426606,2.32951929751961,431.6251205083894,0.8030019785341783,False,True,True,True,True,False,True,True,0.0,False,19.954457579647205,-1.8078558480638738,0.03089807280400477,0.0,False,False,0.0,True,False,0.0,0.0,0.0,0.0,0.0,0.0,0.0,0.0,0.0,0.0,0.0,0.0,0.0,0.0,0.0,0.0,0.0,0.0,0.0,0.0
1,275,0.04415023355465501,-6.522265655889934e-09,9.808652532226906,0.00030567627824800315,,False,11.97,True,368.57460665426606,2.32951929751961,431.6251205083894,0.8030019785341783,False,True,True,True,True,False,True,True,0.0,False,19.954457579647205,-1.8078558480638738,0.03089807280400477,0.0,False,False,0.0,True,False,0.0,0.0,0.0,0.0,0.0,0.0,0.0,0.0,0.0,0.0,0.0,0.0,0.0,0.0,0.0,0.0,0.0,0.0,0.0,0.0
1,276,0.04415023355465501,-6.522265655889934e-09,9.808652532226906,0.00030567627824800315,,False,11.97,True,368.57460665426606,2.32951929751961,431.6251205083894,0.8030019785341783,False,True,True,True,True,False,True,True,0.0,False,19.954457579647205,-1.8078558480638738,0.03089807280400477,0.0,False,False,0.0,True,False,0.0,0.0,0.0,0.0,0.0,0.0,0.0,0.0,0.0,0.0,0.0,0.0,0.0,0.0,0.0,0.0,0.0,0.0,0.0,0.0
1,277,0.04415023355465501,-6.522265655889934e-09,9.808652532226906,0.00030567627824800315,,False,11.97,True,368.57460665426606,2.32951929751961,431.6251205083894,0.8030019785341783,False,True,True,True,True,False,True,True,0.0,False,19.954457579647205,-1.8078558480638738,0.03089807280400477,0.0,False,False,0.0,True,False,0.0,0.0,0.0,0.0,0.0,0.0,0.0,0.0,0.0,0.0,0.0,0.0,0.0,0.0,0.0,0.0,0.0,0.0,0.0,0.0
1,278,0.04415023355465501,-6.522265655889934e-09,9.808652532226906,0.00030567627824800315,,False,11.97,True,368.57460665426606,2.32951929751961,431.6251205083894,0.8030019785341783,False,True,True,True,True,False,True,True,0.0,False,19.954457579647205,-1.8078558480638738,0.03089807280400477,0.0,False,False,0.0,True,False,0.0,0.0,0.0,0.0,0.0,0.0,0.0,0.0,0.0,0.0,0.0,0.0,0.0,0.0,0.0,0.0,0.0,0.0,0.0,0.0
1,279,0.04415023355465501,-6.522265655889934e-09,9.808652532226906,0.00030567627824800315,,False,11.97,True,368.57460665426606,2.32951929751961,431.6251205083894,0.8030019785341783,False,True,True,True,True,False,True,True,0.0,False,19.954457579647205,-1.8078558480638738,0.03089807280400477,0.0,False,False,0.0,True,False,0.0,0.0,0.0,0.0,0.0,0.0,0.0,0.0,0.0,0.0,0.0,0.0,0.0,0.0,0.0,0.0,0.0,0.0,0.0,0.0
1,280,0.04415023355465501,-6.522265655889934e-09,9.808652532226906,0.00030567627824800315,,False,11.97,True,368.57460665426606,2.32951929751961,431.6251205083894,0.8030019785341783,False,True,True,True,True,False,True,True,0.0,False,19.954457579647205,-1.8078558480638738,0.03089807280400477,0.0,False,False,0.0,True,False,0.0,0.0,0.0,0.0,0.0,0.0,0.0,0.0,0.0,0.0,0.0,0.0,0.0,0.0,0.0,0.0,0.0,0.0,0.0,0.0
1,281,0.04415023355465501,-6.522265655889934e-09,9.808652532226906,0.00030567627824800315,,False,11.97,True,368.57460665426606,2.32951929751961,431.6251205083894,0.8030019785341783,False,True,True,True,True,False,True,True,0.0,False,19.954457579647205,-1.8078558480638738,0.03089807280400477,0.0,False,False,0.0,True,False,0.0,0.0,0.0,0.0,0.0,0.0,0.0,0.0,0.0,0.0,0.0,0.0,0.0,0.0,0.0,0.0,0.0,0.0,0.0,0.0
1,282,0.04415023355465501,-6.522265655889934e-09,9.808652532226906,0.00030567627824800315,,False,11.97,True,368.57460665426606,2.32951929751961,431.6251205083894,0.8030019785341783,False,True,True,True,True,False,True,True,0.0,False,19.954457579647205,-1.8078558480638738,0.03089807280400477,0.0,False,False,0.0,True,False,0.0,0.0,0.0,0.0,0.0,0.0,0.0,0.0,0.0,0.0,0.0,0.0,0.0,0.0,0.0,0.0,0.0,0.0,0.0,0.0
1,283,0.04415023355465501,-6.522265655889934e-09,9.808652532226906,0.00030567627824800315,,False,11.97,True,368.57460665426606,2.32951929751961,431.6251205083894,0.8030019785341783,False,True,True,True,True,False,True,True,0.0,False,19.954457579647205,-1.8078558480638738,0.03089807280400477,0.0,False,False,0.0,True,False,0.0,0.0,0.0,0.0,0.0,0.0,0.0,0.0,0.0,0.0,0.0,0.0,0.0,0.0,0.0,0.0,0.0,0.0,0.0,0.0
1,284,0.04415023355465501,-6.522265655889934e-09,9.808652532226906,0.00030567627824800315,,False,11.97,True,368.57460665426606,2.32951929751961,431.6251205083894,0.8030019785341783,False,True,True,True,True,False,True,True,0.0,False,19.954457579647205,-1.8078558480638738,0.03089807280400477,0.0,False,False,0.0,True,False,0.0,0.0,0.0,0.0,0.0,0.0,0.0,0.0,0.0,0.0,0.0,0.0,0.0,0.0,0.0,0.0,0.0,0.0,0.0,0.0
1,285,0.04415023355465501,-6.522265655889934e-09,9.808652532226906,0.00030567627824800315,,False,11.97,True,368.57460665426606,2.32951929751961,431.6251205083894,0.8030019785341783,False,True,True,True,True,False,True,True,0.0,False,19.954457579647205,-1.8078558480638738,0.03089807280400477,0.0,False,False,0.0,True,False,0.0,0.0,0.0,0.0,0.0,0.0,0.0,0.0,0.0,0.0,0.0,0.0,0.0,0.0,0.0,0.0,0.0,0.0,0.0,0.0
1,286,0.04415023355465501,-6.522265655889934e-09,9.808652532226906,0.00030567627824800315,,False,11.97,True,368.57460665426606,2.32951929751961,431.6251205083894,0.8030019785341783,False,True,True,True,True,False,True,True,0.0,False,19.954457579647205,-1.8078558480638738,0.03089807280400477,0.0,False,False,0.0,True,False,0.0,0.0,0.0,0.0,0.0,0.0,0.0,0.0,0.0,0.0,0.0,0.0,0.0,0.0,0.0,0.0,0.0,0.0,0.0,0.0
1,287,0.04415023355465501,-6.522265655889934e-09,9.808652532226906,0.00030567627824800315,,False,11.97,True,368.57460665426606,2.32951929751961,431.6251205083894,0.8030019785341783,False,True,True,True,True,False,True,True,0.0,False,19.954457579647205,-1.8078558480638738,0.03089807280400477,0.0,False,False,0.0,True,False,0.0,0.0,0.0,0.0,0.0,0.0,0.0,0.0,0.0,0.0,0.0,0.0,0.0,0.0,0.0,0.0,0.0,0.0,0.0,0.0
1,288,0.04415023355465501,-6.522265655889934e-09,9.808652532226906,0.00030567627824800315,,False,11.97,True,368.57460665426606,2.32951929751961,431.6251205083894,0.8030019785341783,False,True,True,True,True,False,True,True,0.0,False,19.954457579647205,-1.8078558480638738,0.03089807280400477,0.0,False,False,0.0,True,False,0.0,0.0,0.0,0.0,0.0,0.0,0.0,0.0,0.0,0.0,0.0,0.0,0.0,0.0,0.0,0.0,0.0,0.0,0.0,0.0
1,289,0.04415023355465501,-6.522265655889934e-09,9.808652532226906,0.00030567627824800315,,False,11.97,True,368.57460665426606,2.32951929751961,431.6251205083894,0.8030019785341783,False,True,True,True,True,False,True,True,0.0,False,19.954457579647205,-1.8078558480638738,0.03089807280400477,0.0,False,False,0.0,True,False,0.0,0.0,0.0,0.0,0.0,0.0,0.0,0.0,0.0,0.0,0.0,0.0,0.0,0.0,0.0,0.0,0.0,0.0,0.0,0.0
1,290,0.04415023355465501,-6.522265655889934e-09,9.808652532226906,0.00030567627824800315,,False,11.97,True,368.57460665426606,2.32951929751961,431.6251205083894,0.8030019785341783,False,True,True,True,True,False,True,True,0.0,False,19.954457579647205,-1.8078558480638738,0.03089807280400477,0.0,False,False,0.0,True,False,0.0,0.0,0.0,0.0,0.0,0.0,0.0,0.0,0.0,0.0,0.0,0.0,0.0,0.0,0.0,0.0,0.0,0.0,0.0,0.0
1,291,0.04415023355465501,-6.522265655889934e-09,9.808652532226906,0.00030567627824800315,,False,11.97,True,368.57460665426606,2.32951929751961,431.6251205083894,0.8030019785341783,False,True,True,True,True,False,True,True,0.0,False,19.954457579647205,-1.8078558480638738,0.03089807280400477,0.0,False,False,0.0,True,False,0.0,0.0,0.0,0.0,0.0,0.0,0.0,0.0,0.0,0.0,0.0,0.0,0.0,0.0,0.0,0.0,0.0,0.0,0.0,0.0
1,292,0.04415023355465501,-6.522265655889934e-09,9.808652532226906,0.00030567627824800315,,False,11.97,True,368.57460665426606,2.32951929751961,431.6251205083894,0.8030019785341783,False,True,True,True,True,False,True,True,0.0,False,19.954457579647205,-1.8078558480638738,0.03089807280400477,0.0,False,False,0.0,True,False,0.0,0.0,0.0,0.0,0.0,0.0,0.0,0.0,0.0,0.0,0.0,0.0,0.0,0.0,0.0,0.0,0.0,0.0,0.0,0.0
1,293,0.04415023355465501,-6.522265655889934e-09,9.808652532226906,0.00030567627824800315,,False,11.97,True,368.57460665426606,2.32951929751961,431.6251205083894,0.8030019785341783,False,True,True,True,True,False,True,True,0.0,False,19.954457579647205,-1.8078558480638738,0.03089807280400477,0.0,False,False,0.0,True,False,0.0,0.0,0.0,0.0,0.0,0.0,0.0,0.0,0.0,0.0,0.0,0.0,0.0,0.0,0.0,0.0,0.0,0.0,0.0,0.0
1,294,0.04415023355465501,-6.522265655889934e-09,9.808652532226906,0.00030567627824800315,,False,11.97,True,368.57460665426606,2.32951929751961,431.6251205083894,0.8030019785341783,False,True,True,True,True,False,True,True,0.0,False,19.954457579647205,-1.8078558480638738,0.03089807280400477,0.0,False,False,0.0,True,False,0.0,0.0,0.0,0.0,0.0,0.0,0.0,0.0,0.0,0.0,0.0,0.0,0.0,0.0,0.0,0.0,0.0,0.0,0.0,0.0
1,295,0.04415023355465501,-6.522265655889934e-09,9.808652532226906,0.00030567627824800315,,False,11.97,True,368.57460665426606,2.32951929751961,431.6251205083894,0.8030019785341783,False,True,True,True,True,False,True,True,0.0,False,19.954457579647205,-1.8078558480638738,0.03089807280400477,0.0,False,False,0.0,True,False,0.0,0.0,0.0,0.0,0.0,0.0,0.0,0.0,0.0,0.0,0.0,0.0,0.0,0.0,0.0,0.0,0.0,0.0,0.0,0.0
1,296,0.04415023355465501,-6.522265655889934e-09,9.808652532226906,0.00030567627824800315,,False,11.97,True,368.57460665426606,2.32951929751961,431.6251205083894,0.8030019785341783,False,True,True,True,True,False,True,True,0.0,False,19.954457579647205,-1.8078558480638738,0.03089807280400477,0.0,False,False,0.0,True,False,0.0,0.0,0.0,0.0,0.0,0.0,0.0,0.0,0.0,0.0,0.0,0.0,0.0,0.0,0.0,0.0,0.0,0.0,0.0,0.0
1,297,0.04415023355465501,-6.522265655889934e-09,9.808652532226906,0.00030567627824800315,,False,11.97,True,368.57460665426606,2.32951929751961,431.6251205083894,0.8030019785341783,False,True,True,True,True,False,True,True,0.0,False,19.954457579647205,-1.8078558480638738,0.03089807280400477,0.0,False,False,0.0,True,False,0.0,0.0,0.0,0.0,0.0,0.0,0.0,0.0,0.0,0.0,0.0,0.0,0.0,0.0,0.0,0.0,0.0,0.0,0.0,0.0
1,298,0.04415023355465501,-6.522265655889934e-09,9.808652532226906,0.00030567627824800315,,False,11.97,True,368.57460665426606,2.32951929751961,431.6251205083894,0.8030019785341783,False,True,True,True,True,False,True,True,0.0,False,19.954457579647205,-1.8078558480638738,0.03089807280400477,0.0,False,False,0.0,True,False,0.0,0.0,0.0,0.0,0.0,0.0,0.0,0.0,0.0,0.0,0.0,0.0,0.0,0.0,0.0,0.0,0.0,0.0,0.0,0.0
1,299,0.04415023355465501,-6.522265655889934e-09,9.808652532226906,0.00030567627824800315,,False,11.97,True,368.57460665426606,2.32951929751961,431.6251205083894,0.8030019785341783,False,True,True,True,True,False,True,True,0.0,False,19.954457579647205,-1.8078558480638738,0.03089807280400477,0.0,False,False,0.0,True,False,0.0,0.0,0.0,0.0,0.0,0.0,0.0,0.0,0.0,0.0,0.0,0.0,0.0,0.0,0.0,0.0,0.0,0.0,0.0,0.0
1,300,0.04415023355465501,-6.522265655889934e-09,9.808652532226906,0.00030567627824800315,,False,11.97,True,368.57460665426606,2.32951929751961,431.6251205083894,0.8030019785341783,False,True,True,True,True,False,True,True,0.0,False,19.954457579647205,-1.8078558480638738,0.03089807280400477,0.0,False,False,0.0,True,False,0.0,0.0,0.0,0.0,0.0,0.0,0.0,0.0,0.0,0.0,0.0,0.0,0.0,0.0,0.0,0.0,0.0,0.0,0.0,0.0
1,301,0.04415023355465501,-6.522265655889934e-09,9.808652532226906,0.00030567627824800315,,False,11.97,True,368.57460665426606,2.32951929751961,431.6251205083894,0.8030019785341783,False,True,True,True,True,False,True,True,0.0,False,19.954457579647205,-1.8078558480638738,0.03089807280400477,0.0,False,False,0.0,True,False,0.0,0.0,0.0,0.0,0.0,0.0,0.0,0.0,0.0,0.0,0.0,0.0,0.0,0.0,0.0,0.0,0.0,0.0,0.0,0.0
1,302,0.04415023355465501,-6.522265655889934e-09,9.808652532226906,0.00030567627824800315,,False,11.97,True,368.57460665426606,2.32951929751961,431.6251205083894,0.8030019785341783,False,True,True,True,True,False,True,True,0.0,False,19.954457579647205,-1.8078558480638738,0.03089807280400477,0.0,False,False,0.0,True,False,0.0,0.0,0.0,0.0,0.0,0.0,0.0,0.0,0.0,0.0,0.0,0.0,0.0,0.0,0.0,0.0,0.0,0.0,0.0,0.0
1,303,0.04415023355465501,-6.522265655889934e-09,9.808652532226906,0.00030567627824800315,,False,11.97,True,368.57460665426606,2.32951929751961,431.6251205083894,0.8030019785341783,False,True,True,True,True,False,True,True,0.0,False,19.954457579647205,-1.8078558480638738,0.03089807280400477,0.0,False,False,0.0,True,False,0.0,0.0,0.0,0.0,0.0,0.0,0.0,0.0,0.0,0.0,0.0,0.0,0.0,0.0,0.0,0.0,0.0,0.0,0.0,0.0
1,304,0.04415023355465501,-6.522265655889934e-09,9.808652532226906,0.00030567627824800315,,False,11.97,True,368.57460665426606,2.32951929751961,431.6251205083894,0.8030019785341783,False,True,True,True,True,False,True,True,0.0,False,19.954457579647205,-1.8078558480638738,0.03089807280400477,0.0,False,False,0.0,True,False,0.0,0.0,0.0,0.0,0.0,0.0,0.0,0.0,0.0,0.0,0.0,0.0,0.0,0.0,0.0,0.0,0.0,0.0,0.0,0.0
1,305,0.04415023355465501,-6.522265655889934e-09,9.808652532226906,0.00030567627824800315,,False,11.97,True,368.57460665426606,2.32951929751961,431.6251205083894,0.8030019785341783,False,True,True,True,True,False,True,True,0.0,False,19.954457579647205,-1.8078558480638738,0.03089807280400477,0.0,False,False,0.0,True,False,0.0,0.0,0.0,0.0,0.0,0.0,0.0,0.0,0.0,0.0,0.0,0.0,0.0,0.0,0.0,0.0,0.0,0.0,0.0,0.0
1,306,0.04415023355465501,-6.522265655889934e-09,9.808652532226906,0.00030567627824800315,,False,11.97,True,368.57460665426606,2.32951929751961,431.6251205083894,0.8030019785341783,False,True,True,True,True,False,True,True,0.0,False,19.954457579647205,-1.8078558480638738,0.03089807280400477,0.0,False,False,0.0,True,False,0.0,0.0,0.0,0.0,0.0,0.0,0.0,0.0,0.0,0.0,0.0,0.0,0.0,0.0,0.0,0.0,0.0,0.0,0.0,0.0
1,307,0.04415023355465501,-6.522265655889934e-09,9.808652532226906,0.00030567627824800315,,False,11.97,True,368.57460665426606,2.32951929751961,431.6251205083894,0.8030019785341783,False,True,True,True,True,False,True,True,0.0,False,19.954457579647205,-1.8078558480638738,0.03089807280400477,0.0,False,False,0.0,True,False,0.0,0.0,0.0,0.0,0.0,0.0,0.0,0.0,0.0,0.0,0.0,0.0,0.0,0.0,0.0,0.0,0.0,0.0,0.0,0.0
1,308,0.04415023355465501,-6.522265655889934e-09,9.808652532226906,0.00030567627824800315,,False,11.97,True,368.57460665426606,2.32951929751961,431.6251205083894,0.8030019785341783,False,True,True,True,True,False,True,True,0.0,False,19.954457579647205,-1.8078558480638738,0.03089807280400477,0.0,False,False,0.0,True,False,0.0,0.0,0.0,0.0,0.0,0.0,0.0,0.0,0.0,0.0,0.0,0.0,0.0,0.0,0.0,0.0,0.0,0.0,0.0,0.0
1,309,0.04415023355465501,-6.522265655889934e-09,9.808652532226906,0.00030567627824800315,,False,11.97,True,368.57460665426606,2.32951929751961,431.6251205083894,0.8030019785341783,False,True,True,True,True,False,True,True,0.0,False,19.954457579647205,-1.8078558480638738,0.03089807280400477,0.0,False,False,0.0,True,False,0.0,0.0,0.0,0.0,0.0,0.0,0.0,0.0,0.0,0.0,0.0,0.0,0.0,0.0,0.0,0.0,0.0,0.0,0.0,0.0
1,310,0.04415023355465501,-6.522265655889934e-09,9.808652532226906,0.00030567627824800315,,False,11.97,True,368.57460665426606,2.32951929751961,431.6251205083894,0.8030019785341783,False,True,True,True,True,False,True,True,0.0,False,19.954457579647205,-1.8078558480638738,0.03089807280400477,0.0,False,False,0.0,True,False,0.0,0.0,0.0,0.0,0.0,0.0,0.0,0.0,0.0,0.0,0.0,0.0,0.0,0.0,0.0,0.0,0.0,0.0,0.0,0.0
1,311,0.04415023355465501,-6.522265655889934e-09,9.808652532226906,0.00030567627824800315,,False,11.97,True,368.57460665426606,2.32951929751961,431.6251205083894,0.8030019785341783,False,True,True,True,True,False,True,True,0.0,False,19.954457579647205,-1.8078558480638738,0.03089807280400477,0.0,False,False,0.0,True,False,0.0,0.0,0.0,0.0,0.0,0.0,0.0,0.0,0.0,0.0,0.0,0.0,0.0,0.0,0.0,0.0,0.0,0.0,0.0,0.0
1,312,0.04415023355465501,-6.522265655889934e-09,9.808652532226906,0.00030567627824800315,,False,11.97,True,368.57460665426606,2.32951929751961,431.6251205083894,0.8030019785341783,False,True,True,True,True,False,True,True,0.0,False,19.954457579647205,-1.8078558480638738,0.03089807280400477,0.0,False,False,0.0,True,False,0.0,0.0,0.0,0.0,0.0,0.0,0.0,0.0,0.0,0.0,0.0,0.0,0.0,0.0,0.0,0.0,0.0,0.0,0.0,0.0
1,313,0.04415023355465501,-6.522265655889934e-09,9.808652532226906,0.00030567627824800315,,False,11.97,True,368.57460665426606,2.32951929751961,431.6251205083894,0.8030019785341783,False,True,True,True,True,False,True,True,0.0,False,19.954457579647205,-1.8078558480638738,0.03089807280400477,0.0,False,False,0.0,True,False,0.0,0.0,0.0,0.0,0.0,0.0,0.0,0.0,0.0,0.0,0.0,0.0,0.0,0.0,0.0,0.0,0.0,0.0,0.0,0.0
1,314,0.04415023355465501,-6.522265655889934e-09,9.808652532226906,0.00030567627824800315,,False,11.97,True,368.57460665426606,2.32951929751961,431.6251205083894,0.8030019785341783,False,True,True,True,True,False,True,True,0.0,False,19.954457579647205,-1.8078558480638738,0.03089807280400477,0.0,False,False,0.0,True,False,0.0,0.0,0.0,0.0,0.0,0.0,0.0,0.0,0.0,0.0,0.0,0.0,0.0,0.0,0.0,0.0,0.0,0.0,0.0,0.0
1,315,0.04415023355465501,-6.522265655889934e-09,9.808652532226906,0.00030567627824800315,,False,11.97,True,368.57460665426606,2.32951929751961,431.6251205083894,0.8030019785341783,False,True,True,True,True,False,True,True,0.0,False,19.954457579647205,-1.8078558480638738,0.03089807280400477,0.0,False,False,0.0,True,False,0.0,0.0,0.0,0.0,0.0,0.0,0.0,0.0,0.0,0.0,0.0,0.0,0.0,0.0,0.0,0.0,0.0,0.0,0.0,0.0
1,316,0.04415023355465501,-6.522265655889934e-09,9.808652532226906,0.00030567627824800315,,False,11.97,True,368.57460665426606,2.32951929751961,431.6251205083894,0.8030019785341783,False,True,True,True,True,False,True,True,0.0,False,19.954457579647205,-1.8078558480638738,0.03089807280400477,0.0,False,False,0.0,True,False,0.0,0.0,0.0,0.0,0.0,0.0,0.0,0.0,0.0,0.0,0.0,0.0,0.0,0.0,0.0,0.0,0.0,0.0,0.0,0.0
1,317,0.04415023355465501,-6.522265655889934e-09,9.808652532226906,0.00030567627824800315,,False,11.97,True,368.57460665426606,2.32951929751961,431.6251205083894,0.8030019785341783,False,True,True,True,True,False,True,True,0.0,False,19.954457579647205,-1.8078558480638738,0.03089807280400477,0.0,False,False,0.0,True,False,0.0,0.0,0.0,0.0,0.0,0.0,0.0,0.0,0.0,0.0,0.0,0.0,0.0,0.0,0.0,0.0,0.0,0.0,0.0,0.0
1,318,0.04415023355465501,-6.522265655889934e-09,9.808652532226906,0.00030567627824800315,,False,11.97,True,368.57460665426606,2.32951929751961,431.6251205083894,0.8030019785341783,False,True,True,True,True,False,True,True,0.0,False,19.954457579647205,-1.8078558480638738,0.03089807280400477,0.0,False,False,0.0,True,False,0.0,0.0,0.0,0.0,0.0,0.0,0.0,0.0,0.0,0.0,0.0,0.0,0.0,0.0,0.0,0.0,0.0,0.0,0.0,0.0
1,319,0.04415023355465501,-6.522265655889934e-09,9.808652532226906,0.00030567627824800315,,False,11.97,True,368.57460665426606,2.32951929751961,431.6251205083894,0.8030019785341783,False,True,True,True,True,False,True,True,0.0,False,19.954457579647205,-1.8078558480638738,0.03089807280400477,0.0,False,False,0.0,True,False,0.0,0.0,0.0,0.0,0.0,0.0,0.0,0.0,0.0,0.0,0.0,0.0,0.0,0.0,0.0,0.0,0.0,0.0,0.0,0.0
1,320,0.04415023355465501,-6.522265655889934e-09,9.808652532226906,0.00030567627824800315,,False,11.97,True,368.57460665426606,2.32951929751961,431.6251205083894,0.8030019785341783,False,True,True,True,True,False,True,True,0.0,False,19.954457579647205,-1.8078558480638738,0.03089807280400477,0.0,False,False,0.0,True,False,0.0,0.0,0.0,0.0,0.0,0.0,0.0,0.0,0.0,0.0,0.0,0.0,0.0,0.0,0.0,0.0,0.0,0.0,0.0,0.0
1,321,0.04415023355465501,-6.522265655889934e-09,9.808652532226906,0.00030567627824800315,,False,11.97,True,368.57460665426606,2.32951929751961,431.6251205083894,0.8030019785341783,False,True,True,True,True,False,True,True,0.0,False,19.954457579647205,-1.8078558480638738,0.03089807280400477,0.0,False,False,0.0,True,False,0.0,0.0,0.0,0.0,0.0,0.0,0.0,0.0,0.0,0.0,0.0,0.0,0.0,0.0,0.0,0.0,0.0,0.0,0.0,0.0
1,322,0.04415023355465501,-6.522265655889934e-09,9.808652532226906,0.00030567627824800315,,False,11.97,True,368.57460665426606,2.32951929751961,431.6251205083894,0.8030019785341783,False,True,True,True,True,False,True,True,0.0,False,19.954457579647205,-1.8078558480638738,0.03089807280400477,0.0,False,False,0.0,True,False,0.0,0.0,0.0,0.0,0.0,0.0,0.0,0.0,0.0,0.0,0.0,0.0,0.0,0.0,0.0,0.0,0.0,0.0,0.0,0.0
1,323,0.04415023355465501,-6.522265655889934e-09,9.808652532226906,0.00030567627824800315,,False,11.97,True,368.57460665426606,2.32951929751961,431.6251205083894,0.8030019785341783,False,True,True,True,True,False,True,True,0.0,False,19.954457579647205,-1.8078558480638738,0.03089807280400477,0.0,False,False,0.0,True,False,0.0,0.0,0.0,0.0,0.0,0.0,0.0,0.0,0.0,0.0,0.0,0.0,0.0,0.0,0.0,0.0,0.0,0.0,0.0,0.0
1,324,0.04415023355465501,-6.522265655889934e-09,9.808652532226906,0.00030567627824800315,,False,11.97,True,368.57460665426606,2.32951929751961,431.6251205083894,0.8030019785341783,False,True,True,True,True,False,True,True,0.0,False,19.954457579647205,-1.8078558480638738,0.03089807280400477,0.0,False,False,0.0,True,False,0.0,0.0,0.0,0.0,0.0,0.0,0.0,0.0,0.0,0.0,0.0,0.0,0.0,0.0,0.0,0.0,0.0,0.0,0.0,0.0
1,325,0.04415023355465501,-6.522265655889934e-09,9.808652532226906,0.00030567627824800315,,False,11.97,True,368.57460665426606,2.32951929751961,431.6251205083894,0.8030019785341783,False,True,True,True,True,False,True,True,0.0,False,19.954457579647205,-1.8078558480638738,0.03089807280400477,0.0,False,False,0.0,True,False,0.0,0.0,0.0,0.0,0.0,0.0,0.0,0.0,0.0,0.0,0.0,0.0,0.0,0.0,0.0,0.0,0.0,0.0,0.0,0.0
1,326,0.04415023355465501,-6.522265655889934e-09,9.808652532226906,0.00030567627824800315,,False,11.97,True,368.57460665426606,2.32951929751961,431.6251205083894,0.8030019785341783,False,True,True,True,True,False,True,True,0.0,False,19.954457579647205,-1.8078558480638738,0.03089807280400477,0.0,False,False,0.0,True,False,0.0,0.0,0.0,0.0,0.0,0.0,0.0,0.0,0.0,0.0,0.0,0.0,0.0,0.0,0.0,0.0,0.0,0.0,0.0,0.0
2,1,0.04509267109022962,-4.8023354564059354e-14,9.81064213883477,0.0002090713050411202,,False,0.6,False,467.7621553593914,2.1293301714039585,485.87372223192557,1.0736560914919093,False,True,True,False,True,True,True,True,0.0,False,19.42882679389703,3.069999999999999,4.064585643697165e-14,0.0,False,False,0.0,True,False,29.35205050153015,-2.0,56.16124591790842,-2.0,107.62024007009562,3.290024759571835,0.0,0.0,0.0,0.0,0.0,0.0,0.0,0.0,0.0,0.0,0.0,0.0,0.0,0.0
2,2,0.0441663741773197,6.275802437872468e-15,9.810073581058353,7.843241252016444e-05,,False,0.97,False,467.878380763112,2.129732229145162,485.0137993574231,1.0714496684951915,False,True,True,False,True,True,True,True,0.0,False,19.428828278217626,3.069999999999999,4.069355084617774e-14,0.0,False,False,0.0,True,False,29.35205050153015,-2.0,56.16124591790842,-2.0,107.16415242367981,3.2900255457913783,0.0,0.0,0.0,0.0,0.0,0.0,0.0,0.0,0.0,0.0,0.0,0.0,0.0,0.0
2,3,0.04401079234583043,-2.395331948753464e-14,9.809900197180095,2.7171758914988755e-08,cruise,False,1.35,False,467.8455550087597,2.129673883689748,485.7069711080492,1.074272328685122,False,True,True,False,True,True,True,True,0.0,False,19.428828188413323,3.0699999999999994,4.054035272417466e-14,0.0,False,False,0.0,True,False,29.35205050153015,-2.0,56.16124591790842,-2.0,106.46973274675265,3.290028643398382,0.0,0.0,0.0,0.0,0.0,0.0,0.0,0.0,0.0,0.0,0.0,0.0,0.0,0.0
2,4,4.662983522054178,-0.017997062289656616,9.90166389061222,0.010898666220957856,cruise,False,1.71,False,443.33044183323733,2.0669915594201953,478.18532043593564,1.0765046852210731,False,True,True,False,True,True,True,True,0.0,False,19.529571162881133,3.0699060677730703,-0.00019405730097933212,28.854749778134092,False,False,-0.025450004930353542,True,False,30.40205050153019,-2.0,57.21124591790846,-2.0,105.60046181876855,3.290033642372436,0.0,0.0,0.0,0.0,0.0,0.0,0.0,0.0,0.0,0.0,0.0,0.0,0.0,0.0
2,5,3.9764721456688994,-0.07419668039363257,9.717451048888666,0.017290137379613667,cruise,False,2.06,False,440.37250856600247,2.0793945097968773,478.7589656996201,1.086626068766942,False,True,True,False,True,True,True,True,0.0,False,20.089845280641054,3.068233700744636,-0.0036241227403902444,28.64424188449786,False,False,-0.03012795812226973,True,False,31.45205050153023,-2.0,58.2612459179085,-2.0,104.62932400643419,3.2900418749668408,0.0,0.0,0.0,0.0,0.0,0.0,0.0,0.0,0.0,0.0,0.0,0.0,0.0,0.0
2,6,4.042385137057838,-0.14030091901982233,9.772987391598909,0.016552925241914596,cruise,False,2.41,False,436.68243463175196,2.0999891442645597,470.7471682083961,1.07063535085354,False,True,True,False,True,True,True,True,0.0,False,21.13529152251601,3.0597605472081333,-0.00999965255111774,29.46720840442993,False,False,-0.011839813234890488,True,False,32.50205050153027,-2.0,59.311245917908536,-2.0,103.65704467146683,3.2900494320349924,0.0,0.0,0.0,0.0,0.0,0.0,0.0,0.0,0.0,0.0,0.0,0.0,0.0,0.0
2,7,4.061908855601781,-0.15483671752128592,9.778559799539694,0.00455026671629101,cruise,False,2.77,False,446.0687898173722,2.084744701950794,470.1425494440237,1.0765930157038825,False,True,True,False,True,True,True,True,0.0,False,22.717802327334073,3.0375371478316504,-0.016423029711207113,29.101299537805893,False,False,-0.019971121382091197,True,False,33.58205050153031,-2.0,60.39124591790858,-2.0,102.65720783262057,3.290056818290983,0.0,0.0,0.0,0.0,0.0,0.0,0.0,0.0,0.0,0.0,0.0,0.0,0.0,0.0
2,8,4.059865614060367,-0.11971237521997267,9.772933137227584,0.042896826527410004,cruise,False,3.12,False,475.4296389768639,2.0437226737503384,455.32661669953825,1.0586955974855077,False,True,True,False,True,True,True,True,0.0,False,24.74877282834409,2.990906275151209,-0.027334225146123905,29.909925906600588,False,False,0.002001646519986972,True,False,34.63205050153035,-2.0,61.44124591790862,-2.0,101.68510829679985,3.2900638893269676,0.0,0.0,0.0,0.0,0.0,0.0,0.0,0.0,0.0,0.0,0.0,0.0,0.0,0.0
2,9,4.048619561811243,0.615289515529405,9.773286896171015,0.066980641078347,cruise,False,3.4699999999999998,False,503.06144506205635,2.056335050074229,445.9957235815692,1.0468885796638427,False,True,True,False,True,True,True,True,0.0,False,27.265470193199178,2.915291586308509,-0.029556833332435726,29.2990044745817,False,False,0.015577678342628893,True,False,35.68205050153039,-2.0,62.49124591790866,-2.0,100.71300865329201,3.2900708244102987,0.0,0.0,0.0,0.0,0.0,0.0,0.0,0.0,0.0,0.0,0.0,0.0,0.0,0.0
2,10,0.19410521651298795,0.2760123784447959,9.737067171326013,0.46510505507923455,cruise,False,3.82,False,503.46012169390036,2.045713753394426,464.5000736406673,1.0387986616704858,False,True,True,False,True,True,True,True,0.0,False,30.18261408167718,2.850895017809833,-0.01407744658058693,29.46912461727254,False,False,0.011797230727276807,True,False,36.76205050153043,-2.0,63.5712459179087,-2.0,99.74090977327816,3.290077619854285,0.0,0.0,0.0,0.0,0.0,0.0,0.0,0.0,0.0,0.0,0.0,0.0,0.0,0.0
2,11,0.0765815620216128,0.14357913579974443,9.768489461280542,0.10560142499319829,cruise,False,4.19,False,486.10009002338,2.088099588434901,467.77398427324647,1.0401650625494272,False,False,True,False,True,True,True,True,0.0,False,33.14861422201655,2.8237936155762595,-0.0053775489352925416,29.7475298376956,False,False,0.00561044805120889,True,False,37.84205050153047,-2.0,64.65124591790874,-2.0,98.71326229591125,3.290084652856031,0.0,0.0,0.0,0.0,0.0,0.0,0.0,0.0,0.0,0.0,0.0,0.0,0.0,0.0
2,12,0.38424540929313517,0.060536388578304554,9.792099258369976,0.3259779032428956,cruise,False,4.54,False,494.5977187613635,2.0407830240827383,473.7130783850795,1.0363410302465135,False,False,True,False,True,True,True,True,0.0,False,36.0486214291141,2.8149310497953133,-0.0015809674574970298,29.93909800180308,False,False,0.001353377737709285,True,False,38.89205050153051,-2.0,65.70124591790878,-2.0,97.74116332497552,3.2900911630412804,0.0,0.0,0.0,0.0,0.0,0.0,0.0,0.0,0.0,0.0,0.0,0.0,0.0,0.0
2,13,0.09017592222458967,0.05080198131760783,9.810420852131879,0.018839957365094313,cruise,False,4.91,False,492.27415343250055,2.048820607916455,474.21058335235585,1.040031442178157,False,False,True,True,True,True,True,True,0.0,False,39.12280132608272,2.812187289622948,-0.0005980753930418876,29.876985657868552,False,False,0.002733652047365527,True,False,40.002050501530555,-2.0,66.81124591790882,-2.0,96.71351584381677,3.2900978944331967,0.0,0.0,0.0,0.0,0.0,0.0,0.0,0.0,0.0,0.0,0.0,0.0,0.0,0.0
2,14,0.12380175839696285,-0.006235372037323002,9.816037816606162,0.44816865455876637,cruise,False,5.25,False,495.7056586331513,2.0303468365203425,474.3635852157429,1.042347666065232,False,False,True,False,True,True,True,True,0.0,False,41.945997485402366,2.8118354741909966,-5.202461917411278e-05,29.88137853475591,False,False,0.00263603256097976,True,False,41.02205050153059,-2.0,67.83124591790886,-2.0,95.76919113123616,3.290103943374083,0.0,0.0,0.0,0.0,0.0,0.0,0.0,0.0,0.0,0.0,0.0,0.0,0.0,0.0
2,15,0.48201643599638355,0.02253435029905303,9.750828083738984,0.4926806789229706,cruise,False,5.62,False,493.5091375965906,2.0386678783699885,477.07839043498734,1.0419491021194711,False,False,True,False,True,True,True,True,0.0,False,45.022691199667825,2.813487551340607,0.0011462179564748637,29.978628257717894,False,False,0.0004749276062690258,True,False,42.132050501530635,-2.0,68.9412459179089,-2.0,94.74154364987321,3.290110377331972,0.0,0.0,0.0,0.0,0.0,0.0,0.0,0.0,0.0,0.0,0.0,0.0,0.0,0.0
2,16,-0.3037590678361459,0.012346670609432512,9.845196389708589,0.35878195513627964,cruise,False,5.98,False,494.0660461144762,2.0346223010307605,475.0784544231346,1.0429263641949524,False,False,True,False,True,False,True,True,0.0,False,48.02021838133389,2.818146975091772,0.0018239423941433274,29.933522601156756,False,False,0.0014772755298498438,True,False,43.212050501530676,-2.0,70.02124591790894,-2.0,93.74167042476866,3.2901164886290233,0.0,0.0,0.0,0.0,0.0,0.0,0.0,0.0,0.0,0.0,0.0,0.0,0.0,0.0
2,17,0.041748754859658135,-0.02766847144928141,9.812013121535301,0.05508753905790866,cruise,False,6.35,False,489.43779463683677,2.0475800045500603,477.8408018489763,1.0391239764937996,False,False,True,False,True,False,True,True,0.0,False,51.09876099405621,2.8245998857842314,0.002016222039220062,29.936774039756255,False,False,-0.0014050213387499367,True,False,44.32205050153072,-2.0,71.13124591790898,-2.0,92.7140229434102,3.2901226167735604,0.0,0.0,0.0,0.0,0.0,0.0,0.0,0.0,0.0,0.0,0.0,0.0,0.0,0.0
2,18,0.13912730755584163,0.05035784657171792,9.815121050659162,0.052972884277172734,cruise,False,6.72,False,489.86788009971053,2.0459544045751654,476.56990609930835,1.0443074868304847,False,True,True,False,True,False,True,True,0.0,False,54.17544876505237,2.828913255471719,0.0011359679846478115,29.973344435651217,False,False,-0.0005923458744174135,True,False,45.43205050153076,-2.0,72.24124591790903,-2.0,91.68637546205072,3.29012858992837,0.0,0.0,0.0,0.0,0.0,0.0,0.0,0.0,0.0,0.0,0.0,0.0,0.0,0.0
2,19,-0.9839211041715752,-0.022111102225709736,9.890902688036949,0.9592104861719214,cruise,False,7.08,False,479.775622677839,2.09042734325467,476.6888635695499,1.0452802711736822,False,True,True,False,True,False,True,True,0.0,False,57.17202538211551,2.832196056967517,0.00080770815554573,29.72073517115473,False,False,-0.006205885085450495,True,False,46.5120505015308,-2.0,73.32124591790907,-2.0,90.68650223694326,3.290134252863459,0.0,0.0,0.0,0.0,0.0,0.0,0.0,0.0,0.0,0.0,0.0,0.0,0.0,0.0
2,20,-0.25976530236634504,-0.10750896158852807,9.848373795703,0.31968109181308046,cruise,False,7.43,False,482.05069804696416,2.09188159323341,474.99972389255345,1.0418079342075766,False,True,True,False,True,False,True,True,0.0,False,60.154808378859734,2.8306251356504584,-0.0022463330277514857,29.811038491755053,False,False,-0.004199144627665479,True,False,47.59205050153084,-2.0,74.40124591790911,-2.0,89.68662901183515,3.2901397690756693,0.0,0.0,0.0,0.0,0.0,0.0,0.0,0.0,0.0,0.0,0.0,0.0,0.0,0.0
2,21,-0.21037553368580209,3.5980896830242357,9.79349897121458,0.2601180840607549,swerve_left,False,7.8,False,480.0355701405713,2.0409638924865026,484.91989260626406,1.062333208221554,False,True,False,False,True,False,True,True,0.0,False,63.137596622546695,2.829419275197468,0.023471496831820912,29.85482988790652,False,False,0.11682964376718447,True,False,48.67205050153088,-2.0,75.48124591790915,-2.0,88.64535489722708,3.2837402947179037,0.0,0.0,0.0,0.0,0.0,0.0,0.0,0.0,0.0,0.0,0.0,0.0,0.0,0.0
2,22,-0.02497533404273796,2.6693986190353374,9.808925611229391,0.02703882816961095,swerve_left,False,8.16,False,377.00962289427946,2.1127749047045774,579.0891516667749,1.107936599187322,False,True,False,False,True,False,True,True,0.0,False,66.09586981576139,3.0513056905742157,0.13163633688548956,29.85482988790652,False,False,0.11682964376718447,True,False,49.752050501530924,-2.0,76.56124591790919,-2.0,87.41328977667077,3.2256994217627852,0.0,0.0,0.0,0.0,0.0,0.0,0.0,0.0,0.0,0.0,0.0,0.0,0.0,0.0
2,23,-0.3839602773590333,-4.217315819594359,9.84186126659983,0.30594372185207935,swerve_left,False,8.54,False,247.322575935058,2.221238663751162,634.6376035989674,0.48942347194581454,False,True,True,False,True,True,True,True,0.0,False,69.18883770994074,3.6271998029980885,0.19615135415378412,29.85482988790652,False,False,-0.11682964376718447,True,False,50.89205050153097,-2.0,77.70124591790923,-2.0,85.89881804280576,3.0690957854269763,0.0,0.0,0.0,0.0,0.0,0.0,0.0,0.0,0.0,0.0,0.0,0.0,0.0,0.0
2,24,0.040104783225629444,-2.6467742480988994,9.829612207568639,0.05037436712184519,keep,False,8.91,False,311.98022985014956,2.2924923007439317,495.93829072374825,0.6154191278466977,False,False,False,False,True,False,True,True,0.0,False,72.20607871568761,4.073923103756404,0.0895100964380176,29.85482988790652,False,False,-0.11682964376718447,True,False,52.00205050153101,-2.0,78.81124591790928,-2.0,84.22394207457705,2.7824679784921296,0.0,0.0,0.0,0.0,0.0,0.0,0.0,0.0,0.0,0.0,0.0,0.0,0.0,0.0
2,25,-4.27586852487007,-0.34070160427518614,9.641356856648175,0.21216895424569907,keep,False,9.27,False,409.99983529171715,2.3071892449493117,370.39659755766246,0.604866472478255,False,False,False,False,True,False,True,True,0.0,False,75.0735727967662,4.198325461460201,0.002666289157488761,-10.0,False,False,0.008719770887640178,True,False,53.11205050153105,-2.0,79.92124591790932,-2.0,82.36746088306566,2.319754692148458,0.0,0.0,0.0,0.0,0.0,0.0,0.0,0.0,0.0,0.0,0.0,0.0,0.0,0.0
2,26,-4.034994821124195,-0.9698010692290527,9.803307739253707,0.062024879384133376,cruise,False,9.66,False,434.9144255510308,2.30820649209472,505.9725348885019,1.1879778156440983,False,False,True,False,True,False,True,True,0.0,False,77.47353533763177,4.190130339293186,-0.025340287387578785,-10.0,False,False,-0.042902911286482465,True,False,54.252050501531095,-2.0,81.06124591790936,-2.0,80.26360222254043,1.6915013649027482,0.0,0.0,0.0,0.0,0.0,0.0,0.0,0.0,0.0,0.0,0.0,0.0,0.0,0.0
2,27,4.143356713900512,-0.23530203015449463,9.858621031278494,0.3779820214716473,cruise,False,10.03,False,464.7672795183978,2.3049470509923244,471.38593886901697,1.1783978958296029,False,False,True,False,True,False,True,True,0.0,False,79.39072440209002,4.122406808269898,-0.05911965263495764,29.359389692704156,False,False,-0.014235784606574264,True,False,55.39205050153114,-2.0,82.2012459179094,-2.0,77.89920257056984,1.183798638127704,0.0,0.0,0.0,0.0,0.0,0.0,0.0,0.0,0.0,0.0,0.0,0.0,0.0,0.0
2,28,3.666070608514777,-0.06843188852103928,9.64157764453997,0.03167641692191555,cruise,False,10.42,False,503.5224836162205,2.220857296943439,457.1418027286786,1.1588585955103865,False,False,True,True,True,False,True,True,0.0,False,81.6677145213973,3.9798814503151267,-0.07445935449035704,29.486418587704893,False,False,0.011412920273224587,True,False,56.56205050153118,-2.0,83.34124591790945,-2.0,75.26967412907457,0.9029019631645717,0.0,0.0,0.0,0.0,0.0,0.0,0.0,0.0,0.0,0.0,0.0,0.0,0.0,0.0
2,29,2.2547867476938097,0.19800032586104804,9.877804792638196,0.0810102428252235,cruise,False,10.8,False,511.9065251168798,2.174706617609959,451.2580140675793,1.14438275866093,False,False,True,True,True,False,True,True,0.0,False,84.49534264900626,3.780466485802852,-0.07143051698025958,28.987460633127206,False,False,0.022500874819395375,True,False,57.672050501531224,-2.0,84.48124591790949,-2.0,72.39799486318559,0.9290570260994315,0.0,0.0,0.0,0.0,0.0,0.0,0.0,0.0,0.0,0.0,0.0,0.0,0.0,0.0
2,30,0.3380591047549329,0.10126104864643108,9.857506807499707,0.037012272930446795,cruise,False,11.19,False,507.43682868264,2.1528618673358206,459.5789485582123,1.1328065904271027,False,False,True,True,True,False,True,True,0.0,False,87.6690020536163,3.5822902306210516,-0.054895055823449355,29.637224503568746,False,False,0.008061677698472344,True,False,58.84205050153127,-2.0,85.65124591790953,-2.0,69.26946236741709,1.352814713961804,0.0,0.0,0.0,0.0,0.0,0.0,0.0,0.0,0.0,0.0,0.0,0.0,0.0,0.0
2,31,0.13040093386952892,0.09467361330385284,9.823960214328446,0.0148385086090525,cruise,False,11.56,False,491.1146054875774,2.1884428984984408,463.21346612077787,1.1096935672036556,False,False,True,True,True,False,True,True,0.0,False,90.8737097655007,3.4224595208501345,-0.0453770711887515,29.67595513518831,False,False,0.00720099699581536,True,False,60.01205050153131,-2.0,86.82124591790958,-2.0,66.14903846744508,2.2238406932948074,0.0,0.0,0.0,0.0,0.0,0.0,0.0,0.0,0.0,0.0,0.0,0.0,0.0,0.0
2,32,0.14698859015535937,0.13270574400308116,9.81874198963902,0.1306088527217441,cruise,False,11.97,False,491.95622320294774,2.1634464569100595,463.166062841593,1.0887102326385927,False,False,True,True,True,False,True,True,0.0,False,94.08713810865923,3.2883676632317598,-0.03803591985131878,29.70093807780954,False,False,0.006645820493121378,True,False,61.18205050153136,-2.0,87.99124591790962,-2.0,63.29385529701948,3.43178293733936,0.0,0.0,0.0,0.0,0.0,0.0,0.0,0.0,0.0,0.0,0.0,0.0,0.0,0.0
2,33,0.04969187856826463,0.1386730980835337,9.808149847954645,0.016701437434891876,change_to_right,False,12.35,False,491.58329212241574,2.1461702021599085,465.49426930515483,1.0803256024256735,False,True,True,True,True,False,True,True,0.0,False,97.22090378299684,3.1793205643964795,-0.031433554143859004,29.73093347034777,False,True,0.005979256214493956,True,False,62.3220505015314,-2.0,89.13124591790967,-2.0,62.481390755952106,3.3747890139376366,0.0,0.0,0.0,0.0,0.0,0.0,0.0,0.0,0.0,0.0,0.0,0.0,0.0,0.0
2,34,-0.2061241800459092,-3.6237494862812443,9.793275608854952,0.4882060779464832,change_to_right,False,12.74,False,513.652826455862,2.1126423596213555,444.1808458527473,1.0569929895707233,False,True,True,True,True,False,True,True,0.0,False,100.52050635453901,3.0738528380929138,-0.05778496160321702,29.731337818940126,False,True,-0.11731714121384595,True,False,63.522050501531446,-2.0,90.33124591790971,-2.0,60.00958759989272,4.795977636262954,0.0,0.0,0.0,0.0,0.0,0.0,0.0,0.0,0.0,0.0,0.0,0.0,0.0,0.0
2,35,-0.029322079010790078,-2.6865998803289814,9.808163307498761,0.008479623168048978,cruise,False,13.13,False,612.1693493408308,2.0244774883894956,313.95018122783716,0.9806358975598295,False,True,True,False,True,False,True,True,0.0,False,103.61836516309259,2.722520259112442,-0.17299067421303194,29.731337818940126,False,False,-0.11731714121384595,True,False,64.66205050153148,-2.0,91.47124591790976,-2.0,58.378398835366305,5.56091253534183,0.0,0.0,0.0,0.0,0.0,0.0,0.0,0.0,0.0,0.0,0.0,0.0,0.0,0.0
2,36,-4.537722532528486,1.6153785543590027,9.335857148213773,0.6814861944363433,cruise,False,13.52,False,609.6084866063741,1.9833350102927767,292.00593473117135,0.8818466759127034,False,True,True,False,True,False,True,True,0.0,False,106.54173151198216,2.201713543988461,-0.1376330905548142,22.866330837291997,False,False,0.15852598139351115,True,False,65.83205050153153,-2.0,92.6412459179098,-2.0,57.32219760978785,6.629572583052293,0.0,0.0,0.0,0.0,0.0,0.0,0.0,0.0,0.0,0.0,0.0,0.0,0.0,0.0
2,37,3.510107138536098,1.3331366439676602,9.919066097525612,0.7169695792657902,cruise,False,13.91,False,518.9242860681892,1.9835568761326672,386.15471779360007,0.8660277590273229,False,True,True,False,True,False,True,True,0.0,False,109.20427655798511,2.0040251253375847,-0.024924388207544657,27.128215153081047,False,False,0.06381744104264342,True,False,67.00205050153157,-2.0,93.81124591790984,-2.0,55.76338383330889,8.220321407548015,0.0,0.0,0.0,0.0,0.0,0.0,0.0,0.0,0.0,0.0,0.0,0.0,0.0,0.0
2,38,0.783972447396135,0.2818711943935462,9.957010310652537,0.6327840558933375,change_to_right,False,14.28,False,484.33414869846814,1.9897895106295604,454.0206851050285,0.8914049814261549,False,True,True,True,True,False,True,True,0.0,False,112.16386894424745,2.025638852314272,0.02817498923633868,29.176992268435814,False,True,0.018289060701426295,True,False,68.14205050153161,-2.0,94.95124591790989,-2.0,54.12147465273792,9.970428093235228,0.0,0.0,0.0,0.0,0.0,0.0,0.0,0.0,0.0,0.0,0.0,0.0,0.0,0.0
2,39,-0.1242739259616518,-2.7288430287053242,9.736940280405914,0.18423050210953973,change_to_right,False,14.67,False,523.2890681055507,1.9743463462675925,396.6654467332761,0.8897881673770063,False,True,True,True,True,False,True,True,0.0,False,115.23647919610572,2.067174675136726,-0.034132209388808746,29.176992268435814,False,True,-0.11955667730946165,True,False,69.28205050153166,-2.0,96.09124591790993,-2.0,52.253250311345674,11.673000977976086,0.0,0.0,0.0,0.0,0.0,0.0,0.0,0.0,0.0,0.0,0.0,0.0,0.0,0.0
2,40,-0.08060354592885947,-2.626454508602544,9.778418441063826,0.011507784065076894,cruise,False,15.04,False,600.4237086786884,1.934835988634694,212.77155214423632,0.7569850366052568,False,False,True,True,True,False,True,True,0.0,False,118.28090098827172,1.7855869226914634,-0.1529961981947536,29.176992268435814,False,False,-0.11955667730946165,True,False,70.4220505015317,-2.0,97.23124591790997,-2.0,50.265464573296455,13.084690493042611,0.0,0.0,0.0,0.0,0.0,0.0,0.0,0.0,0.0,0.0,0.0,0.0,0.0,0.0
2,41,-0.04123395887897081,-2.607281852460328,9.799659057543929,0.002297861924539845,cruise,False,15.43,False,170.9317274222762,-2.7319215051857992,0.0,0.0,False,False,True,True,True,False,True,True,0.0,False,121.34682018528719,1.1202306530050414,-0.27635917766423856,29.176992268435814,False,False,-0.11955667730946165,True,False,71.59205050153174,-2.0,98.40124591791002,-2.0,48.317830683219846,14.259421001015399,0.0,0.0,0.0,0.0,0.0,0.0,0.0,0.0,0.0,0.0,0.0,0.0,0.0,0.0
3,1,0.04384156346750852,-1.5184561697380626e-13,9.809533946778432,0.00014243603574988527,,False,0.67,False,483.8792803587832,2.0636769929903975,485.7126782386539,1.0796720515516933,False,True,True,False,True,True,True,True,0.0,False,21.501736715729486,3.0699999999999994,4.066338392503248e-14,0.0,False,False,0.0,True,False,30.07312907295277,-2.0,58.160336749205406,-2.0,107.62787841600208,3.2900245023358123,0.0,0.0,0.0,0.0,0.0,0.0,0.0,0.0,0.0,0.0,0.0,0.0,0.0,0.0
3,2,0.044010637006661336,-2.149619656098144e-13,9.80989968245838,4.71773137995723e-07,,False,1.07,False,467.91959031389126,2.1298459187064958,485.34891803526756,1.0763604375634297,False,True,True,False,True,True,True,True,0.0,False,21.501737031866018,3.0699999999999994,4.0587347440601906e-14,0.0,False,False,0.0,True,False,30.07312907295277,-2.0,58.160336749205406,-2.0,107.09147639644895,3.290026181465186,0.0,0.0,0.0,0.0,0.0,0.0,0.0,0.0,0.0,0.0,0.0,0.0,0.0,0.0
3,3,0.04401060217904495,-3.5411280945014606e-13,9.809900357067002,2.3117117600611484e-08,cruise,False,1.44,False,468.1031291815864,2.1298314479054845,485.42838067265075,1.0735246037384183,False,True,True,False,True,True,True,True,0.0,False,21.50173705374525,3.0699999999999994,4.0609850829192225e-14,0.0,False,False,0.0,True,False,30.07312907295277,-2.0,58.160336749205406,-2.0,106.35955168228799,3.290029685774292,0.0,0.0,0.0,0.0,0.0,0.0,0.0,0.0,0.0,0.0,0.0,0.0,0.0,0.0
3,4,4.652109899233741,-0.01596449756016498,9.91023745474542,0.014006596057911134,cruise,False,1.8,False,459.7944581432913,2.1278532137112904,475.0412235476956,1.077659821429569,False,True,True,False,True,True,True,True,0.0,False,21.611698947031616,3.069897674448247,-0.0002873842572237766,29.59288951737651,False,False,-0.009046899613855339,True,False,31.12312907295281,-2.0,59.210336749205446,-2.0,105.44005953006005,3.290035489281365,0.0,0.0,0.0,0.0,0.0,0.0,0.0,0.0,0.0,0.0,0.0,0.0,0.0,0.0
3,5,3.979384218042471,-0.024262851489305643,9.717330701676993,0.03349902386386336,cruise,False,2.16,False,474.15230059515756,2.092150496898708,477.8352966914977,1.079131335560027,False,True,True,False,True,True,True,True,0.0,False,22.20949816594361,3.0689637138232215,-0.0018702551690580691,29.57537173752869,False,False,-0.009436183610473485,True,False,32.20312907295285,-2.0,60.29033674920549,-2.0,104.43929770264921,3.290044127668328,0.0,0.0,0.0,0.0,0.0,0.0,0.0,0.0,0.0,0.0,0.0,0.0,0.0,0.0
3,6,4.041103144552273,-0.0266648793975916,9.76833474960393,0.00878383577188951,cruise,False,2.5300000000000002,False,478.52060092388734,2.079491634265702,474.9205548039939,1.0795918908237818,False,True,True,False,True,True,True,True,0.0,False,23.359006287349732,3.0646595830596195,-0.0046452215357415715,29.751374453002978,False,False,-0.005525012155489389,True,False,33.31312907295289,-2.0,61.40033674920553,-2.0,103.41162450134406,3.2900519079261863,0.0,0.0,0.0,0.0,0.0,0.0,0.0,0.0,0.0,0.0,0.0,0.0,0.0,0.0
3,7,4.062040695631387,-0.023353440574529972,9.777925008607081,0.01898147603818839,cruise,False,2.89,False,481.59110846892736,2.078116836402147,472.70951907654165,1.06726656723452,False,True,True,False,True,True,True,True,0.0,False,24.99889813293092,3.0545541636170888,-0.007034648560156783,29.976640391103643,False,False,-0.000519102419919111,True,False,34.39312907295293,-2.0,62.48033674920557,-2.0,102.4117700668892,3.290059256535102,0.0,0.0,0.0,0.0,0.0,0.0,0.0,0.0,0.0,0.0,0.0,0.0,0.0,0.0
3,8,4.056244256582551,0.020101253270126733,9.772977054865844,0.0006071339839404274,cruise,False,3.24,False,484.5266904156621,2.0725771150891985,469.99521365455513,1.0730792278495012,False,True,True,False,True,True,True,True,0.0,False,27.086224846284566,3.037289601325079,-0.008941689170754394,29.94406467235292,False,False,-0.0012430072810462435,True,False,35.44312907295297,-2.0,63.53033674920561,-2.0,101.43966916837603,3.29006628292211,0.0,0.0,0.0,0.0,0.0,0.0,0.0,0.0,0.0,0.0,0.0,0.0,0.0,0.0
3,9,4.056437068060988,-0.02926201838829319,9.773353034505412,0.015461976991621981,cruise,False,3.6,False,486.7433702487733,2.061779065625803,469.6787837341363,1.0582210873649573,False,True,True,False,True,True,True,True,0.0,False,29.74024083841301,3.012922088187211,-0.009169643982222947,29.97412125831198,False,False,0.0005750831486227429,True,False,36.52312907295301,-2.0,64.61033674920564,-2.0,100.43979579589437,3.290073364636317,0.0,0.0,0.0,0.0,0.0,0.0,0.0,0.0,0.0,0.0,0.0,0.0,0.0,0.0
3,10,-0.23581339516080524,0.05172865465876712,9.667184477086172,0.09950080290081445,cruise,False,3.96,False,494.89125682561826,2.064371092140423,474.36156732240937,1.064102035629493,False,False,True,False,True,True,True,True,0.0,False,32.72609779938027,2.985337277413079,-0.009258366799227044,29.970014697502396,False,False,0.0006663400555023404,True,False,37.60312907295305,-2.0,65.69033674920568,-2.0,99.43992262592636,3.290080299211997,0.0,0.0,0.0,0.0,0.0,0.0,0.0,0.0,0.0,0.0,0.0,0.0,0.0,0.0
3,11,0.043290821818429644,0.06940961063825467,9.814367240410776,0.011891541267776553,cruise,False,4.32,False,496.29872502329636,2.0411247636326912,474.7587677500252,1.0550093542746426,False,False,True,False,True,True,True,True,0.0,False,35.71311032479733,2.960061094320868,-0.007120179459350124,29.87734999424584,False,False,0.0027255556834258282,True,False,38.68312907295309,-2.0,66.77033674920573,-2.0,98.44004939692795,3.29008708711461,0.0,0.0,0.0,0.0,0.0,0.0,0.0,0.0,0.0,0.0,0.0,0.0,0.0,0.0
3,12,0.5464209011280153,0.017756619504762684,9.74304467987135,0.6340485897845546,cruise,False,4.68,False,490.29630741316936,2.065667659444282,474.72456959025516,1.0640531378003761,False,False,True,True,True,True,True,True,0.0,False,38.70682321438469,2.9416395566983002,-0.005527779659159356,29.964258884432468,False,False,-0.0007942470126118229,True,False,39.763129072953134,-2.0,67.85033674920577,-2.0,97.4401761712475,3.290093728285397,0.0,0.0,0.0,0.0,0.0,0.0,0.0,0.0,0.0,0.0,0.0,0.0,0.0,0.0
3,13,0.16948884890912563,0.05514852101981743,9.824526975093425,0.04475761545819542,cruise,False,5.04,False,492.1758222231823,2.056209366633366,473.0640115168204,1.0578433132236116,False,False,True,True,True,True,True,True,0.0,False,41.69738143234673,2.9249555003580103,-0.005727023544698933,29.955081714057574,False,False,0.0009981841320539134,True,False,40.843129072953175,-2.0,68.93033674920581,-2.0,96.44030294629023,3.290100222715446,0.0,0.0,0.0,0.0,0.0,0.0,0.0,0.0,0.0,0.0,0.0,0.0,0.0,0.0
3,14,0.5805345761680799,0.04582531574931589,9.73396456105295,0.6493868599001689,cruise,False,5.4,False,494.1330244970348,2.0469870491514075,475.13359175962654,1.052165504572936,False,False,True,False,True,True,True,True,0.0,False,44.69179942141524,2.908836051100975,-0.00478409384196253,29.97582042730878,False,False,0.000537323837582702,True,False,41.923129072953216,-2.0,70.01033674920585,-2.0,95.44042972118034,3.2901065704202272,0.0,0.0,0.0,0.0,0.0,0.0,0.0,0.0,0.0,0.0,0.0,0.0,0.0,0.0
3,15,-0.005348186407277966,0.035260029660156914,9.797277026235163,0.025822815092066343,cruise,False,5.76,False,492.25827283290766,2.0478387065075543,474.5700889693772,1.0496760871251956,False,False,True,False,True,False,True,True,0.0,False,47.68822757941155,2.895796290075936,-0.0039652246259188825,29.912031387923474,False,False,0.0019548580461450395,True,False,43.00312907295326,-2.0,71.09033674920589,-2.0,94.44055649607411,3.290112771380231,0.0,0.0,0.0,0.0,0.0,0.0,0.0,0.0,0.0,0.0,0.0,0.0,0.0,0.0
3,16,0.27144761766756337,0.02712509040875763,9.804268098993154,0.19679296086859469,cruise,False,6.12,False,490.5413776553307,2.052401977297136,475.56268267826215,1.0458198288060911,False,False,True,False,True,False,True,True,0.0,False,50.68146256132701,2.885480826402336,-0.0028580348897775053,29.98712870758652,False,False,0.0002860287202995184,True,False,44.0831290729533,-2.0,72.17033674920593,-2.0,93.44068327096944,3.290118825617691,0.0,0.0,0.0,0.0,0.0,0.0,0.0,0.0,0.0,0.0,0.0,0.0,0.0,0.0
3,17,-0.035212854671689636,0.06876679697507959,9.801227366364277,0.02327772583024346,cruise,False,6.48,False,492.4977412362515,2.044305944921537,476.08003832006233,1.0451277945987003,False,True,True,False,True,False,True,True,0.0,False,53.67598326040525,2.8778196674089953,-0.00200900287729209,29.909350621978362,False,False,0.0020144306227030907,True,False,45.16312907295334,-2.0,73.25033674920597,-2.0,92.4408100458633,3.290124733110231,0.0,0.0,0.0,0.0,0.0,0.0,0.0,0.0,0.0,0.0,0.0,0.0,0.0,0.0
3,18,0.0962536730519877,0.04567264207325525,9.836055522639152,0.02775942043940728,cruise,False,6.85,False,496.2785912817063,2.029139157495733,475.1730266060578,1.0442092660468238,False,True,True,False,True,False,True,True,0.0,False,56.74753048980693,2.871304197386496,-0.002532888429670135,29.95293204370248,False,False,0.0010459545843893407,True,False,46.27312907295338,-2.0,74.36033674920601,-2.0,91.41316256450361,3.2901306518040028,0.0,0.0,0.0,0.0,0.0,0.0,0.0,0.0,0.0,0.0,0.0,0.0,0.0,0.0
3,19,-0.0958838503908755,-0.07629022218988515,9.775681277614138,0.043881874805118876,cruise,False,7.21,False,480.8125178094334,2.0943534139903033,476.0519186845103,1.036444269424792,False,True,True,False,True,False,True,True,0.0,False,59.739325209636334,2.8641848673459807,-0.0026073835745939336,29.7695535919551,False,False,-0.005121031289886664,True,False,47.35312907295342,-2.0,75.44033674920605,-2.0,90.41328933939582,3.2901362617561034,0.0,0.0,0.0,0.0,0.0,0.0,0.0,0.0,0.0,0.0,0.0,0.0,0.0,0.0
3,20,0.18801067283028833,-0.03953083587554816,9.81501944758751,0.11571478438679815,swerve_left,False,7.57,False,500.63641486532435,2.023578292270044,469.8875772963247,1.0460804234217913,False,True,False,False,True,False,True,True,0.0,False,62.7233872135917,2.8519727951183103,-0.005308745020173628,29.91100436645688,False,False,-0.0019776807454027112,True,False,48.43312907295346,-2.0,76.5203367492061,-2.0,89.40222008179634,3.289110652692272,0.0,0.0,0.0,0.0,0.0,0.0,0.0,0.0,0.0,0.0,0.0,0.0,0.0,0.0
3,21,-0.18367294652763919,3.4148850280527143,9.778332871971553,0.17646130080909878,swerve_left,False,7.95,False,449.85346679654725,2.111061339193666,506.90547812953054,1.0559115468666471,False,True,False,False,True,False,True,True,0.0,False,65.87571874427108,2.862952180000243,0.04152400485242047,29.91100436645688,False,False,0.11660923050187554,True,False,49.573129072953506,-2.0,77.66033674920614,-2.0,88.1613609085843,3.247040939198548,0.0,0.0,0.0,0.0,0.0,0.0,0.0,0.0,0.0,0.0,0.0,0.0,0.0,0.0
3,22,-0.04129997718179515,2.716122068246125,9.80110805484637,0.003722747156806498,swerve_left,False,8.32,False,353.3101136461522,2.1107016025672856,590.8754487019478,1.0162505308798957,False,True,False,False,True,False,True,True,0.0,False,68.91486549752436,3.158792909411166,0.15587742558362744,29.91100436645688,False,False,0.11660923050187554,True,False,50.68312907295355,-2.0,78.77033674920618,-2.0,86.73923190509349,3.122056646314649,0.0,0.0,0.0,0.0,0.0,0.0,0.0,0.0,0.0,0.0,0.0,0.0,0.0,0.0
3,23,-0.4385574046502448,-3.6921916047068595,9.740492083893507,0.31314289057220934,swerve_left,False,8.72,False,245.07562989691843,2.259803410745165,567.983623548322,0.6606002116033882,False,False,True,False,True,True,True,True,0.0,False,72.17193240946543,3.8010942606337434,0.1762107019987403,29.91100436645688,False,False,-0.11660923050187554,True,False,51.883129072953594,-2.0,79.97033674920623,-2.0,84.97646438089055,2.84883239526126,0.0,0.0,0.0,0.0,0.0,0.0,0.0,0.0,0.0,0.0,0.0,0.0,0.0,0.0
3,24,-3.4646246527571964,-1.7588286309067673,9.993434464017673,0.27724690970300314,keep,False,9.09,False,327.68447889302587,2.314763383274258,425.6663386248484,0.8875642906765976,False,False,False,False,True,False,True,True,0.0,False,75.18980424496452,4.172531635486582,0.0667297266049583,-10.0,False,False,-0.054829934402922956,True,False,52.993129072953636,-2.0,81.08033674920627,-2.0,83.15278118273008,2.4229108542668234,0.0,0.0,0.0,0.0,0.0,0.0,0.0,0.0,0.0,0.0,0.0,0.0,0.0,0.0
3,25,-3.853771040854055,-1.6445655773658907,9.85059215655039,0.04007592341082007,keep,False,9.48,False,396.0816101841585,2.343298944741494,521.8352936887575,1.194055449287435,False,False,False,False,True,False,True,True,0.0,False,77.98380882921849,4.2726434823050194,-0.0039004039017512793,-10.0,False,False,-0.07003307402791938,True,False,54.16312907295368,-2.0,82.25033674920631,-2.0,81.03935365651061,1.7702807751413074,0.0,0.0,0.0,0.0,0.0,0.0,0.0,0.0,0.0,0.0,0.0,0.0,0.0,0.0
3,26,-3.9761028744514952,-0.2036172771690105,9.785514659310383,0.015402485360481418,cruise,False,9.87,False,480.7133903235273,2.262868159238632,488.7415192828881,1.1866483699793184,False,False,True,False,True,False,True,True,0.0,False,80.1287814806513,4.217280763296731,-0.05471254731239756,-10.0,False,False,-0.0272241395750598,True,False,55.30312907295372,-2.0,83.39033674920636,-2.0,78.72714272561561,1.1911246038598726,0.0,0.0,0.0,0.0,0.0,0.0,0.0,0.0,0.0,0.0,0.0,0.0,0.0,0.0
3,27,4.70263185783463,-0.0005485808595719344,10.00183196295233,0.17220001605753402,cruise,False,10.24,False,488.955471577855,2.254433421230627,456.08527091824635,1.17169087811178,False,False,True,False,True,False,True,True,0.0,False,82.107147352207,4.097946824701922,-0.07540048428484077,29.600678412957066,False,False,0.008873813045398563,True,False,56.44312907295377,-2.0,84.5303367492064,-2.0,76.14495124830852,0.8194910448778665,0.0,0.0,0.0,0.0,0.0,0.0,0.0,0.0,0.0,0.0,0.0,0.0,0.0,0.0
3,28,3.98596195712906,0.1679961365396487,9.782991188173565,0.043159328759254004,cruise,False,10.62,False,504.8276958383002,2.225098244702443,451.4164531455599,1.1603392587352857,False,False,True,True,True,False,True,True,0.0,False,84.63666786506128,3.9151728466971307,-0.0776766846810665,29.183555575203048,False,False,0.01814320943993223,True,False,57.58312907295381,-2.0,85.67033674920644,-2.0,73.31016413282921,0.7367585936660634,0.0,0.0,0.0,0.0,0.0,0.0,0.0,0.0,0.0,0.0,0.0,0.0,0.0,0.0
3,29,-1.11072724354368,0.3826553349815061,9.858592283258737,1.2989068220790823,cruise,False,11.01,False,507.174601148057,2.190432520124752,461.0420585899042,1.1332241549427429,False,False,True,True,True,False,True,True,0.0,False,87.80741318687552,3.6933473370799086,-0.06290253929688241,29.080436018145683,False,False,0.020434755152318143,True,False,58.783129072953855,-2.0,86.87033674920649,-2.0,70.11248396187912,1.0480173590568407,0.0,0.0,0.0,0.0,0.0,0.0,0.0,0.0,0.0,0.0,0.0,0.0,0.0,0.0
3,30,0.3141953836112471,0.07099965548524918,9.89933120014605,0.09937996372881786,cruise,False,11.41,False,489.2258334834433,2.2081622605482805,462.54872102397024,1.120830880738246,False,False,True,True,True,False,True,True,0.0,False,90.99362626850296,3.517463454889067,-0.04910108504264001,29.738990409204597,False,False,0.005800213128786698,True,False,59.9531290729539,-2.0,88.04033674920653,-2.0,66.96409153653146,1.8004610106590304,0.0,0.0,0.0,0.0,0.0,0.0,0.0,0.0,0.0,0.0,0.0,0.0,0.0,0.0
3,31,0.37379226758048395,0.09195709883466549,9.848444129210213,0.020561638108551147,cruise,False,11.79,False,489.43232875510057,2.1811067869639356,464.1746901926848,1.1065528416458414,False,False,True,True,True,False,True,True,0.0,False,94.20349406818458,3.3724577121602017,-0.04091591722822307,29.77845092039509,False,False,0.0049233128801090854,True,False,61.123129072953944,-2.0,89.21033674920658,-2.0,63.95574636018732,3.0021714227519385,0.0,0.0,0.0,0.0,0.0,0.0,0.0,0.0,0.0,0.0,0.0,0.0,0.0,0.0
3,32,0.03159292122775276,0.12553735048428688,9.781339774848112,0.022922736288579822,cruise,False,12.18,False,491.6079133741814,2.161744824323187,464.00882868880467,1.0961069811139563,False,False,True,True,True,False,True,True,0.0,False,97.42493339209577,3.250103788937509,-0.03503610717433588,29.74737582908582,False,False,0.00561387046475962,True,False,62.29312907295399,-2.0,90.38033674920662,-2.0,62.77102303750055,2.973161135605463,0.0,0.0,0.0,0.0,0.0,0.0,0.0,0.0,0.0,0.0,0.0,0.0,0.0,0.0
3,33,0.05486262161935511,0.11573421815048517,9.809987410430534,0.013229050133157009,change_to_right,False,12.59,False,490.5902603088603,2.1412656276975373,464.93361728345974,1.071186437093744,False,True,True,True,True,False,True,True,0.0,False,100.72818958084193,3.1442785130320305,-0.028965335051138918,29.769514061516688,False,True,0.0051219097440736066,True,False,63.493129072954034,-2.0,91.58033674920667,-2.0,61.21213717797463,3.8897578130287784,0.0,0.0,0.0,0.0,0.0,0.0,0.0,0.0,0.0,0.0,0.0,0.0,0.0,0.0
3,34,-0.1259888358082749,-2.770006520535389,9.771671260041304,0.12870802606337764,change_to_right,False,12.99,False,554.0848921247075,2.087138834774483,403.48257615165477,1.0445185411426101,False,True,True,True,True,False,True,True,0.0,False,104.02219742386063,2.9795173525156056,-0.10163808824270681,29.769514061516688,False,True,-0.1171660017392796,True,False,64.69312907295408,-2.0,92.78033674920671,-2.0,59.71796767473486,4.794247470139359,0.0,0.0,0.0,0.0,0.0,0.0,0.0,0.0,0.0,0.0,0.0,0.0,0.0,0.0
3,35,-0.052960609720343485,-2.6647740076520607,9.791345222004123,0.0039318157102964,cruise,False,13.38,False,644.8953871083191,1.9883228197747234,237.3700352485341,0.9216492121932868,False,True,True,False,True,False,True,True,0.0,False,107.18285763611571,2.4646886236601633,-0.22386754081753849,29.769514061516688,False,False,-0.1171660017392796,True,False,65.86312907295412,-2.0,93.95033674920676,-2.0,58.20523506081692,5.649988702202323,0.0,0.0,0.0,0.0,0.0,0.0,0.0,0.0,0.0,0.0,0.0,0.0,0.0,0.0
3,36,-0.04294756829255245,-2.658259206694086,9.796143350092882,0.0006577114798585259,cruise,False,13.77,False,133.11246613561264,-2.5371325892913448,0.0,0.0,False,True,True,False,True,False,True,True,0.0,False,110.25605584908874,1.5658999790910537,-0.3471605338157991,29.769514061516688,False,False,-0.1171660017392796,True,False,67.03312907295417,-2.0,95.1203367492068,-2.0,57.13682019719729,6.060276254227698,0.0,0.0,0.0,0.0,0.0,0.0,0.0,0.0,0.0,0.0,0.0,0.0,0.0,0.0
3,37,2.6337205508653647,-0.5138242333353464,9.597017369914854,0.00013264068905433592,cruise,False,14.16,False,0.0,0.0,0.0,0.0,False,True,True,False,True,False,True,True,0.0,False,113.19628902163639,0.2956349946258205,-0.4700634351299287,29.769514061516688,False,False,0.1171660017392796,True,False,68.20312907295421,-2.0,96.29033674920684,-2.0,57.036847797580855,6.4696764246269645,0.0,0.0,0.0,0.0,0.0,0.0,0.0,0.0,0.0,0.0,0.0,0.0,0.0,0.0
4,1,0.04384156345699699,6.367834317879972e-13,9.809533946779306,0.00014243604868370587,,False,0.68,False,425.1611835125368,2.14206745778499,489.42405476025436,1.1057709968183649,False,True,True,False,True,True,True,True,0.0,False,18.41940779136305,3.069999999999999,4.0594798601017676e-14,0.0,False,False,0.0,True,False,30.1041420040151,-2.0,57.06306206767961,-2.0,108.09431811841534,3.2900245023358106,0.0,0.0,0.0,0.0,0.0,0.0,0.0,0.0,0.0,0.0,0.0,0.0,0.0,0.0
4,2,0.044009427238676575,4.17049330690819e-13,9.80989974210749,9.88085701066216e-07,,False,1.05,False,454.22751931696905,2.085420590528604,489.9716140656136,1.0950762519744606,False,True,True,False,True,True,True,True,0.0,False,18.41940810544527,3.069999999999999,4.1476134857223395e-14,0.0,False,False,0.0,True,False,30.1041420040151,-2.0,57.06306206767961,-2.0,107.5912907282622,3.290026045340594,0.0,0.0,0.0,0.0,0.0,0.0,0.0,0.0,0.0,0.0,0.0,0.0,0.0,0.0
4,3,0.044010637884435856,7.141056763254561e-13,9.809900327114972,4.807870031856071e-08,cruise,False,1.42,False,420.40094417678756,2.1431278392372395,489.68247440484544,1.0964122872716937,False,True,True,False,True,True,True,True,0.0,False,18.419408128501082,3.0699999999999985,4.175927599210047e-14,0.0,False,False,0.0,True,False,30.1041420040151,-2.0,57.06306206767961,-2.0,106.87110987640125,3.290029442684828,0.0,0.0,0.0,0.0,0.0,0.0,0.0,0.0,0.0,0.0,0.0,0.0,0.0,0.0
4,4,4.604790882372602,-0.04270406660940085,9.920580132012587,0.027458247219966342,cruise,False,1.78,False,460.96940054719477,2.072450709583444,484.36285955827,1.0915830376622313,False,True,True,False,True,True,True,True,0.0,False,18.53899167378044,3.0698267040021467,-0.0004571634579940053,29.213059215008318,False,False,-0.01748757299981518,True,False,31.15414200401514,-2.0,58.11306206767965,-2.0,105.96213597872564,3.2900349777274602,0.0,0.0,0.0,0.0,0.0,0.0,0.0,0.0,0.0,0.0,0.0,0.0,0.0,0.0
4,5,4.026754044283642,-0.003803411665983443,9.735527812510728,0.035402555286141446,cruise,False,2.15,False,477.72175482241846,2.0767402965240267,488.9869587702697,1.0902642407912206,False,True,True,False,True,True,True,True,0.0,False,19.17533484550815,3.0680570030292404,-0.0034152587784716712,29.630273577399883,False,False,-0.00821614272444705,True,False,32.26414200401518,-2.0,59.22306206767969,-2.0,104.93352066288548,3.2900439073042334,0.0,0.0,0.0,0.0,0.0,0.0,0.0,0.0,0.0,0.0,0.0,0.0,0.0,0.0
4,6,4.043244769081648,-0.029437764376755146,9.770308182539567,0.025887497550080896,cruise,False,2.48,False,467.0543564761678,2.080199760588959,474.7657838125336,1.0703807615966245,False,True,True,False,True,True,True,True,0.0,False,20.200559261990804,3.0624752397398223,-0.006377825586572116,29.692434160490645,False,False,-0.006834796433541169,True,False,33.254142004015215,-2.0,60.21306206767973,-2.0,104.01692804710886,3.2900508788075156,0.0,0.0,0.0,0.0,0.0,0.0,0.0,0.0,0.0,0.0,0.0,0.0,0.0,0.0
4,7,4.062395526922111,-0.024466631662182298,9.778331898478697,0.02891523059345282,cruise,False,2.85,False,462.6507485799974,2.0824527882823562,472.1353618497425,1.0844145265569067,False,True,True,False,True,True,True,True,0.0,False,21.863928114603944,3.0478639856642316,-0.009998457474265242,29.71634599513155,False,False,-0.006303422330409984,True,False,34.36414200401526,-2.0,61.32306206767977,-2.0,102.98930679042891,3.290058445228808,0.0,0.0,0.0,0.0,0.0,0.0,0.0,0.0,0.0,0.0,0.0,0.0,0.0,0.0
4,8,4.071606109881783,0.1370539007245453,9.771016632084587,0.29645964970412453,cruise,False,3.21,False,452.32397682569587,2.0779778302867977,460.6436502975202,1.053199371501822,False,True,True,False,True,True,True,True,0.0,False,24.003181983481912,3.01556241937834,-0.020847060535988324,29.6369910668783,False,False,0.008066865180482281,True,False,35.4441420040153,-2.0,62.40306206767981,-2.0,101.98943172701824,3.2900656860750157,0.0,0.0,0.0,0.0,0.0,0.0,0.0,0.0,0.0,0.0,0.0,0.0,0.0,0.0
4,9,4.055079469983882,-0.24047343790884898,9.771870411690314,0.06664666422853324,cruise,False,3.55,False,446.19620724053897,2.0723452732673677,451.7456041948841,1.0491235962840797,False,True,True,False,True,True,True,True,0.0,False,26.495535826892947,2.956453556070461,-0.02738011104265464,29.72733936693446,False,False,-0.006059125179234284,True,False,36.464142004015336,-2.0,63.42306206767985,-2.0,101.0451067624587,3.2900723898973987,0.0,0.0,0.0,0.0,0.0,0.0,0.0,0.0,0.0,0.0,0.0,0.0,0.0,0.0
4,10,-2.0028270753134714,0.7573721724581112,9.698061272920912,1.5057975713928031,cruise,False,3.91,False,507.64462920787565,2.087808718754099,453.41723607502905,1.0354638277628245,False,True,True,False,True,True,True,True,0.0,False,29.447348421313322,2.863355330903418,-0.030889876237980864,28.86514078505049,False,False,0.025219093665544666,True,False,37.54414200401538,-2.0,64.50306206767989,-2.0,100.04523360867043,3.2900793448439836,0.0,0.0,0.0,0.0,0.0,0.0,0.0,0.0,0.0,0.0,0.0,0.0,0.0,0.0
4,11,0.8127055448474245,0.13542270927435188,9.964579218243209,0.24535598235204364,cruise,False,4.26,False,500.6578640972362,2.0334451839363132,458.3513992371079,1.0372822936434203,False,False,True,False,True,True,True,True,0.0,False,32.28594856947047,2.8003009748431635,-0.01463818444521529,29.585565363161038,False,False,0.009209658596421312,True,False,38.59414200401542,-2.0,65.55306206767993,-2.0,99.073134637404,3.290085965988582,0.0,0.0,0.0,0.0,0.0,0.0,0.0,0.0,0.0,0.0,0.0,0.0,0.0,0.0
4,12,1.6997469204182816,0.006858011656889434,9.691670973248142,1.0091302191738805,cruise,False,4.62,False,486.57965753337663,2.0755281666264542,468.22696990531585,1.02753032664233,False,False,True,False,True,True,True,True,0.0,False,35.24799187182661,2.772303256173091,-0.0053151044874423315,29.903108598529933,False,False,0.002153142254890383,True,False,39.67414200401546,-2.0,66.63306206767997,-2.0,98.07326141113552,3.2900926316122807,0.0,0.0,0.0,0.0,0.0,0.0,0.0,0.0,0.0,0.0,0.0,0.0,0.0,0.0
4,13,0.0877292757732181,-0.056638657900030455,9.802331585446993,0.04892602523746298,cruise,False,4.98,False,483.87248812800675,2.076204321140927,470.80240671093327,1.0286627893656843,False,False,True,False,True,True,True,True,0.0,False,38.321499380562194,2.7628850888933676,-0.0022021673365557725,29.979767949447933,False,False,-0.00044960112337928004,True,False,40.7841420040155,-2.0,67.74306206768001,-2.0,97.04561392996379,3.2900993294865417,0.0,0.0,0.0,0.0,0.0,0.0,0.0,0.0,0.0,0.0,0.0,0.0,0.0,0.0
4,14,0.38344489901098855,0.14413641519019943,9.770206384377458,0.15204011565993103,cruise,False,5.35,False,498.2103233946454,2.0159254953643426,471.63405976344546,1.0257451405321163,False,False,True,True,True,True,True,True,0.0,False,41.39277554258953,2.756008516345072,-0.0012767275408418148,29.86479453143725,False,False,0.0030045659680610565,True,False,41.89414200401554,-2.0,68.85306206768006,-2.0,96.01796644860606,3.290105872365776,0.0,0.0,0.0,0.0,0.0,0.0,0.0,0.0,0.0,0.0,0.0,0.0,0.0,0.0
4,15,0.37001802666929695,0.1477274124457842,9.746890865320669,0.17759061735787365,cruise,False,5.71,False,494.1219688696381,2.0293416445558923,473.27674740047104,1.0269048385957877,False,False,True,False,True,True,True,True,0.0,False,44.296035130997474,2.75457275669343,0.00044625798706599793,29.887889400542253,False,False,0.002491346654616557,True,False,42.94414200401558,-2.0,69.9030620676801,-2.0,95.04586747975193,3.2901119189099854,0.0,0.0,0.0,0.0,0.0,0.0,0.0,0.0,0.0,0.0,0.0,0.0,0.0,0.0
4,16,-0.015631860202522864,0.048816824879699995,9.823729393592671,0.04024148788212472,cruise,False,6.08,False,492.68536241192885,2.026353024293871,473.7724617309649,1.0301225449347942,False,False,True,False,True,True,True,True,0.0,False,47.368417312622036,2.7591437234348657,0.0019165983340786504,29.91680694252515,False,False,0.0018487346105522447,True,False,44.054142004015624,-2.0,71.01306206768014,-2.0,94.01821999839443,3.2901181601716014,0.0,0.0,0.0,0.0,0.0,0.0,0.0,0.0,0.0,0.0,0.0,0.0,0.0,0.0
4,17,0.1793496417621075,-0.030308296591391098,9.822755230850792,0.0579141388295543,cruise,False,6.44,False,490.6086107242359,2.0315309944329183,475.28727363169673,1.029992986075963,False,False,True,False,True,False,True,True,0.0,False,50.44506429884344,2.7675239600181105,0.003214255126907069,29.99995086110707,False,False,1.091975398446847e-06,True,False,45.164142004015666,-2.0,72.12306206768018,-2.0,92.99057251703553,3.2901242464227978,0.0,0.0,0.0,0.0,0.0,0.0,0.0,0.0,0.0,0.0,0.0,0.0,0.0,0.0
4,18,-0.07997660498515659,0.01878516770207068,9.816320376414506,0.14956214338220924,cruise,False,6.8100000000000005,False,488.9324069223617,2.036153250946249,474.19594312172245,1.0345465525701294,False,False,True,False,True,False,True,True,0.0,False,53.44309624786024,2.7769635165973954,0.0030781928567417366,29.94792795370149,False,False,0.0011571565844112628,True,False,46.24414200401571,-2.0,73.20306206768022,-2.0,91.99069929192888,3.290130019419152,0.0,0.0,0.0,0.0,0.0,0.0,0.0,0.0,0.0,0.0,0.0,0.0,0.0,0.0
4,19,-0.043736681796948916,-0.03676819432123749,9.81673640248677,0.08112656315303202,cruise,False,7.16,False,491.43978030273405,2.0332172644204256,476.8454900832684,1.038617160165301,False,True,True,False,True,False,True,True,0.0,False,56.4392383226232,2.786876480990244,0.00323474964864869,29.95768570146147,False,False,-0.0009403177453005955,True,False,47.32414200401575,-2.0,74.28306206768026,-2.0,90.99082606682113,3.2901356456730246,0.0,0.0,0.0,0.0,0.0,0.0,0.0,0.0,0.0,0.0,0.0,0.0,0.0,0.0
4,20,1.1561107699374746,-0.015863459623365612,9.718239396139195,1.1570072986299247,cruise,False,7.52,False,481.3400370083132,2.0802244151509037,475.05288875962594,1.0377156970241033,False,True,True,False,True,False,True,True,0.0,False,59.42126601231227,2.793090678658663,0.00024933604777107807,29.93682442884626,False,False,0.001403901581194173,True,False,48.40414200401579,-2.0,75.3630620676803,-2.0,89.99095284171287,3.2901411251980837,0.0,0.0,0.0,0.0,0.0,0.0,0.0,0.0,0.0,0.0,0.0,0.0,0.0,0.0
4,21,0.2487476034508773,1.883965277876655,9.763346413811465,0.9520880365413966,swerve_left,False,7.89,False,483.4646736866896,2.0806690000896304,476.2278719538509,1.0515293538788504,False,True,False,False,True,False,True,True,0.0,False,62.40622334932317,2.7916364782473337,-0.0001459981879483061,29.78663247356294,False,False,0.11709835674666651,True,False,49.48414200401583,-2.0,76.44306206768034,-2.0,88.97988358423972,3.2891153840870633,0.0,0.0,0.0,0.0,0.0,0.0,0.0,0.0,0.0,0.0,0.0,0.0,0.0,0.0
4,22,-0.0720852434087961,2.4880879999192236,9.787892056104027,0.03870989163495174,swerve_left,False,8.25,False,414.1477656690701,2.0676978544775744,556.252783434352,1.0825501540483757,False,True,False,False,True,False,True,True,0.0,False,65.36862118973775,2.9087717446836665,0.09412829464069064,29.78663247356294,False,False,0.11709835674666651,True,False,50.56414200401587,-2.0,77.52306206768039,-2.0,87.80999566915179,3.2511063558204274,0.0,0.0,0.0,0.0,0.0,0.0,0.0,0.0,0.0,0.0,0.0,0.0,0.0,0.0
4,23,2.8768878486628386,0.3002352967978894,9.578309703482208,3.759371533258224,swerve_left,False,8.65,False,255.62778451674856,2.1879527005576214,674.274520097958,0.4523698916624106,False,True,True,False,True,False,True,True,0.0,False,68.61723214396234,3.4195428731682074,0.21856971583217366,29.78663247356294,False,False,-0.11709835674666651,True,False,51.764142004015916,-2.0,78.72306206768043,-2.0,86.27562563279409,3.1171767267599506,0.0,0.0,0.0,0.0,0.0,0.0,0.0,0.0,0.0,0.0,0.0,0.0,0.0,0.0
4,24,-0.048973939219180564,-2.3913901473307257,9.756456414816197,0.07839935070998932,swerve_left,False,9.03,False,249.75815116290985,2.303230107947296,519.5020714083109,0.7840709278781874,False,True,True,False,True,False,True,True,0.0,False,71.69685052823218,4.029560981703296,0.14262121665698532,29.78663247356294,False,False,-0.11709835674666651,True,False,52.90414200401596,-2.0,79.86306206768047,-2.0,84.60092753462253,2.857821343532652,0.0,0.0,0.0,0.0,0.0,0.0,0.0,0.0,0.0,0.0,0.0,0.0,0.0,0.0
4,25,-3.727738405626595,-1.1490045600863183,9.859142276632696,1.0232621845817431,keep,False,9.39,False,359.1018999573308,2.326996485103349,411.64119510107565,0.8432105143067448,False,False,False,False,True,False,True,True,0.0,False,74.62249965384936,4.288188983450905,0.03268795124923797,-10.0,False,False,-0.04179046207461075,True,False,53.984142004016,-2.0,80.94306206768051,-2.0,82.83342612933082,2.4509724074143935,0.0,0.0,0.0,0.0,0.0,0.0,0.0,0.0,0.0,0.0,0.0,0.0,0.0,0.0
4,26,-3.8430210652797645,-1.2477557213351975,9.866647271927457,0.08878016316977723,keep,False,9.77,False,410.99125819133315,2.3634516015004365,509.63028867473395,1.1989896147765169,False,False,False,False,True,False,True,True,0.0,False,77.37628330070532,4.308043518245203,-0.023728807986188944,-10.0,False,False,-0.06022466443750689,True,False,55.154142004016045,-2.0,82.11306206768056,-2.0,80.72878155978107,1.8116245897660772,0.0,0.0,0.0,0.0,0.0,0.0,0.0,0.0,0.0,0.0,0.0,0.0,0.0,0.0
4,27,-3.977592135475686,-0.22398790397311516,9.788091799220954,0.01369329839399088,cruise,False,10.13,False,471.00384210324506,2.320125562857418,483.780147220342,1.1889985329266242,False,False,True,False,True,False,True,True,0.0,False,79.38259731450415,4.231672753744523,-0.06314510412222298,-10.0,False,False,-0.025114770600329232,True,False,56.234142004016086,-2.0,83.1930620676806,-2.0,78.55370255696604,1.270780710040875,0.0,0.0,0.0,0.0,0.0,0.0,0.0,0.0,0.0,0.0,0.0,0.0,0.0,0.0
4,28,4.517816576719954,0.1015766069251417,9.96226299742862,0.17245089859090304,cruise,False,10.51,False,494.7847325847054,2.2610916361271896,452.96803531140245,1.172444774663723,False,False,True,False,True,False,True,True,0.0,False,81.37105544592868,4.097996822799002,-0.08016685324069886,29.47448762067176,False,False,0.011678052873960948,True,False,57.37414200401613,-2.0,84.33306206768064,-2.0,75.99589901079874,0.8979612032987364,0.0,0.0,0.0,0.0,0.0,0.0,0.0,0.0,0.0,0.0,0.0,0.0,0.0,0.0
4,29,4.13743532758465,0.024892052846936692,9.793338150075737,0.02867442263881518,cruise,False,10.89,False,510.6658045929794,2.205518748390526,448.5370956902217,1.153372830345203,False,False,True,True,True,False,True,True,0.0,False,83.84076670723753,3.911312519248504,-0.08069107997223719,29.43355519612215,False,False,0.012587662308396667,True,False,58.48414200401617,-2.0,85.44306206768069,-2.0,73.26227266716133,0.8062127196758224,0.0,0.0,0.0,0.0,0.0,0.0,0.0,0.0,0.0,0.0,0.0,0.0,0.0,0.0
4,30,1.1803543320496168,0.6490610668886883,9.485106905071783,1.923227898880166,cruise,False,11.26,False,502.4059437976378,2.2411926376251925,457.54674990851436,1.140510918122651,False,False,True,True,True,False,True,True,0.0,False,86.84040846221887,3.6863671774679907,-0.06832265629517577,29.258706666344857,False,False,0.016473185192336502,True,False,59.624142004016214,-2.0,86.58306206768073,-2.0,70.24849494548185,1.0688694727115975,0.0,0.0,0.0,0.0,0.0,0.0,0.0,0.0,0.0,0.0,0.0,0.0,0.0,0.0
4,31,0.4550217463883536,0.29585464078587026,9.839165254077777,0.26194560209110607,cruise,False,11.64,False,492.7847105878235,2.202232543028528,459.702677899697,1.118517770667124,False,False,True,True,True,False,True,True,0.0,False,89.93103704342975,3.5017826147711313,-0.05185855031877712,29.57122541918496,False,False,0.009528324018111989,True,False,60.76414200401626,-2.0,87.72306206768077,-2.0,67.17556798162363,1.7457940900675373,0.0,0.0,0.0,0.0,0.0,0.0,0.0,0.0,0.0,0.0,0.0,0.0,0.0,0.0
4,32,0.05926289874729704,0.18433784544023596,9.793464623341746,0.054615545721215006,cruise,False,12.02,False,493.550497519371,2.1754476868584596,462.5304930498496,1.10673952321098,False,False,True,True,True,False,True,True,0.0,False,93.05466117108139,3.3557518615498387,-0.0422590552421296,29.667842784270594,False,False,0.007381271460653466,True,False,61.9041420040163,-2.0,88.86306206768081,-2.0,64.21897959098374,2.851581470517297,0.0,0.0,0.0,0.0,0.0,0.0,0.0,0.0,0.0,0.0,0.0,0.0,0.0,0.0
4,33,-0.09685853768458258,0.14915819364296087,9.816210763069115,0.13022453529167138,cruise,False,12.4,False,491.98961194504653,2.146527997875343,463.6427988137674,1.0991178267851494,False,False,True,True,True,False,True,True,0.0,False,96.18612315463638,3.234992435769349,-0.034984355365063384,29.685111021879564,False,False,0.006997532847120814,True,False,63.044142004016344,-2.0,90.00306206768086,-2.0,62.714213654310136,3.112460531464537,0.0,0.0,0.0,0.0,0.0,0.0,0.0,0.0,0.0,0.0,0.0,0.0,0.0,0.0
4,34,0.30209287681536207,0.1382983720314254,9.791443930521247,0.11937522900813673,change_to_right,False,12.79,False,491.0979699420922,2.1336179679751752,465.7122916665139,1.0765033667040986,False,True,True,True,True,False,True,True,0.0,False,99.23843786452296,3.1379001321571267,-0.02858422165107173,29.768809543606306,False,True,0.005137565697637609,True,False,64.15414200401638,-2.0,91.1130620676809,-2.0,61.14612950517829,4.126738830311182,0.0,0.0,0.0,0.0,0.0,0.0,0.0,0.0,0.0,0.0,0.0,0.0,0.0,0.0
4,35,-0.22046551940894807,-3.7566203529006517,9.785312078477403,0.13644984355661902,change_to_right,False,13.16,False,513.5304985091038,2.111769536864928,444.812622009072,1.0528682565410534,False,True,True,True,True,False,True,True,0.0,False,102.45854241833743,3.042849119630081,-0.05549131065815808,29.754773678665114,False,True,-0.11722431252807128,True,False,65.32414200401642,-2.0,92.28306206768094,-2.0,59.32813819859295,5.489761546251555,0.0,0.0,0.0,0.0,0.0,0.0,0.0,0.0,0.0,0.0,0.0,0.0,0.0,0.0
4,36,-0.03256650909291588,-2.6948184376469735,9.806976683273739,0.015143328606850763,cruise,False,13.55,False,610.8470612506782,2.0234553671129687,314.55345146615485,0.9755685309631283,False,True,True,False,True,False,True,True,0.0,False,105.64057172588525,2.6843159700223684,-0.1738651834060426,29.754773678665114,False,False,-0.11722431252807128,True,False,66.49414200401647,-2.0,93.45306206768099,-2.0,59.04787137655982,6.321796987319474,0.0,0.0,0.0,0.0,0.0,0.0,0.0,0.0,0.0,0.0,0.0,0.0,0.0,0.0
4,37,-0.04301331416205004,-2.6566651683753917,9.795086871602836,0.001728635775938261,cruise,False,13.93,False,677.9731094449428,1.9174937200797615,48.394419921731725,0.7591684705689795,False,True,True,False,True,False,True,True,0.0,False,108.5961639168206,1.9882373913567604,-0.29075943801832954,29.754773678665114,False,False,-0.11722431252807128,True,False,67.60414200401651,-2.0,94.56306206768103,-2.0,58.744418886014145,7.666039776353595,0.0,0.0,0.0,0.0,0.0,0.0,0.0,0.0,0.0,0.0,0.0,0.0,0.0,0.0
4,38,-0.04534669982302637,-2.656176931094232,9.793787483735828,5.840159546744802e-05,cruise,False,14.31,False,0.0,0.0,0.0,0.0,False,True,True,False,True,False,True,True,0.0,False,111.52562907083528,0.9193963540876273,-0.41091166507365173,29.754773678665114,False,False,-0.11722431252807128,True,False,68.74414200401655,-2.0,95.70306206768107,-2.0,57.88073950874678,9.083037963176336,0.0,0.0,0.0,0.0,0.0,0.0,0.0,0.0,0.0,0.0,0.0,0.0,0.0,0.0
