action,curr_lane,free_E,free_NE,free_NW,free_SE,free_SW,free_W,latent_collision,iaction,probability,elapsed_time,group_id,ranking,potential_crash_before_intervention,potential_crash_after_intervention,best_intervention
keep,False,False,False,False,False,False,False,True,swerve_left,0.500043624104189,3.30642604827881,1,1,False,False,*
keep,False,False,False,False,False,False,False,True,swerve_right,0.50004362410419,3.27143454551697,1,2,False,False,
keep,False,False,False,False,False,False,False,True,keep,0.587466326537227,3.27709364891052,1,3,False,True,
keep,False,False,False,False,False,False,False,True,cruise,0.999087857315999,3.26145172119141,1,4,False,True,
keep,False,False,False,False,False,False,False,True,change_to_right,0.999087857315999,3.24570560455322,1,5,False,True,
keep,False,False,False,False,False,False,False,True,change_to_left,0.999087857316,3.26581168174744,1,6,False,True,
keep,False,False,False,False,False,False,True,True,swerve_left,0.000999481184801,3.26093196868896,2,1,False,False,*
keep,False,False,False,False,False,False,True,True,keep,0.001480626831661,3.26006698608398,2,2,False,True,
keep,False,False,False,False,False,False,True,True,swerve_right,0.500120346345699,3.30469083786011,2,3,False,False,
keep,False,False,False,False,False,False,True,True,change_to_left,0.999219246255583,3.27878904342651,2,4,False,True,
keep,False,False,False,False,False,False,True,True,change_to_right,0.999219246255583,3.24996161460876,2,4,False,True,
keep,False,False,False,False,False,False,True,True,cruise,0.999219500042559,3.29279613494873,2,5,False,True,
keep,False,False,False,False,False,True,False,True,swerve_right,0.500043624104189,3.34613442420959,3,1,False,False,*
keep,False,False,False,False,False,True,False,True,swerve_left,0.50004362410419,3.24099898338318,3,2,False,False,
keep,False,False,False,False,False,True,False,True,keep,0.587466326537227,3.30544328689575,3,3,False,True,
keep,False,False,False,False,False,True,False,True,change_to_left,0.999087857315999,3.26650476455688,3,4,False,True,
keep,False,False,False,False,False,True,False,True,change_to_right,0.999087857315999,3.23750376701355,3,4,False,True,
keep,False,False,False,False,False,True,False,True,cruise,0.999087857315999,3.2662935256958,3,4,False,True,
keep,False,False,False,False,False,True,True,True,swerve_left,0.001006913986821,3.27535176277161,4,1,False,False,*
keep,False,False,False,False,False,True,True,True,keep,0.008935734631185,3.29099655151367,4,2,False,True,
keep,False,False,False,False,False,True,True,True,swerve_right,0.501983192815891,3.29959845542908,4,3,False,False,
keep,False,False,False,False,False,True,True,True,change_to_left,0.999261698226203,3.26996612548828,4,4,False,True,
keep,False,False,False,False,False,True,True,True,change_to_right,0.999270215705175,3.29601812362671,4,5,False,True,
keep,False,False,False,False,False,True,True,True,cruise,0.999419448051767,3.29274153709412,4,6,False,True,
keep,False,False,False,False,True,False,False,True,swerve_left,0.50004362410419,3.36837267875671,5,1,False,False,
keep,False,False,False,False,True,False,False,True,swerve_right,0.50004362410419,3.27914452552795,5,1,False,False,*
keep,False,False,False,False,True,False,False,True,keep,0.587466326537227,3.38842964172363,5,2,False,True,
keep,False,False,False,False,True,False,False,True,change_to_left,0.999087857315999,3.23775815963745,5,3,False,True,
keep,False,False,False,False,True,False,False,True,cruise,0.999087857315999,3.43470621109009,5,3,False,True,
keep,False,False,False,False,True,False,False,True,change_to_right,0.999087857315999,3.43090105056763,5,4,False,True,
keep,False,False,False,False,True,False,True,True,swerve_left,0.000999462644495,3.27513909339905,6,1,False,False,*
keep,False,False,False,False,True,False,True,True,keep,0.001462030886249,3.27169322967529,6,2,False,True,
keep,False,False,False,False,True,False,True,True,swerve_right,0.500115699680325,3.29020094871521,6,3,False,False,
keep,False,False,False,False,True,False,True,True,change_to_right,0.999213798497997,3.3028130531311,6,4,False,True,
keep,False,False,False,False,True,False,True,True,cruise,0.999216167291433,3.25397205352783,6,5,False,True,
keep,False,False,False,False,True,False,True,True,change_to_left,0.999220828260754,3.27888560295105,6,6,False,True,
keep,False,False,False,False,True,True,False,True,swerve_left,0.500043624104189,3.29891300201416,7,1,False,False,*
keep,False,False,False,False,True,True,False,True,swerve_right,0.50004362410419,3.27491140365601,7,2,False,False,
keep,False,False,False,False,True,True,False,True,keep,0.587466326537227,3.25679564476013,7,3,False,True,
keep,False,False,False,False,True,True,False,True,change_to_left,0.999087857315999,3.26459050178528,7,4,False,True,
keep,False,False,False,False,True,True,False,True,change_to_right,0.999087857315999,3.29205274581909,7,5,False,True,
keep,False,False,False,False,True,True,False,True,cruise,0.999087857315999,3.29698586463928,7,5,False,True,
keep,False,False,False,False,True,True,True,True,swerve_left,0.000999376746974,3.31573796272278,8,1,False,False,*
keep,False,False,False,False,True,True,True,True,keep,0.004101069265414,3.2529149055481,8,2,False,True,
keep,False,False,False,False,True,True,True,True,swerve_right,0.500775904631105,3.25475525856018,8,3,False,False,
keep,False,False,False,False,True,True,True,True,change_to_right,0.999258819126663,3.28049254417419,8,4,False,True,
keep,False,False,False,False,True,True,True,True,change_to_left,0.999262901471119,3.29640913009644,8,5,False,True,
keep,False,False,False,False,True,True,True,True,cruise,0.999385288074647,3.29608821868896,8,6,False,True,
cruise,False,False,False,True,False,False,False,True,keep,0.500035934835574,3.26108932495117,9,1,False,False,*
cruise,False,False,False,True,False,False,False,True,swerve_left,0.500035934835574,3.26642274856567,9,1,False,False,
cruise,False,False,False,True,False,False,False,True,swerve_right,0.500035934835574,3.26055645942688,9,1,False,False,
cruise,False,False,False,True,False,False,False,True,cruise,0.572121217623375,3.28202033042908,9,2,False,True,
cruise,False,False,False,True,False,False,False,True,change_to_left,0.999143670366424,3.26514577865601,9,3,False,True,
cruise,False,False,False,True,False,False,False,True,change_to_right,0.999143670366424,3.24376821517944,9,3,False,True,
keep,False,False,False,True,False,False,False,True,cruise,0.500035934835574,3.26613020896912,10,1,False,False,
keep,False,False,False,True,False,False,False,True,swerve_left,0.500035934835574,3.25545430183411,10,1,False,False,
keep,False,False,False,True,False,False,False,True,swerve_right,0.500035934835574,3.23148417472839,10,1,False,False,*
keep,False,False,False,True,False,False,False,True,keep,0.572121217623375,3.23942279815674,10,2,False,True,
keep,False,False,False,True,False,False,False,True,change_to_left,0.999143670366424,3.25407576560974,10,3,False,True,
keep,False,False,False,True,False,False,False,True,change_to_right,0.999143670366424,3.24059271812439,10,3,False,True,
cruise,False,False,False,True,False,False,True,True,keep,0.00099909804589,3.30137085914612,11,1,False,False,*
cruise,False,False,False,True,False,False,True,True,swerve_left,0.00099909804589,3.24379014968872,11,2,False,False,
cruise,False,False,False,True,False,False,True,True,cruise,0.001654885053873,3.25386738777161,11,3,False,True,
cruise,False,False,False,True,False,False,True,True,swerve_right,0.500164052958003,3.28625130653381,11,4,False,False,
cruise,False,False,False,True,False,False,True,True,change_to_right,0.999386043892286,3.25266146659851,11,5,False,True,
cruise,False,False,False,True,False,False,True,True,change_to_left,0.999386288533901,3.26351428031921,11,6,False,True,
keep,False,False,False,True,False,False,True,True,swerve_left,0.000999098004485,3.25860857963562,12,1,False,False,*
keep,False,False,False,True,False,False,True,True,cruise,0.001168026324022,3.23670482635498,12,2,False,False,
keep,False,False,False,True,False,False,True,True,keep,0.001654605217407,3.26724171638489,12,3,False,True,
keep,False,False,False,True,False,False,True,True,swerve_right,0.500163982963924,3.28997993469238,12,4,False,False,
keep,False,False,False,True,False,False,True,True,change_to_right,0.999385879611234,3.31175780296326,12,5,False,True,
keep,False,False,False,True,False,False,True,True,change_to_left,0.999386124148472,3.27377414703369,12,6,False,True,
cruise,False,False,False,True,False,True,False,True,swerve_left,0.500035934835574,3.27753734588623,13,1,False,False,*
cruise,False,False,False,True,False,True,False,True,swerve_right,0.500035934835574,3.28335356712341,13,1,False,False,
cruise,False,False,False,True,False,True,False,True,keep,0.500035934835574,3.29197001457214,13,2,False,False,
cruise,False,False,False,True,False,True,False,True,cruise,0.572121217623375,3.26764273643494,13,3,False,True,
cruise,False,False,False,True,False,True,False,True,change_to_left,0.999143670366424,3.26564741134644,13,4,False,True,
cruise,False,False,False,True,False,True,False,True,change_to_right,0.999143670366424,3.31143164634705,13,4,False,True,
keep,False,False,False,True,False,True,False,True,cruise,0.500035934835574,3.27364993095398,14,1,False,False,*
keep,False,False,False,True,False,True,False,True,swerve_left,0.500035934835574,3.2748920917511,14,1,False,False,
keep,False,False,False,True,False,True,False,True,swerve_right,0.500035934835574,3.27567076683044,14,1,False,False,
keep,False,False,False,True,False,True,False,True,keep,0.572121217623375,3.27077198028564,14,2,False,True,
keep,False,False,False,True,False,True,False,True,change_to_left,0.999143670366424,3.27589154243469,14,3,False,True,
keep,False,False,False,True,False,True,False,True,change_to_right,0.999143670366424,3.27824258804321,14,4,False,True,
cruise,False,False,False,True,False,True,True,True,keep,0.00100109796708,3.27239489555359,15,1,False,False,*
cruise,False,False,False,True,False,True,True,True,swerve_left,0.001001697101108,3.30957555770874,15,2,False,False,
cruise,False,False,False,True,False,True,True,True,cruise,0.003804802136886,3.27190184593201,15,3,False,True,
cruise,False,False,False,True,False,True,True,True,swerve_right,0.500701800834089,3.26551246643066,15,4,False,False,
cruise,False,False,False,True,False,True,True,True,change_to_right,0.999433528161841,3.28216314315796,15,5,False,True,
cruise,False,False,False,True,False,True,True,True,change_to_left,0.999486866885617,3.26463508605957,15,6,False,True,
keep,False,False,False,True,False,True,True,True,swerve_left,0.00100168978029,3.30867600440979,16,1,False,False,*
keep,False,False,False,True,False,True,True,True,cruise,0.00300148121823,3.28768682479858,16,2,False,False,
keep,False,False,False,True,False,True,True,True,keep,0.003797183447363,3.25993967056274,16,3,False,True,
keep,False,False,False,True,False,True,True,True,swerve_right,0.500699895209848,3.26200604438782,16,4,False,False,
keep,False,False,False,True,False,True,True,True,change_to_right,0.999432353703063,3.25811815261841,16,5,False,True,
keep,False,False,False,True,False,True,True,True,change_to_left,0.999485547594344,3.30592918395996,16,6,False,True,
cruise,False,False,False,True,True,False,False,True,keep,0.500035934835574,3.26235127449036,17,1,False,False,
cruise,False,False,False,True,True,False,False,True,swerve_left,0.500035934835574,3.31149864196777,17,1,False,False,
cruise,False,False,False,True,True,False,False,True,swerve_right,0.500035934835574,3.27013254165649,17,1,False,False,*
cruise,False,False,False,True,True,False,False,True,cruise,0.572121217623375,3.26567125320435,17,2,False,True,
cruise,False,False,False,True,True,False,False,True,change_to_right,0.999143670366424,3.24918723106384,17,3,False,True,
cruise,False,False,False,True,True,False,False,True,change_to_left,0.999143670366424,3.26848578453064,17,4,False,True,
keep,False,False,False,True,True,False,False,True,cruise,0.500035934835574,3.28937649726868,18,1,False,False,
keep,False,False,False,True,True,False,False,True,swerve_left,0.500035934835574,3.26578998565674,18,1,False,False,*
keep,False,False,False,True,True,False,False,True,swerve_right,0.500035934835574,3.26520705223083,18,1,False,False,
keep,False,False,False,True,True,False,False,True,keep,0.572121217623375,3.26340675354004,18,2,False,True,
keep,False,False,False,True,True,False,False,True,change_to_left,0.999143670366424,3.29291558265686,18,3,False,True,
keep,False,False,False,True,True,False,False,True,change_to_right,0.999143670366424,3.28290748596191,18,4,False,True,
cruise,False,False,False,True,True,False,True,True,keep,0.001000496177858,3.29397630691528,19,1,False,False,
cruise,False,False,False,True,True,False,True,True,swerve_left,0.001000496177858,3.26426219940186,19,1,False,False,*
cruise,False,False,False,True,True,False,True,True,cruise,0.002500162519011,3.28828811645508,19,2,False,True,
cruise,False,False,False,True,True,False,True,True,swerve_right,0.50037472885776,3.29583740234375,19,3,False,False,
cruise,False,False,False,True,True,False,True,True,change_to_right,0.999411808983144,3.27195310592651,19,4,False,True,
cruise,False,False,False,True,True,False,True,True,change_to_left,0.999459868785255,3.26878309249878,19,5,False,True,
keep,False,False,False,True,True,False,True,True,swerve_left,0.001000494136282,3.24951529502869,20,1,False,False,*
keep,False,False,False,True,True,False,True,True,cruise,0.001819520904882,3.26004123687744,20,2,False,False,
keep,False,False,False,True,True,False,True,True,keep,0.002498112773323,3.29522895812988,20,3,False,True,
keep,False,False,False,True,True,False,True,True,swerve_right,0.500374217188063,3.29207372665405,20,4,False,False,
keep,False,False,False,True,True,False,True,True,change_to_right,0.999411248048208,3.27537131309509,20,5,False,True,
keep,False,False,False,True,True,False,True,True,change_to_left,0.999459242227551,3.24370431900024,20,6,False,True,
cruise,False,False,False,True,True,True,False,True,keep,0.500035934835574,3.29508137702942,21,1,False,False,
cruise,False,False,False,True,True,True,False,True,swerve_left,0.500035934835574,3.28203654289246,21,1,False,False,*
cruise,False,False,False,True,True,True,False,True,swerve_right,0.500035934835574,3.30382490158081,21,1,False,False,
cruise,False,False,False,True,True,True,False,True,cruise,0.572121217623375,3.26303720474243,21,2,False,True,
cruise,False,False,False,True,True,True,False,True,change_to_left,0.999143670366424,3.2594678401947,21,3,False,True,
cruise,False,False,False,True,True,True,False,True,change_to_right,0.999143670366424,3.28958368301392,21,4,False,True,
keep,False,False,False,True,True,True,False,True,cruise,0.500035934835574,3.24859094619751,22,1,False,False,
keep,False,False,False,True,True,True,False,True,swerve_left,0.500035934835574,3.23027300834656,22,1,False,False,*
keep,False,False,False,True,True,True,False,True,swerve_right,0.500035934835574,3.27744722366333,22,1,False,False,
keep,False,False,False,True,True,True,False,True,keep,0.572121217623375,3.24905586242676,22,2,False,True,
keep,False,False,False,True,True,True,False,True,change_to_left,0.999143670366424,3.27269244194031,22,3,False,True,
keep,False,False,False,True,True,True,False,True,change_to_right,0.999143670366424,3.28721451759338,22,4,False,True,
cruise,False,False,False,True,True,True,True,True,swerve_left,0.001003588785604,3.29538369178772,23,1,False,False,*
cruise,False,False,False,True,True,True,True,True,keep,0.001005535123327,3.23917460441589,23,2,False,False,
cruise,False,False,False,True,True,True,True,True,cruise,0.0039244774911,3.30366253852844,23,3,False,True,
cruise,False,False,False,True,True,True,True,True,swerve_right,0.500731734624586,3.23786020278931,23,4,False,False,
cruise,False,False,False,True,True,True,True,True,change_to_right,0.999395416919262,3.2751190662384,23,5,False,True,
cruise,False,False,False,True,True,True,True,True,change_to_left,0.999528562509759,3.24769711494446,23,6,False,True,
keep,False,False,False,True,True,True,True,True,swerve_left,0.001003575829716,3.29494118690491,24,1,False,False,*
keep,False,False,False,True,True,True,True,True,cruise,0.003108548049426,3.30551791191101,24,2,False,False,
keep,False,False,False,True,True,True,True,True,keep,0.003916215956945,3.24713516235352,24,3,False,True,
keep,False,False,False,True,True,True,True,True,swerve_right,0.500729668208871,3.23213648796082,24,4,False,False,
keep,False,False,False,True,True,True,True,True,change_to_right,0.999394303087426,3.29033184051514,24,5,False,True,
keep,False,False,False,True,True,True,True,True,change_to_left,0.999527072675298,3.2810001373291,24,6,False,True,
keep,False,False,True,False,False,False,False,True,keep,0.001422019525372,3.28239464759827,25,1,False,True,*
keep,False,False,True,False,False,False,False,True,swerve_left,0.500105596397734,3.28064322471619,25,2,False,False,
keep,False,False,True,False,False,False,False,True,swerve_right,0.500105596397734,3.26600575447083,25,2,False,False,
keep,False,False,True,False,False,False,False,True,cruise,0.999211246602349,3.27636861801147,25,3,False,True,
keep,False,False,True,False,False,False,False,True,change_to_left,0.999211246602349,3.292560338974,25,4,False,True,
keep,False,False,True,False,False,False,False,True,change_to_right,0.99921124660235,3.24340844154358,25,5,False,True,
keep,False,False,True,False,False,False,True,True,swerve_left,0.000999432434112,3.28730416297913,26,1,False,False,*
keep,False,False,True,False,False,False,True,True,keep,0.001431729842567,3.28376626968384,26,2,False,True,
keep,False,False,True,False,False,False,True,True,swerve_right,0.500108128201309,3.24618792533875,26,3,False,False,
keep,False,False,True,False,False,False,True,True,change_to_left,0.999212757450994,3.27648997306824,26,4,False,True,
keep,False,False,True,False,False,False,True,True,change_to_right,0.999212757450994,3.27209734916687,26,4,False,True,
keep,False,False,True,False,False,False,True,True,cruise,0.999212757450995,3.29642248153687,26,5,False,True,
keep,False,False,True,False,False,True,False,True,keep,0.001422019327285,3.30262017250061,27,1,False,True,*
keep,False,False,True,False,False,True,False,True,swerve_left,0.500105596348286,3.28497910499573,27,2,False,False,
keep,False,False,True,False,False,True,False,True,swerve_right,0.500105596348286,3.27934002876282,27,2,False,False,
keep,False,False,True,False,False,True,False,True,change_to_left,0.999211036894294,3.29252815246582,27,3,False,True,
keep,False,False,True,False,False,True,False,True,cruise,0.999211036894294,3.31878232955933,27,3,False,True,
keep,False,False,True,False,False,True,False,True,change_to_right,0.999211666139799,3.28644037246704,27,4,False,True,
keep,False,False,True,False,False,True,True,True,swerve_left,0.001001894039759,3.23125410079956,28,1,False,False,*
keep,False,False,True,False,False,True,True,True,keep,0.003900722748366,3.2879114151001,28,2,False,True,
keep,False,False,True,False,False,True,True,True,swerve_right,0.500725068270209,3.28180360794067,28,3,False,False,
keep,False,False,True,False,False,True,True,True,change_to_left,0.999230136816863,3.28394293785095,28,4,False,True,
keep,False,False,True,False,False,True,True,True,change_to_right,0.999309117302603,3.29462313652039,28,5,False,True,
keep,False,False,True,False,False,True,True,True,cruise,0.999362589568681,3.2558262348175,28,6,False,True,
keep,False,False,True,False,True,False,False,True,keep,0.001422019525372,3.30006694793701,29,1,False,True,*
keep,False,False,True,False,True,False,False,True,swerve_left,0.500105596397734,3.24939632415771,29,2,False,False,
keep,False,False,True,False,True,False,False,True,swerve_right,0.500105596397734,3.28993797302246,29,2,False,False,
keep,False,False,True,False,True,False,False,True,change_to_right,0.999211246602349,3.26279377937317,29,3,False,True,
keep,False,False,True,False,True,False,False,True,cruise,0.999211246602349,3.24244809150696,29,4,False,True,
keep,False,False,True,False,True,False,False,True,change_to_left,0.999211246602349,3.23274922370911,29,5,False,True,
keep,False,False,True,False,True,False,True,True,swerve_left,0.000999422396863,3.23853182792664,30,1,False,False,*
keep,False,False,True,False,True,False,True,True,keep,0.001421662471118,3.28113961219788,30,2,False,True,
keep,False,False,True,False,True,False,True,True,swerve_right,0.500105612614966,3.25696277618408,30,3,False,False,
keep,False,False,True,False,True,False,True,True,change_to_left,0.999211299165934,3.25078058242798,30,4,False,True,
keep,False,False,True,False,True,False,True,True,change_to_right,0.999211299165934,3.2932116985321,30,5,False,True,
keep,False,False,True,False,True,False,True,True,cruise,0.999211299165934,3.25792551040649,30,5,False,True,
keep,False,False,True,False,True,True,False,True,keep,0.00142243923763,3.25027894973755,31,1,False,True,*
keep,False,False,True,False,True,True,False,True,swerve_left,0.500105806709645,3.30169057846069,31,2,False,False,
keep,False,False,True,False,True,True,False,True,swerve_right,0.500105806709645,3.24737906455994,31,2,False,False,
keep,False,False,True,False,True,True,False,True,change_to_left,0.999211307825999,3.28341436386108,31,3,False,True,
keep,False,False,True,False,True,True,False,True,change_to_right,0.999211307825999,3.3239951133728,31,3,False,True,
keep,False,False,True,False,True,True,False,True,cruise,0.999211307825999,3.30202841758728,31,3,False,True,
keep,False,False,True,False,True,True,True,True,swerve_left,0.001000370199622,3.27466678619385,32,1,False,False,*
keep,False,False,True,False,True,True,True,True,keep,0.002372230872813,3.30096912384033,32,2,False,True,
keep,False,False,True,False,True,True,True,True,swerve_right,0.500343155750425,3.24704670906067,32,3,False,False,
keep,False,False,True,False,True,True,True,True,change_to_left,0.999230847835858,3.28469753265381,32,4,False,True,
keep,False,False,True,False,True,True,True,True,change_to_right,0.999255788190022,3.26949381828308,32,5,False,True,
keep,False,False,True,False,True,True,True,True,cruise,0.999339274988413,3.27780246734619,32,6,False,True,
cruise,False,False,True,True,False,False,False,True,cruise,0.001335324754229,3.28254818916321,33,1,False,True,*
cruise,False,False,True,True,False,False,False,True,keep,0.500083871466215,3.25212216377258,33,2,False,False,
cruise,False,False,True,True,False,False,False,True,swerve_left,0.500083871466215,3.29302668571472,33,2,False,False,
cruise,False,False,True,True,False,False,False,True,swerve_right,0.500083871466215,3.26036834716797,33,3,False,False,
cruise,False,False,True,True,False,False,False,True,change_to_left,0.999333461569103,3.28826498985291,33,4,False,True,
cruise,False,False,True,True,False,False,False,True,change_to_right,0.999334521045964,3.26274466514587,33,5,False,True,
keep,False,False,True,True,False,False,False,True,cruise,0.000999144462482,3.30902719497681,34,1,False,False,*
keep,False,False,True,True,False,False,False,True,swerve_left,0.500035955257708,3.26632404327393,34,2,False,False,
keep,False,False,True,True,False,False,False,True,swerve_right,0.500035955257708,3.26771450042725,34,2,False,False,
keep,False,False,True,True,False,False,False,True,keep,0.572162204849034,3.2710108757019,34,3,False,True,
keep,False,False,True,True,False,False,False,True,change_to_left,0.999143524531104,3.28710985183716,34,4,False,True,
keep,False,False,True,True,False,False,False,True,change_to_right,0.999143978723278,3.28133368492126,34,5,False,True,
cruise,False,False,True,True,False,False,True,True,keep,0.000999308868755,3.28981614112854,35,1,False,False,*
cruise,False,False,True,True,False,False,True,True,swerve_left,0.000999737833007,3.27458357810974,35,2,False,False,
cruise,False,False,True,True,False,False,True,True,cruise,0.001738045237098,3.29220819473267,35,3,False,True,
cruise,False,False,True,True,False,False,True,True,swerve_right,0.500184668818402,3.28751254081726,35,4,False,False,
cruise,False,False,True,True,False,False,True,True,change_to_left,0.999393978234718,3.27391672134399,35,5,False,True,
cruise,False,False,True,True,False,False,True,True,change_to_right,0.999394942174483,3.2816333770752,35,6,False,True,
keep,False,False,True,True,False,False,True,True,swerve_left,0.000999737446817,3.2665753364563,36,1,False,False,*
keep,False,False,True,True,False,False,True,True,cruise,0.001221950941852,3.286869764328,36,2,False,False,
keep,False,False,True,True,False,False,True,True,keep,0.001737657888022,3.28104138374329,36,3,False,True,
keep,False,False,True,True,False,False,True,True,swerve_right,0.500184572029478,3.41482400894165,36,4,False,False,
keep,False,False,True,True,False,False,True,True,change_to_left,0.999393772266323,3.29099011421204,36,5,False,True,
keep,False,False,True,True,False,False,True,True,change_to_right,0.999394735700866,3.30528831481934,36,6,False,True,
cruise,False,False,True,True,False,True,False,True,cruise,0.001334615740606,3.34880399703979,37,1,False,True,*
cruise,False,False,True,True,False,True,False,True,keep,0.500083778145657,3.39173126220703,37,2,False,False,
cruise,False,False,True,True,False,True,False,True,swerve_left,0.500083778145657,3.36922430992126,37,3,False,False,
cruise,False,False,True,True,False,True,False,True,swerve_right,0.500083778145657,3.40806841850281,37,3,False,False,
cruise,False,False,True,True,False,True,False,True,change_to_right,0.999333816211859,3.41726994514465,37,4,False,True,
cruise,False,False,True,True,False,True,False,True,change_to_left,0.99933381621186,3.37482833862305,37,5,False,True,
keep,False,False,True,True,False,True,False,True,cruise,0.000999029663537,3.37963938713074,38,1,False,False,*
keep,False,False,True,True,False,True,False,True,swerve_left,0.5000359262028,3.35637187957764,38,2,False,False,
keep,False,False,True,True,False,True,False,True,swerve_right,0.5000359262028,3.38833904266357,38,2,False,False,
keep,False,False,True,True,False,True,False,True,keep,0.572032034667266,3.39123749732971,38,3,False,True,
keep,False,False,True,True,False,True,False,True,change_to_left,0.99914372006892,3.38990163803101,38,4,False,True,
keep,False,False,True,True,False,True,False,True,change_to_right,0.99914372006892,3.41312551498413,38,4,False,True,
cruise,False,False,True,True,False,True,True,True,keep,0.001003469449297,3.38228511810303,39,1,False,False,*
cruise,False,False,True,True,False,True,True,True,swerve_left,0.001004712509083,3.43687438964844,39,2,False,False,
cruise,False,False,True,True,False,True,True,True,cruise,0.005480713681297,3.41615295410156,39,3,False,True,
cruise,False,False,True,True,False,True,True,True,swerve_right,0.501119905402147,3.37235856056213,39,4,False,False,
cruise,False,False,True,True,False,True,True,True,change_to_left,0.999405951589831,3.36947631835938,39,5,False,True,
cruise,False,False,True,True,False,True,True,True,change_to_right,0.999538281605162,3.39540576934814,39,6,False,True,
keep,False,False,True,True,False,True,True,True,swerve_left,0.001004687381288,3.42543530464172,40,1,False,False,*
keep,False,False,True,True,False,True,True,True,cruise,0.004597438952557,3.42649173736572,40,2,False,False,
keep,False,False,True,True,False,True,True,True,keep,0.005460996377759,3.37725210189819,40,3,False,True,
keep,False,False,True,True,False,True,True,True,swerve_right,0.501114978376182,3.37338662147522,40,4,False,False,
keep,False,False,True,True,False,True,True,True,change_to_left,0.999404170004535,3.4451379776001,40,5,False,True,
keep,False,False,True,True,False,True,True,True,change_to_right,0.999535917833709,3.38538908958435,40,6,False,True,
cruise,False,False,True,True,True,False,False,True,cruise,0.001335325107601,3.4241304397583,41,1,False,True,*
cruise,False,False,True,True,True,False,False,True,keep,0.500083871554338,3.37318325042725,41,2,False,False,
cruise,False,False,True,True,True,False,False,True,swerve_left,0.500083871554338,3.40898156166077,41,2,False,False,
cruise,False,False,True,True,True,False,False,True,swerve_right,0.500083871554338,3.37159967422485,41,2,False,False,
cruise,False,False,True,True,True,False,False,True,change_to_left,0.999333858729909,3.39676809310913,41,3,False,True,
cruise,False,False,True,True,True,False,False,True,change_to_right,0.999334123665728,3.38293361663818,41,4,False,True,
keep,False,False,True,True,True,False,False,True,cruise,0.000999144462611,3.4104425907135,42,1,False,False,*
keep,False,False,True,True,True,False,False,True,swerve_left,0.50003595529005,3.40018844604492,42,2,False,False,
keep,False,False,True,True,True,False,False,True,swerve_right,0.50003595529005,3.36355686187744,42,2,False,False,
keep,False,False,True,True,True,False,False,True,keep,0.572162269759107,3.38100028038025,42,3,False,True,
keep,False,False,True,True,True,False,False,True,change_to_left,0.999143694770285,3.4068808555603,42,4,False,True,
keep,False,False,True,True,True,False,False,True,change_to_right,0.999143808346864,3.35999536514282,42,5,False,True,
cruise,False,False,True,True,True,False,True,True,keep,0.000999712403837,3.4123387336731,43,1,False,False,
cruise,False,False,True,True,True,False,True,True,swerve_left,0.000999712403837,3.37738180160522,43,1,False,False,*
cruise,False,False,True,True,True,False,True,True,cruise,0.001713251856196,3.39603400230408,43,2,False,True,
cruise,False,False,True,True,True,False,True,True,swerve_right,0.500178295542556,3.45234847068787,43,3,False,False,
cruise,False,False,True,True,True,False,True,True,change_to_right,0.99938947785337,3.36467552185059,43,4,False,True,
cruise,False,False,True,True,True,False,True,True,change_to_left,0.999394779087659,3.40206527709961,43,5,False,True,
keep,False,False,True,True,True,False,True,True,swerve_left,0.000999712053342,3.36013293266296,44,1,False,False,*
keep,False,False,True,True,True,False,True,True,cruise,0.001204904611952,3.36697125434875,44,2,False,False,
keep,False,False,True,True,True,False,True,True,keep,0.001712899958468,3.39805150032043,44,3,False,True,
keep,False,False,True,True,True,False,True,True,swerve_right,0.500178207699755,3.41566348075867,44,4,False,False,
keep,False,False,True,True,True,False,True,True,change_to_right,0.999389286457766,3.41276502609253,44,5,False,True,
keep,False,False,True,True,True,False,True,True,change_to_left,0.999394585080238,3.36708211898804,44,6,False,True,
cruise,False,False,True,True,True,True,False,True,cruise,0.001335325035834,3.38444185256958,45,1,False,True,*
cruise,False,False,True,True,True,True,False,True,swerve_left,0.500083871536441,3.36861443519592,45,2,False,False,
cruise,False,False,True,True,True,True,False,True,keep,0.500083871536441,3.41956663131714,45,3,False,False,
cruise,False,False,True,True,True,True,False,True,swerve_right,0.500083871536441,3.40872073173523,45,3,False,False,
cruise,False,False,True,True,True,True,False,True,change_to_left,0.999333991167079,3.3592894077301,45,4,False,True,
cruise,False,False,True,True,True,True,False,True,change_to_right,0.999333991167079,3.39176058769226,45,4,False,True,
keep,False,False,True,True,True,True,False,True,cruise,0.000999144462584,3.37002325057983,46,1,False,False,*
keep,False,False,True,True,True,True,False,True,swerve_right,0.500035955283482,3.39629507064819,46,2,False,False,
keep,False,False,True,True,True,True,False,True,swerve_left,0.500035955283482,3.37079215049744,46,3,False,False,
keep,False,False,True,True,True,True,False,True,keep,0.572162256576532,3.39201903343201,46,4,False,True,
keep,False,False,True,True,True,True,False,True,change_to_right,0.99914375154978,3.39266753196716,46,5,False,True,
keep,False,False,True,True,True,True,False,True,change_to_left,0.99914375154978,3.37880373001099,46,6,False,True,
cruise,False,False,True,True,True,True,True,True,swerve_left,0.001002342759209,3.41873478889465,47,1,False,False,*
cruise,False,False,True,True,True,True,True,True,keep,0.001004732743366,3.35783004760742,47,2,False,False,
cruise,False,False,True,True,True,True,True,True,cruise,0.004350478840861,3.4119119644165,47,3,False,True,
cruise,False,False,True,True,True,True,True,True,swerve_right,0.500837528648818,3.36213874816895,47,4,False,False,
cruise,False,False,True,True,True,True,True,True,change_to_right,0.999460186559924,3.41144728660583,47,5,False,True,
cruise,False,False,True,True,True,True,True,True,change_to_left,0.999470025319332,3.34868764877319,47,6,False,True,
keep,False,False,True,True,True,True,True,True,swerve_left,0.00100233186735,3.39678955078125,48,1,False,False,*
keep,False,False,True,True,True,True,True,True,cruise,0.003513090963634,3.39151930809021,48,2,False,False,
keep,False,False,True,True,True,True,True,True,keep,0.004339555306266,3.37940382957458,48,3,False,True,
keep,False,False,True,True,True,True,True,True,swerve_right,0.500834798875982,3.35106706619263,48,4,False,False,
keep,False,False,True,True,True,True,True,True,change_to_right,0.999458689924556,3.38001775741577,48,5,False,True,
keep,False,False,True,True,True,True,True,True,change_to_left,0.99946849661631,3.425217628479,48,6,False,True,
keep,False,True,False,False,False,False,False,True,swerve_left,0.500043624104189,3.38338398933411,49,1,False,False,*
keep,False,True,False,False,False,False,False,True,swerve_right,0.500043624104189,3.36385178565979,49,1,False,False,
keep,False,True,False,False,False,False,False,True,keep,0.587466326537227,3.36845541000366,49,2,False,True,
keep,False,True,False,False,False,False,False,True,change_to_right,0.999087857315999,3.34954714775085,49,3,False,True,
keep,False,True,False,False,False,False,False,True,cruise,0.999087857315999,3.39781665802002,49,3,False,True,
keep,False,True,False,False,False,False,False,True,change_to_left,0.999087857315999,3.41736912727356,49,4,False,True,
keep,False,True,False,False,False,False,True,True,swerve_left,0.00099942430528,3.39421653747559,50,1,False,False,*
keep,False,True,False,False,False,False,True,True,keep,0.001423576615944,3.4006495475769,50,2,False,True,
keep,False,True,False,False,False,False,True,True,swerve_right,0.500106090912266,3.36715340614319,50,3,False,False,
keep,False,True,False,False,False,False,True,True,change_to_left,0.99921141149875,3.40436410903931,50,4,False,True,
keep,False,True,False,False,False,False,True,True,cruise,0.99921141149875,3.39536690711975,50,4,False,True,
keep,False,True,False,False,False,False,True,True,change_to_right,0.999211915386888,3.37411260604858,50,5,False,True,
keep,False,True,False,False,False,True,False,True,swerve_right,0.500043624104189,3.41709041595459,51,1,False,False,*
keep,False,True,False,False,False,True,False,True,swerve_left,0.50004362410419,3.37792825698853,51,2,False,False,
keep,False,True,False,False,False,True,False,True,keep,0.587466326537227,3.42331504821777,51,3,False,True,
keep,False,True,False,False,False,True,False,True,change_to_left,0.999087857315999,3.39164209365845,51,4,False,True,
keep,False,True,False,False,False,True,False,True,change_to_right,0.999087857315999,3.36720728874207,51,4,False,True,
keep,False,True,False,False,False,True,False,True,cruise,0.999087857315999,3.4065957069397,51,4,False,True,
keep,False,True,False,False,False,True,True,True,swerve_left,0.001012243470514,3.36178874969482,52,1,False,False,*
keep,False,True,False,False,False,True,True,True,keep,0.014281212062085,3.40278625488281,52,2,False,True,
keep,False,True,False,False,False,True,True,True,swerve_right,0.503318894999069,3.39737677574158,52,3,False,False,
keep,False,True,False,False,False,True,True,True,change_to_left,0.999261174541819,3.36407613754272,52,4,False,True,
keep,False,True,False,False,False,True,True,True,change_to_right,0.999327203158767,3.40164685249329,52,5,False,True,
keep,False,True,False,False,False,True,True,True,cruise,0.999369391353626,3.37900972366333,52,6,False,True,
keep,False,True,False,False,True,False,False,True,swerve_left,0.50004362410149,3.4021852016449,53,1,False,False,
keep,False,True,False,False,True,False,False,True,swerve_right,0.50004362410149,3.38532090187073,53,1,False,False,*
keep,False,True,False,False,True,False,False,True,keep,0.587466321123885,3.40438747406006,53,2,False,True,
keep,False,True,False,False,True,False,False,True,change_to_left,0.99908782265042,3.36388444900513,53,3,False,True,
keep,False,True,False,False,True,False,False,True,cruise,0.99908782265042,3.38246750831604,53,3,False,True,
keep,False,True,False,False,True,False,False,True,change_to_right,0.999087926658594,3.41935133934021,53,4,False,True,
keep,False,True,False,False,True,False,True,True,swerve_left,0.000999439744499,3.35769367218018,54,1,False,False,*
keep,False,True,False,False,True,False,True,True,keep,0.001439062167567,3.39574360847473,54,2,False,True,
keep,False,True,False,False,True,False,True,True,swerve_right,0.500109960367404,3.37406730651855,54,3,False,False,
keep,False,True,False,False,True,False,True,True,change_to_left,0.999210852981372,3.35752463340759,54,4,False,True,
keep,False,True,False,False,True,False,True,True,cruise,0.99921490141239,3.36267948150635,54,5,False,True,
keep,False,True,False,False,True,False,True,True,change_to_right,0.99921564292458,3.3957040309906,54,6,False,True,
keep,False,True,False,False,True,True,False,True,swerve_left,0.500043623717291,3.40934586524963,55,1,False,False,
keep,False,True,False,False,True,True,False,True,swerve_right,0.500043623717291,3.39184761047363,55,1,False,False,*
keep,False,True,False,False,True,True,False,True,keep,0.587465550805603,3.37236475944519,55,2,False,True,
keep,False,True,False,False,True,True,False,True,change_to_left,0.999087442441167,3.37154865264893,55,3,False,True,
keep,False,True,False,False,True,True,False,True,cruise,0.999087442441167,3.40421986579895,55,3,False,True,
keep,False,True,False,False,True,True,False,True,change_to_right,0.999088688706333,3.40217542648315,55,4,False,True,
keep,False,True,False,False,True,True,True,True,swerve_left,0.001000036731347,3.44557547569275,56,1,False,False,*
keep,False,True,False,False,True,True,True,True,keep,0.007851524424109,3.3960907459259,56,2,False,True,
keep,False,True,False,False,True,True,True,True,swerve_right,0.501713986993387,3.37015604972839,56,3,False,False,
keep,False,True,False,False,True,True,True,True,change_to_left,0.999252550545535,3.4131338596344,56,4,False,True,
keep,False,True,False,False,True,True,True,True,change_to_right,0.999282223507788,3.37139701843262,56,5,False,True,
keep,False,True,False,False,True,True,True,True,cruise,0.999412524239749,3.39962601661682,56,6,False,True,
cruise,False,True,False,True,False,False,False,True,cruise,0.001335325035834,3.40527987480164,57,1,False,True,*
cruise,False,True,False,True,False,False,False,True,keep,0.500083871536441,3.34518098831177,57,2,False,False,
cruise,False,True,False,True,False,False,False,True,swerve_left,0.500083871536441,3.38556575775146,57,2,False,False,
cruise,False,True,False,True,False,False,False,True,swerve_right,0.500083871536441,3.36808586120605,57,2,False,False,
cruise,False,True,False,True,False,False,False,True,change_to_left,0.999333991167079,3.40487170219421,57,3,False,True,
cruise,False,True,False,True,False,False,False,True,change_to_right,0.99933399116708,3.36551809310913,57,4,False,True,
keep,False,True,False,True,False,False,False,True,cruise,0.000999144462584,3.40110063552856,58,1,False,False,*
keep,False,True,False,True,False,False,False,True,swerve_right,0.500035955283482,3.41073942184448,58,2,False,False,
keep,False,True,False,True,False,False,False,True,swerve_left,0.500035955283482,3.42169117927551,58,3,False,False,
keep,False,True,False,True,False,False,False,True,keep,0.572162256576532,3.37408542633057,58,4,False,True,
keep,False,True,False,True,False,False,False,True,change_to_left,0.99914375154978,3.44811058044434,58,5,False,True,
keep,False,True,False,True,False,False,False,True,change_to_right,0.99914375154978,3.39113283157349,58,6,False,True,
cruise,False,True,False,True,False,False,True,True,swerve_left,0.000999669023798,3.37456727027893,59,1,False,False,*
cruise,False,True,False,True,False,False,True,True,keep,0.000999669023798,3.40719747543335,59,2,False,False,
cruise,False,True,False,True,False,False,True,True,cruise,0.001669698211448,3.41190505027771,59,3,False,True,
cruise,False,True,False,True,False,False,True,True,swerve_right,0.500167423422973,3.43002367019653,59,4,False,False,
cruise,False,True,False,True,False,False,True,True,change_to_right,0.999387500445781,3.39767575263977,59,5,False,True,
cruise,False,True,False,True,False,False,True,True,change_to_left,0.999387988112421,3.39799737930298,59,6,False,True,
keep,False,True,False,True,False,False,True,True,swerve_left,0.000999668729599,3.36666798591614,60,1,False,False,*
keep,False,True,False,True,False,False,True,True,cruise,0.001176396538659,3.39340114593506,60,2,False,False,
keep,False,True,False,True,False,False,True,True,keep,0.001669402834553,3.41844797134399,60,3,False,True,
keep,False,True,False,True,False,False,True,True,swerve_right,0.500167349689238,3.42891716957092,60,4,False,False,
keep,False,True,False,True,False,False,True,True,change_to_right,0.999387330229922,3.42300724983215,60,5,False,True,
keep,False,True,False,True,False,False,True,True,change_to_left,0.999387817681793,3.37405347824097,60,6,False,True,
cruise,False,True,False,True,False,True,False,True,cruise,0.001335325035834,3.36858248710632,61,1,False,True,*
cruise,False,True,False,True,False,True,False,True,swerve_right,0.500083871536441,3.40314912796021,61,2,False,False,
cruise,False,True,False,True,False,True,False,True,keep,0.500083871536441,3.404789686203,61,3,False,False,
cruise,False,True,False,True,False,True,False,True,swerve_left,0.500083871536441,3.37907481193542,61,3,False,False,
cruise,False,True,False,True,False,True,False,True,change_to_left,0.999333991167079,3.42100214958191,61,4,False,True,
cruise,False,True,False,True,False,True,False,True,change_to_right,0.99933399116708,3.40318298339844,61,5,False,True,
keep,False,True,False,True,False,True,False,True,cruise,0.000999144462584,3.38453388214111,62,1,False,False,*
keep,False,True,False,True,False,True,False,True,swerve_left,0.500035955283482,3.38413643836975,62,2,False,False,
keep,False,True,False,True,False,True,False,True,swerve_right,0.500035955283482,3.39615201950073,62,2,False,False,
keep,False,True,False,True,False,True,False,True,keep,0.572162256576532,3.40056228637695,62,3,False,True,
keep,False,True,False,True,False,True,False,True,change_to_right,0.99914375154978,3.3967182636261,62,4,False,True,
keep,False,True,False,True,False,True,False,True,change_to_left,0.99914375154978,3.37432384490967,62,5,False,True,
cruise,False,True,False,True,False,True,True,True,keep,0.00100192436702,3.38847255706787,63,1,False,False,*
cruise,False,True,False,True,False,True,True,True,swerve_left,0.0010021679827,3.43266010284424,63,2,False,False,
cruise,False,True,False,True,False,True,True,True,cruise,0.003090215255271,3.4134829044342,63,3,False,True,
cruise,False,True,False,True,False,True,True,True,swerve_right,0.500523064834964,3.37704610824585,63,4,False,False,
cruise,False,True,False,True,False,True,True,True,change_to_right,0.999368480187083,3.41634035110474,63,5,False,True,
cruise,False,True,False,True,False,True,True,True,change_to_left,0.999534186917887,3.36310911178589,63,6,False,True,
keep,False,True,False,True,False,True,True,True,swerve_left,0.001002161710942,3.40791201591492,64,1,False,False,*
keep,False,True,False,True,False,True,True,True,cruise,0.002340731668544,3.41377997398376,64,2,False,False,
keep,False,True,False,True,False,True,True,True,keep,0.003086073903203,3.37637186050415,64,3,False,True,
keep,False,True,False,True,False,True,True,True,swerve_right,0.500522028979537,3.38614225387573,64,4,False,False,
keep,False,True,False,True,False,True,True,True,change_to_right,0.999367752444898,3.37902021408081,64,5,False,True,
keep,False,True,False,True,False,True,True,True,change_to_left,0.999533131017115,3.41567444801331,64,6,False,True,
cruise,False,True,False,True,True,False,False,True,cruise,0.001334970059632,3.405522108078,65,1,False,True,*
cruise,False,True,False,True,True,False,False,True,keep,0.500083866592878,3.36976051330566,65,2,False,False,
cruise,False,True,False,True,True,False,False,True,swerve_left,0.500083866592878,3.41455793380737,65,2,False,False,
cruise,False,True,False,True,True,False,False,True,swerve_right,0.500083866592878,3.40892601013184,65,2,False,False,
cruise,False,True,False,True,True,False,False,True,change_to_right,0.99933310948778,3.39283657073975,65,3,False,True,
cruise,False,True,False,True,True,False,False,True,change_to_left,0.999334698278569,3.42007923126221,65,4,False,True,
keep,False,True,False,True,True,False,False,True,cruise,0.000999086930877,3.41142916679382,66,1,False,False,*
keep,False,True,False,True,True,False,False,True,swerve_left,0.500035958662182,3.40348649024963,66,2,False,False,
keep,False,True,False,True,True,False,False,True,swerve_right,0.500035958662182,3.39089941978455,66,2,False,False,
keep,False,True,False,True,True,False,False,True,keep,0.572097115726414,3.40493416786194,66,3,False,True,
keep,False,True,False,True,True,False,False,True,change_to_right,0.999143395350384,3.37871718406677,66,4,False,True,
keep,False,True,False,True,True,False,False,True,change_to_left,0.999144076560736,3.39345574378967,66,5,False,True,
cruise,False,True,False,True,True,False,True,True,keep,0.001001305117481,3.4133095741272,67,1,False,False,*
cruise,False,True,False,True,True,False,True,True,swerve_left,0.001001305117481,3.38168454170227,67,1,False,False,
cruise,False,True,False,True,True,False,True,True,cruise,0.003312339496709,3.43351912498474,67,2,False,True,
cruise,False,True,False,True,True,False,True,True,swerve_right,0.500577469300609,3.41795921325684,67,3,False,False,
cruise,False,True,False,True,True,False,True,True,change_to_right,0.99934097626659,3.38504409790039,67,4,False,True,
cruise,False,True,False,True,True,False,True,True,change_to_left,0.999571252220542,3.4029848575592,67,5,False,True,
keep,False,True,False,True,True,False,True,True,swerve_left,0.001001300013492,3.38299989700317,68,1,False,False,*
keep,False,True,False,True,True,False,True,True,cruise,0.00254682413955,3.38275051116943,68,2,False,False,
keep,False,True,False,True,True,False,True,True,keep,0.003307215081906,3.43359136581421,68,3,False,True,
keep,False,True,False,True,True,False,True,True,swerve_right,0.500576190113739,3.3961398601532,68,4,False,False,
keep,False,True,False,True,True,False,True,True,change_to_right,0.999340223164779,3.44003486633301,68,5,False,True,
keep,False,True,False,True,True,False,True,True,change_to_left,0.999569989020658,3.37805414199829,68,6,False,True,
cruise,False,True,False,True,True,True,False,True,cruise,0.001334792691016,3.27502393722534,69,1,False,True,*
cruise,False,True,False,True,True,True,False,True,keep,0.50008382231707,3.30506086349487,69,2,False,False,
cruise,False,True,False,True,True,True,False,True,swerve_left,0.50008382231707,3.28019571304321,69,2,False,False,
cruise,False,True,False,True,True,True,False,True,swerve_right,0.50008382231707,3.28498148918152,69,2,False,False,
cruise,False,True,False,True,True,True,False,True,change_to_left,0.999333197960085,3.40768504142761,69,3,False,True,
cruise,False,True,False,True,True,True,False,True,change_to_right,0.999334522242047,3.31106376647949,69,4,False,True,
keep,False,True,False,True,True,True,False,True,cruise,0.000999058284226,3.27226853370667,70,1,False,False,*
keep,False,True,False,True,True,True,False,True,swerve_right,0.50003594241456,3.27466344833374,70,2,False,False,
keep,False,True,False,True,True,True,False,True,swerve_left,0.50003594241456,3.26763844490051,70,3,False,False,
keep,False,True,False,True,True,True,False,True,keep,0.572064539246154,3.29769897460938,70,4,False,True,
keep,False,True,False,True,True,True,False,True,change_to_left,0.999143444127229,3.28452920913696,70,5,False,True,
keep,False,True,False,True,True,True,False,True,change_to_right,0.999144011969934,3.29656410217285,70,6,False,True,
cruise,False,True,False,True,True,True,True,True,swerve_left,0.001003779384258,3.2720787525177,71,1,False,False,*
cruise,False,True,False,True,True,True,True,True,keep,0.001050785879702,3.26010298728943,71,2,False,False,
cruise,False,True,False,True,True,True,True,True,cruise,0.005678045342364,3.31248044967651,71,3,False,True,
cruise,False,True,False,True,True,True,True,True,swerve_right,0.50117034567384,3.25802874565125,71,4,False,False,
cruise,False,True,False,True,True,True,True,True,change_to_right,0.999311592276174,3.27888512611389,71,5,False,True,
cruise,False,True,False,True,True,True,True,True,change_to_left,0.99963851551402,3.25546193122864,71,6,False,True,
keep,False,True,False,True,True,True,True,True,swerve_left,0.001003757935024,3.30897569656372,72,1,False,False,*
keep,False,True,False,True,True,True,True,True,cruise,0.004745938922957,3.29129147529602,72,2,False,False,
keep,False,True,False,True,True,True,True,True,keep,0.005657042025849,3.27223682403564,72,3,False,True,
keep,False,True,False,True,True,True,True,True,swerve_right,0.501165092220609,3.25147366523743,72,4,False,False,
keep,False,True,False,True,True,True,True,True,change_to_right,0.999310198088086,3.26291298866272,72,5,False,True,
keep,False,True,False,True,True,True,True,True,change_to_left,0.999635653831347,3.31196165084839,72,6,False,True,
change_to_right,False,True,True,False,False,False,False,True,keep,0.000999134817079,3.24621176719666,73,1,False,False,*
change_to_right,False,True,True,False,False,False,False,True,change_to_right,0.001335017118179,3.28474640846252,73,2,False,True,
change_to_right,False,True,True,False,False,False,False,True,swerve_left,0.500083878339912,3.27665948867798,73,3,False,False,
change_to_right,False,True,True,False,False,False,False,True,swerve_right,0.500083878339912,3.27992796897888,73,4,False,False,
change_to_right,False,True,True,False,False,False,False,True,change_to_left,0.999334081646557,3.31659054756165,73,5,False,True,
change_to_right,False,True,True,False,False,False,False,True,cruise,0.999334081646557,3.32133078575134,73,5,False,True,
keep,False,True,True,False,False,False,False,True,change_to_right,0.000999335676484,3.28011274337769,74,1,False,False,*
keep,False,True,True,False,False,False,False,True,keep,0.00133501684976,3.24978041648865,74,2,False,True,
keep,False,True,True,False,False,False,False,True,swerve_left,0.500083878272908,3.28043580055237,74,3,False,False,
keep,False,True,True,False,False,False,False,True,swerve_right,0.500083878272908,3.25832438468933,74,4,False,False,
keep,False,True,True,False,False,False,False,True,change_to_left,0.999334081380482,3.2874870300293,74,5,False,True,
keep,False,True,True,False,False,False,False,True,cruise,0.999334081380482,3.27555871009827,74,5,False,True,
change_to_right,False,True,True,False,False,False,True,True,keep,0.000999336031103,3.29643297195435,75,1,False,False,*
change_to_right,False,True,True,False,False,False,True,True,change_to_right,0.001335372888595,3.23667144775391,75,2,False,True,
change_to_right,False,True,True,False,False,False,True,True,swerve_left,0.500083967149437,3.29271388053894,75,3,False,False,
change_to_right,False,True,True,False,False,False,True,True,swerve_right,0.500083967149437,3.3133909702301,75,3,False,False,
change_to_right,False,True,True,False,False,False,True,True,change_to_left,0.999334168994973,3.26499843597412,75,4,False,True,
change_to_right,False,True,True,False,False,False,True,True,cruise,0.999334168994973,3.27419185638428,75,4,False,True,
keep,False,True,True,False,False,False,True,True,change_to_right,0.000999268810644,3.28165602684021,76,1,False,False,*
keep,False,True,True,False,False,False,True,True,keep,0.00133537297845,3.28823089599609,76,2,False,True,
keep,False,True,True,False,False,False,True,True,swerve_left,0.500083967171867,3.27346014976501,76,3,False,False,
keep,False,True,True,False,False,False,True,True,swerve_right,0.500083967171867,3.29327511787415,76,3,False,False,
keep,False,True,True,False,False,False,True,True,change_to_left,0.999334169083971,3.2632691860199,76,4,False,True,
keep,False,True,True,False,False,False,True,True,cruise,0.999334169083971,3.28740763664246,76,4,False,True,
change_to_right,False,True,True,False,False,True,False,True,keep,0.000999341704748,3.29135513305664,77,1,False,False,*
change_to_right,False,True,True,False,False,True,False,True,change_to_right,0.001341069239168,3.296550989151,77,2,False,True,
change_to_right,False,True,True,False,False,True,False,True,swerve_left,0.500085389106313,3.2705500125885,77,3,False,False,
change_to_right,False,True,True,False,False,True,False,True,swerve_right,0.500085389106313,3.28900361061096,77,4,False,False,
change_to_right,False,True,True,False,False,True,False,True,change_to_left,0.999335027829191,3.27344274520874,77,5,False,True,
change_to_right,False,True,True,False,False,True,False,True,cruise,0.999336085840334,3.27015519142151,77,6,False,True,
keep,False,True,True,False,False,True,False,True,change_to_right,0.001001434600293,3.28024530410767,78,1,False,False,*
keep,False,True,True,False,False,True,False,True,keep,0.001341066429642,3.31791663169861,78,2,False,True,
keep,False,True,True,False,False,True,False,True,swerve_left,0.500085388404982,3.27051568031311,78,3,False,False,
keep,False,True,True,False,False,True,False,True,swerve_right,0.500085388404982,3.28708076477051,78,3,False,False,
keep,False,True,True,False,False,True,False,True,change_to_left,0.999335025085704,3.26029324531555,78,4,False,True,
keep,False,True,True,False,False,True,False,True,cruise,0.999336083088157,3.26665902137756,78,5,False,True,
change_to_right,False,True,True,False,False,True,True,True,keep,0.001206412264161,3.26887011528015,79,1,False,False,*
change_to_right,False,True,True,False,False,True,True,True,change_to_right,0.002353861815278,3.29285573959351,79,2,False,True,
change_to_right,False,True,True,False,False,True,True,True,swerve_left,0.500338546102245,3.30990481376648,79,3,False,False,
change_to_right,False,True,True,False,False,True,True,True,swerve_right,0.500338546102245,3.26091480255127,79,3,False,False,
change_to_right,False,True,True,False,False,True,True,True,change_to_left,0.999351751262947,3.25667643547058,79,4,False,True,
change_to_right,False,True,True,False,False,True,True,True,cruise,0.999511921971439,3.31826519966125,79,5,False,True,
keep,False,True,True,False,False,True,True,True,change_to_right,0.00149272764713,3.27440881729126,80,1,False,False,*
keep,False,True,True,False,False,True,True,True,keep,0.002353187054391,3.28739213943481,80,2,False,True,
keep,False,True,True,False,False,True,True,True,swerve_right,0.500338377496241,3.2668833732605,80,3,False,False,
keep,False,True,True,False,False,True,True,True,swerve_left,0.500338377496241,3.30755710601807,80,4,False,False,
keep,False,True,True,False,False,True,True,True,change_to_left,0.99935157657841,3.30424571037292,80,5,False,True,
keep,False,True,True,False,False,True,True,True,cruise,0.999511667517138,3.31458449363708,80,6,False,True,
change_to_right,False,True,True,False,True,False,False,True,keep,0.000999343842867,3.26411318778992,81,1,False,False,*
change_to_right,False,True,True,False,True,False,False,True,change_to_right,0.001343215914402,3.31137919425964,81,2,False,True,
change_to_right,False,True,True,False,True,False,False,True,swerve_left,0.50008592497214,3.283522605896,81,3,False,False,
change_to_right,False,True,True,False,True,False,False,True,swerve_right,0.50008592497214,3.29321098327637,81,3,False,False,
change_to_right,False,True,True,False,True,False,False,True,change_to_left,0.999336072760975,3.31334495544434,81,4,False,True,
change_to_right,False,True,True,False,True,False,False,True,cruise,0.999336072760975,3.28639769554138,81,4,False,True,
keep,False,True,True,False,True,False,False,True,change_to_right,0.001002260985783,3.25614809989929,82,1,False,False,*
keep,False,True,True,False,True,False,False,True,keep,0.00134321199213,3.25945210456848,82,2,False,True,
keep,False,True,True,False,True,False,False,True,swerve_left,0.500085923993039,3.26799654960632,82,3,False,False,
keep,False,True,True,False,True,False,False,True,swerve_right,0.500085923993039,3.25054216384888,82,4,False,False,
keep,False,True,True,False,True,False,False,True,change_to_left,0.999336068942875,3.28649115562439,82,5,False,True,
keep,False,True,True,False,True,False,False,True,cruise,0.999336068942875,3.26842880249023,82,5,False,True,
change_to_right,False,True,True,False,True,False,True,True,keep,0.000999164445486,3.28334140777588,83,1,False,False,*
change_to_right,False,True,True,False,True,False,True,True,change_to_right,0.001472284563719,3.23942732810974,83,2,False,True,
change_to_right,False,True,True,False,True,False,True,True,swerve_left,0.50011826181992,3.25611615180969,83,3,False,False,
change_to_right,False,True,True,False,True,False,True,True,swerve_right,0.50011826181992,3.2912335395813,83,3,False,False,
change_to_right,False,True,True,False,True,False,True,True,cruise,0.999360491915297,3.26589441299438,83,4,False,True,
change_to_right,False,True,True,False,True,False,True,True,change_to_left,0.999362775343801,3.27925515174866,83,5,False,True,
keep,False,True,True,False,True,False,True,True,change_to_right,0.001061351563956,3.28940439224243,84,1,False,False,*
keep,False,True,True,False,True,False,True,True,keep,0.001472192915012,3.29169273376465,84,2,False,True,
keep,False,True,True,False,True,False,True,True,swerve_left,0.500118238919183,3.2582733631134,84,3,False,False,
keep,False,True,True,False,True,False,True,True,swerve_right,0.500118238919183,3.30499911308289,84,3,False,False,
keep,False,True,True,False,True,False,True,True,cruise,0.999360422301704,3.25322794914246,84,4,False,True,
keep,False,True,True,False,True,False,True,True,change_to_left,0.999362705288036,3.28512477874756,84,5,False,True,
change_to_right,False,True,True,False,True,True,False,True,keep,0.00099934935658,3.28089499473572,85,1,False,False,*
change_to_right,False,True,True,False,True,True,False,True,change_to_right,0.001348751693698,3.28751134872437,85,2,False,True,
change_to_right,False,True,True,False,True,True,False,True,swerve_left,0.500087306846259,3.25100231170654,85,3,False,False,
change_to_right,False,True,True,False,True,True,False,True,swerve_right,0.500087306846259,3.28189826011658,85,3,False,False,
change_to_right,False,True,True,False,True,True,False,True,change_to_left,0.999337255021934,3.23814582824707,85,4,False,True,
change_to_right,False,True,True,False,True,True,False,True,cruise,0.999337518989263,3.27142524719238,85,5,False,True,
keep,False,True,True,False,True,True,False,True,change_to_right,0.001004418329644,3.27402949333191,86,1,False,False,*
keep,False,True,True,False,True,True,False,True,keep,0.001348744850072,3.27901315689087,86,2,False,True,
keep,False,True,True,False,True,True,False,True,swerve_left,0.500087305137913,3.25168752670288,86,3,False,False,
keep,False,True,True,False,True,True,False,True,swerve_right,0.500087305137913,3.29010391235352,86,4,False,False,
keep,False,True,True,False,True,True,False,True,change_to_left,0.999337248442381,3.29907512664795,86,5,False,True,
keep,False,True,True,False,True,True,False,True,cruise,0.999337512404544,3.25456428527832,86,6,False,True,
change_to_right,False,True,True,False,True,True,True,True,keep,0.00100022974168,3.27202987670898,87,1,False,False,*
change_to_right,False,True,True,False,True,True,True,True,change_to_right,0.001540421950758,3.27982473373413,87,2,False,True,
change_to_right,False,True,True,False,True,True,True,True,swerve_right,0.500135287662383,3.26170229911804,87,3,False,False,
change_to_right,False,True,True,False,True,True,True,True,swerve_left,0.500135287662383,3.30302429199219,87,4,False,False,
change_to_right,False,True,True,False,True,True,True,True,change_to_left,0.999298477198246,3.2707724571228,87,5,False,True,
change_to_right,False,True,True,False,True,True,True,True,cruise,0.999451772986714,3.29444789886475,87,6,False,True,
keep,False,True,True,False,True,True,True,True,change_to_right,0.001099594266003,3.29033231735229,88,1,False,False,*
keep,False,True,True,False,True,True,True,True,keep,0.001540268734212,3.27987122535706,88,2,False,True,
keep,False,True,True,False,True,True,True,True,swerve_left,0.500135249377369,3.30690550804138,88,3,False,False,
keep,False,True,True,False,True,True,True,True,swerve_right,0.500135249377369,3.24679851531982,88,3,False,False,
keep,False,True,True,False,True,True,True,True,change_to_left,0.999298393015267,3.31165480613708,88,4,False,True,
keep,False,True,True,False,True,True,True,True,cruise,0.999451645422607,3.29933881759644,88,5,False,True,
change_to_right,False,True,True,True,False,False,False,True,cruise,0.000999006360242,3.28562259674072,89,1,False,False,*
change_to_right,False,True,True,True,False,False,False,True,change_to_right,0.001004388059428,3.26458096504211,89,2,False,True,
change_to_right,False,True,True,True,False,False,False,True,keep,0.500001343409638,3.267986536026,89,3,False,False,
change_to_right,False,True,True,True,False,False,False,True,swerve_left,0.500001343409638,3.28809666633606,89,3,False,False,
change_to_right,False,True,True,True,False,False,False,True,swerve_right,0.500001343409638,3.282306432724,89,4,False,False,
change_to_right,False,True,True,True,False,False,False,True,change_to_left,0.999997497286727,3.30054903030396,89,5,False,True,
cruise,False,True,True,True,False,False,False,True,change_to_right,0.00099900314324,3.26169037818909,90,1,False,False,*
cruise,False,True,True,True,False,False,False,True,cruise,0.001004388062663,3.31521224975586,90,2,False,True,
cruise,False,True,True,True,False,False,False,True,keep,0.500001343410444,3.25909376144409,90,3,False,False,
cruise,False,True,True,True,False,False,False,True,swerve_right,0.500001343410444,3.29299402236938,90,3,False,False,
cruise,False,True,True,True,False,False,False,True,swerve_left,0.500001343410444,3.26585412025452,90,4,False,False,
cruise,False,True,True,True,False,False,False,True,change_to_left,0.999997497885016,3.27653574943542,90,5,False,True,
keep,False,True,True,True,False,False,False,True,change_to_right,0.000999002070343,3.27140307426453,91,1,False,False,*
keep,False,True,True,True,False,False,False,True,cruise,0.00099900367693,3.28128981590271,91,2,False,False,
keep,False,True,True,True,False,False,False,True,swerve_left,0.500000670905072,3.25653004646301,91,3,False,False,
keep,False,True,True,True,False,False,False,True,swerve_right,0.500000670905072,3.30145359039307,91,3,False,False,
keep,False,True,True,True,False,False,False,True,keep,0.501346506529113,3.29304957389832,91,4,False,True,
keep,False,True,True,True,False,False,False,True,change_to_left,0.999498655417533,3.26918601989746,91,5,False,True,
change_to_right,False,True,True,True,False,False,True,True,swerve_right,0.000999023547265,3.28919100761414,92,1,False,False,*
change_to_right,False,True,True,True,False,False,True,True,keep,0.000999023547265,3.29754400253296,92,2,False,False,
change_to_right,False,True,True,True,False,False,True,True,swerve_left,0.000999045227704,3.24952006340027,92,3,False,False,
change_to_right,False,True,True,True,False,False,True,True,cruise,0.000999089455603,3.24791431427002,92,4,False,False,
change_to_right,False,True,True,True,False,False,True,True,change_to_right,0.001021615929156,3.30250430107117,92,5,False,True,
change_to_right,False,True,True,True,False,False,True,True,change_to_left,0.999998971382753,3.23587369918823,92,6,False,True,
cruise,False,True,True,True,False,False,True,True,keep,0.000999023547049,3.29522228240967,93,1,False,False,*
cruise,False,True,True,True,False,False,True,True,swerve_right,0.000999023547049,3.30699229240417,93,1,False,False,
cruise,False,True,True,True,False,False,True,True,swerve_left,0.000999045227279,3.26767635345459,93,2,False,False,
cruise,False,True,True,True,False,False,True,True,change_to_right,0.000999301748945,3.32048225402832,93,3,False,False,
cruise,False,True,True,True,False,False,True,True,cruise,0.001021615712057,3.27782011032104,93,4,False,True,
cruise,False,True,True,True,False,False,True,True,change_to_left,0.999998961802411,3.25422835350037,93,5,False,True,
keep,False,True,True,True,False,False,True,True,swerve_right,0.000999023546981,3.26687145233154,94,1,False,False,*
keep,False,True,True,True,False,False,True,True,swerve_left,0.000999045227147,3.26167249679565,94,2,False,False,
keep,False,True,True,True,False,False,True,True,cruise,0.00099908945449,3.27692723274231,94,3,False,False,
keep,False,True,True,True,False,False,True,True,change_to_right,0.000999301748048,3.29124855995178,94,4,False,False,
keep,False,True,True,True,False,False,True,True,keep,0.001021615644657,3.29564833641052,94,5,False,True,
keep,False,True,True,True,False,False,True,True,change_to_left,0.999998958828151,3.26796340942383,94,6,False,True,
change_to_right,False,True,True,True,False,True,False,True,cruise,0.000999059069923,3.29269766807556,95,1,False,False,*
change_to_right,False,True,True,True,False,True,False,True,change_to_right,0.001023798886162,3.30547285079956,95,2,False,True,
change_to_right,False,True,True,True,False,True,False,True,swerve_left,0.500006190195684,3.29115319252014,95,3,False,False,
change_to_right,False,True,True,True,False,True,False,True,keep,0.500006190195684,3.23887991905212,95,4,False,False,
change_to_right,False,True,True,True,False,True,False,True,swerve_right,0.500006190195684,3.24953126907349,95,4,False,False,
change_to_right,False,True,True,True,False,True,False,True,change_to_left,0.99999744602186,3.3101053237915,95,5,False,True,
cruise,False,True,True,True,False,True,False,True,change_to_right,0.000999446202448,3.26953315734863,96,1,False,False,*
cruise,False,True,True,True,False,True,False,True,cruise,0.00102379848942,3.30085134506226,96,2,False,True,
cruise,False,True,True,True,False,True,False,True,keep,0.500006190096647,3.2607159614563,96,3,False,False,
cruise,False,True,True,True,False,True,False,True,swerve_left,0.500006190096647,3.31466221809387,96,4,False,False,
cruise,False,True,True,True,False,True,False,True,swerve_right,0.500006190096647,3.29908871650696,96,4,False,False,
cruise,False,True,True,True,False,True,False,True,change_to_left,0.999997430079687,3.30754470825195,96,5,False,True,
keep,False,True,True,True,False,True,False,True,cruise,0.00099902972202,3.31175065040588,97,1,False,False,*
keep,False,True,True,True,False,True,False,True,change_to_right,0.000999221205526,3.26285123825073,97,2,False,False,
keep,False,True,True,True,False,True,False,True,swerve_right,0.500003061738528,3.26435136795044,97,3,False,False,
keep,False,True,True,True,False,True,False,True,swerve_left,0.500003061738528,3.2980055809021,97,4,False,False,
keep,False,True,True,True,False,True,False,True,keep,0.506138785582622,3.24953293800354,97,5,False,True,
keep,False,True,True,True,False,True,False,True,change_to_left,0.999493853107027,3.29328680038452,97,6,False,True,
change_to_right,False,True,True,True,False,True,True,True,keep,0.00100667111445,3.23142528533936,98,1,False,False,*
change_to_right,False,True,True,True,False,True,True,True,swerve_left,0.001010323552724,3.26414132118225,98,2,False,False,
change_to_right,False,True,True,True,False,True,True,True,swerve_right,0.001013282759921,3.24990653991699,98,3,False,False,
change_to_right,False,True,True,True,False,True,True,True,cruise,0.003721676959362,3.25407767295837,98,4,False,False,
change_to_right,False,True,True,True,False,True,True,True,change_to_right,0.015309324426437,3.25752663612366,98,5,False,True,
change_to_right,False,True,True,True,False,True,True,True,change_to_left,0.999981761150812,3.27852582931519,98,6,False,True,
cruise,False,True,True,True,False,True,True,True,keep,0.001006606717942,3.31629776954651,99,1,False,False,*
cruise,False,True,True,True,False,True,True,True,swerve_left,0.001010228491188,3.28187775611877,99,2,False,False,
cruise,False,True,True,True,False,True,True,True,swerve_right,0.001013162853566,3.29976224899292,99,3,False,False,
cruise,False,True,True,True,False,True,True,True,change_to_right,0.011540377449222,3.26779127120972,99,4,False,False,
cruise,False,True,True,True,False,True,True,True,cruise,0.015189178258821,3.28505444526672,99,5,False,True,
cruise,False,True,True,True,False,True,True,True,change_to_left,0.999973526906896,3.28903555870056,99,6,False,True,
keep,False,True,True,True,False,True,True,True,swerve_left,0.001010196197236,3.26636242866516,100,1,False,False,*
keep,False,True,True,True,False,True,True,True,swerve_right,0.001013122119424,3.28428030014038,100,2,False,False,
keep,False,True,True,True,False,True,True,True,cruise,0.003691052441039,3.38112711906433,100,3,False,False,
keep,False,True,True,True,False,True,True,True,change_to_right,0.011510056988743,3.3196485042572,100,4,False,False,
keep,False,True,True,True,False,True,True,True,keep,0.015148362648939,3.42049717903137,100,5,False,True,
keep,False,True,True,True,False,True,True,True,change_to_left,0.999970729600131,3.24187135696411,100,6,False,True,
change_to_right,False,True,True,True,True,False,False,True,cruise,0.000999018417958,3.28956604003906,101,1,False,False,*
change_to_right,False,True,True,True,True,False,False,True,change_to_right,0.001007790290045,3.3031849861145,101,2,False,True,
change_to_right,False,True,True,True,True,False,False,True,keep,0.500002194034804,3.3053982257843,101,3,False,False,
change_to_right,False,True,True,True,True,False,False,True,swerve_left,0.500002194034804,3.26724362373352,101,3,False,False,
change_to_right,False,True,True,True,True,False,False,True,swerve_right,0.500002194034804,3.31105208396912,101,4,False,False,
change_to_right,False,True,True,True,True,False,False,True,change_to_left,0.999997486318954,3.26433730125427,101,5,False,True,
cruise,False,True,True,True,True,False,False,True,change_to_right,0.000999025385139,3.28558492660522,102,1,False,False,*
cruise,False,True,True,True,True,False,False,True,cruise,0.001007790283016,3.26566672325134,102,2,False,True,
cruise,False,True,True,True,True,False,False,True,swerve_left,0.500002194033049,3.25904083251953,102,3,False,False,
cruise,False,True,True,True,True,False,False,True,swerve_right,0.500002194033049,3.28470182418823,102,3,False,False,
cruise,False,True,True,True,True,False,False,True,keep,0.500002194033049,3.27755618095398,102,4,False,False,
cruise,False,True,True,True,True,False,False,True,change_to_left,0.9999974855221,3.27233648300171,102,5,False,True,
keep,False,True,True,True,True,False,False,True,cruise,0.000999009683868,3.31187319755554,103,1,False,False,*
keep,False,True,True,True,True,False,False,True,change_to_right,0.000999013157424,3.28233528137207,103,2,False,False,
keep,False,True,True,True,True,False,False,True,swerve_left,0.500001093854351,3.3004469871521,103,3,False,False,
keep,False,True,True,True,True,False,False,True,swerve_right,0.500001093854351,3.27911472320557,103,3,False,False,
keep,False,True,True,True,True,False,False,True,keep,0.502193177915385,3.27831482887268,103,4,False,True,
keep,False,True,True,True,True,False,False,True,change_to_left,0.999497806565782,3.27012515068054,103,5,False,True,
change_to_right,False,True,True,True,True,False,True,True,swerve_left,0.000999047704538,3.32360363006592,104,1,False,False,*
change_to_right,False,True,True,True,True,False,True,True,swerve_right,0.000999063911034,3.28247261047363,104,2,False,False,
change_to_right,False,True,True,True,True,False,True,True,keep,0.000999281228281,3.27359628677368,104,3,False,False,
change_to_right,False,True,True,True,True,False,True,True,cruise,0.001002223775691,3.30680274963379,104,4,False,False,
change_to_right,False,True,True,True,True,False,True,True,change_to_right,0.001062037855508,3.26301121711731,104,5,False,True,
change_to_right,False,True,True,True,True,False,True,True,change_to_left,0.99999887822318,3.30007481575012,104,6,False,True,
cruise,False,True,True,True,True,False,True,True,swerve_left,0.000999047707022,3.3177433013916,105,1,False,False,*
cruise,False,True,True,True,True,False,True,True,swerve_right,0.000999063914378,3.29793548583984,105,2,False,False,
cruise,False,True,True,True,True,False,True,True,change_to_right,0.000999071060546,3.2567892074585,105,3,False,False,
cruise,False,True,True,True,True,False,True,True,keep,0.00099928124318,3.27776598930359,105,4,False,False,
cruise,False,True,True,True,True,False,True,True,cruise,0.00106204120717,3.30757665634155,105,5,False,True,
cruise,False,True,True,True,True,False,True,True,change_to_left,0.999998931280244,3.29344201087952,105,6,False,True,
keep,False,True,True,True,True,False,True,True,swerve_left,0.000999047704704,3.27921652793884,106,1,False,False,*
keep,False,True,True,True,True,False,True,True,swerve_right,0.000999063911256,3.25298404693604,106,2,False,False,
keep,False,True,True,True,True,False,True,True,change_to_right,0.000999071057069,3.25905823707581,106,3,False,False,
keep,False,True,True,True,True,False,True,True,cruise,0.001002223787114,3.30432152748108,106,4,False,False,
keep,False,True,True,True,True,False,True,True,keep,0.001062038078941,3.2671012878418,106,5,False,True,
keep,False,True,True,True,True,False,True,True,change_to_left,0.999998881760142,3.29667401313782,106,6,False,True,
change_to_right,False,True,True,True,True,True,False,True,cruise,0.000999052247274,3.28491115570068,107,1,False,False,*
change_to_right,False,True,True,True,True,True,False,True,change_to_right,0.001009793094395,3.25762987136841,107,2,False,True,
change_to_right,False,True,True,True,True,True,False,True,keep,0.500002693986726,3.29830718040466,107,3,False,False,
change_to_right,False,True,True,True,True,True,False,True,swerve_left,0.500002693986726,3.29718327522278,107,3,False,False,
change_to_right,False,True,True,True,True,True,False,True,swerve_right,0.500002693986726,3.30962228775024,107,3,False,False,
change_to_right,False,True,True,True,True,True,False,True,change_to_left,0.999997478536479,3.28252744674683,107,4,False,True,
cruise,False,True,True,True,True,True,False,True,change_to_right,0.000999022353032,3.32285118103027,108,1,False,False,*
cruise,False,True,True,True,True,True,False,True,cruise,0.001009793124612,3.29296159744263,108,2,False,True,
cruise,False,True,True,True,True,True,False,True,keep,0.500002693994269,3.31623148918152,108,3,False,False,
cruise,False,True,True,True,True,True,False,True,swerve_left,0.500002693994269,3.273921251297,108,3,False,False,
cruise,False,True,True,True,True,True,False,True,swerve_right,0.500002693994269,3.29915761947632,108,4,False,False,
cruise,False,True,True,True,True,True,False,True,change_to_left,0.999997481326556,3.26339411735535,108,5,False,True,
keep,False,True,True,True,True,True,False,True,change_to_right,0.000999011635113,3.30061554908752,109,1,False,False,*
keep,False,True,True,True,True,True,False,True,cruise,0.000999026524341,3.28133893013,109,2,False,False,
keep,False,True,True,True,True,True,False,True,swerve_right,0.500001341773514,3.30819535255432,109,3,False,False,
keep,False,True,True,True,True,True,False,True,swerve_left,0.500001341773514,3.26163053512573,109,4,False,False,
keep,False,True,True,True,True,True,False,True,keep,0.502690255823152,3.2673659324646,109,5,False,True,
keep,False,True,True,True,True,True,False,True,change_to_left,0.999497308498792,3.26677989959717,109,6,False,True,
change_to_right,False,True,True,True,True,True,True,True,swerve_right,0.001002597012254,3.28480935096741,110,1,False,False,*
change_to_right,False,True,True,True,True,True,True,True,swerve_left,0.001092198302875,3.28185272216797,110,2,False,False,
change_to_right,False,True,True,True,True,True,True,True,keep,0.00111227636397,3.27936029434204,110,3,False,False,
change_to_right,False,True,True,True,True,True,True,True,cruise,0.011627949468672,3.25997829437256,110,4,False,False,
change_to_right,False,True,True,True,True,True,True,True,change_to_right,0.013933591422269,3.25947737693787,110,5,False,True,
change_to_right,False,True,True,True,True,True,True,True,change_to_left,0.999974425431559,3.26960849761963,110,6,False,True,
cruise,False,True,True,True,True,True,True,True,swerve_right,0.00100263397368,3.27030277252197,111,1,False,False,*
cruise,False,True,True,True,True,True,True,True,swerve_left,0.001093156226531,3.31554555892944,111,2,False,False,
cruise,False,True,True,True,True,True,True,True,keep,0.001113440658937,3.25872611999512,111,3,False,False,
cruise,False,True,True,True,True,True,True,True,change_to_right,0.002197386495937,3.29689764976501,111,4,False,False,
cruise,False,True,True,True,True,True,True,True,cruise,0.014066538940639,3.31816959381104,111,5,False,True,
cruise,False,True,True,True,True,True,True,True,change_to_left,0.999984430734489,3.30760025978088,111,6,False,True,
keep,False,True,True,True,True,True,True,True,swerve_right,0.001002592856727,3.26430749893188,112,1,False,False,*
keep,False,True,True,True,True,True,True,True,swerve_left,0.0010920906047,3.31299495697021,112,2,False,False,
keep,False,True,True,True,True,True,True,True,change_to_right,0.002183823512845,3.26549792289734,112,3,False,False,
keep,False,True,True,True,True,True,True,True,cruise,0.011615666727474,3.29388499259949,112,4,False,False,
keep,False,True,True,True,True,True,True,True,keep,0.013918644296773,3.25717425346375,112,5,False,True,
keep,False,True,True,True,True,True,True,True,change_to_left,0.999973300547693,3.29743719100952,112,6,False,True,
keep,True,False,False,False,False,False,False,True,swerve_right,0.000999422630953,3.26782250404358,113,1,False,False,*
keep,True,False,False,False,False,False,False,True,keep,0.001422319308796,3.25418782234192,113,2,False,True,
keep,True,False,False,False,False,False,False,True,swerve_left,0.500105671231453,3.33570861816406,113,3,False,False,
keep,True,False,False,False,False,False,False,True,change_to_right,0.999211395599243,3.28316378593445,113,4,False,True,
keep,True,False,False,False,False,False,False,True,cruise,0.999211395599243,3.31514191627502,113,5,False,True,
keep,True,False,False,False,False,False,False,True,change_to_left,0.999211395599243,3.30053949356079,113,6,False,True,
keep,True,False,False,False,False,False,True,True,swerve_right,0.000999422929816,3.25481295585632,114,1,False,False,*
keep,True,False,False,False,False,False,True,True,swerve_left,0.000999422929816,3.28654527664185,114,2,False,False,
keep,True,False,False,False,False,False,True,True,keep,0.001422619367958,3.27258443832397,114,3,False,True,
keep,True,False,False,False,False,False,True,True,change_to_right,0.999211544733183,3.29045820236206,114,4,False,True,
keep,True,False,False,False,False,False,True,True,cruise,0.999211544733183,3.29575371742249,114,4,False,True,
keep,True,False,False,False,False,False,True,True,change_to_left,0.999211544733183,3.30830502510071,114,5,False,True,
keep,True,False,False,False,False,True,False,True,swerve_right,0.000999424783745,3.30340313911438,115,1,False,False,*
keep,True,False,False,False,False,True,False,True,keep,0.001424056516464,3.32049345970154,115,2,False,True,
keep,True,False,False,False,False,True,False,True,swerve_left,0.500106210827499,3.26846742630005,115,3,False,False,
keep,True,False,False,False,False,True,False,True,change_to_left,0.999211607444882,3.29912781715393,115,4,False,True,
keep,True,False,False,False,False,True,False,True,change_to_right,0.999211607444882,3.26953625679016,115,4,False,True,
keep,True,False,False,False,False,True,False,True,cruise,0.999211733491432,3.27606582641602,115,5,False,True,
keep,True,False,False,False,False,True,True,True,swerve_left,0.000999434058224,3.2548394203186,116,1,False,False,*
keep,True,False,False,False,False,True,True,True,swerve_right,0.000999434058224,3.31292939186096,116,1,False,False,
keep,True,False,False,False,False,True,True,True,keep,0.001433358828349,3.29171109199524,116,2,False,True,
keep,True,False,False,False,False,True,True,True,change_to_right,0.999213055055089,3.30244398117065,116,3,False,True,
keep,True,False,False,False,False,True,True,True,cruise,0.999213055055089,3.26502299308777,116,4,False,True,
keep,True,False,False,False,False,True,True,True,change_to_left,0.999213181359448,3.29093980789185,116,5,False,True,
keep,True,False,False,False,True,False,False,True,swerve_right,0.000999426454812,3.30125737190247,117,1,False,False,*
keep,True,False,False,False,True,False,False,True,keep,0.001425732598222,3.29480504989624,117,2,False,True,
keep,True,False,False,False,True,False,False,True,swerve_left,0.500106629638745,3.27361631393433,117,3,False,False,
keep,True,False,False,False,True,False,False,True,change_to_left,0.999211809373087,3.27512717247009,117,4,False,True,
keep,True,False,False,False,True,False,False,True,change_to_right,0.999211809373087,3.29368472099304,117,4,False,True,
keep,True,False,False,False,True,False,False,True,cruise,0.999212061440572,3.25400447845459,117,5,False,True,
keep,True,False,False,False,True,False,True,True,swerve_left,0.000999169636094,3.26377320289612,118,1,False,False,*
keep,True,False,False,False,True,False,True,True,swerve_right,0.000999422815342,3.27954721450806,118,2,False,False,
keep,True,False,False,False,True,False,True,True,keep,0.001422082206679,3.30452823638916,118,3,False,True,
keep,True,False,False,False,True,False,True,True,change_to_right,0.999211424037429,3.29787421226501,118,4,False,True,
keep,True,False,False,False,True,False,True,True,cruise,0.999211424037429,3.30435800552368,118,5,False,True,
keep,True,False,False,False,True,False,True,True,change_to_left,0.999211550098364,3.2575523853302,118,6,False,True,
keep,True,False,False,False,True,True,False,True,swerve_right,0.000999137135543,3.27475357055664,119,1,False,False,*
keep,True,False,False,False,True,True,False,True,keep,0.001626136484982,3.28123092651367,119,2,False,True,
keep,True,False,False,False,True,True,False,True,swerve_left,0.500156862224005,3.28616094589233,119,3,False,False,
keep,True,False,False,False,True,True,False,True,change_to_left,0.999234538518998,3.24792218208313,119,4,False,True,
keep,True,False,False,False,True,True,False,True,change_to_right,0.999234538518998,3.3293764591217,119,5,False,True,
keep,True,False,False,False,True,True,False,True,cruise,0.999235951050506,3.31310725212097,119,6,False,True,
keep,True,False,False,False,True,True,True,True,swerve_left,0.001001458045318,3.32427620887756,120,1,False,False,
keep,True,False,False,False,True,True,True,True,swerve_right,0.001001458045318,3.26267123222351,120,1,False,False,*
keep,True,False,False,False,True,True,True,True,keep,0.003463315195063,3.26114392280579,120,2,False,True,
keep,True,False,False,False,True,True,True,True,change_to_right,0.999293778465258,3.28006505966187,120,3,False,True,
keep,True,False,False,False,True,True,True,True,cruise,0.999294433763037,3.30082654953003,120,4,False,True,
keep,True,False,False,False,True,True,True,True,change_to_left,0.999300082023204,3.28285551071167,120,5,False,True,
keep,True,False,False,True,False,False,False,True,keep,0.001421243133108,3.27731204032898,121,1,False,True,*
keep,True,False,False,True,False,False,False,True,swerve_left,0.500105507832801,3.31645727157593,121,2,False,False,
keep,True,False,False,True,False,False,False,True,swerve_right,0.500105507832801,3.26995086669922,121,3,False,False,
keep,True,False,False,True,False,False,False,True,change_to_left,0.999210797393435,3.29942870140076,121,4,False,True,
keep,True,False,False,True,False,False,False,True,change_to_right,0.999211300225582,3.26893043518066,121,5,False,True,
keep,True,False,False,True,False,False,False,True,cruise,0.999211300225582,3.2999107837677,121,6,False,True,
change_to_left,True,False,False,True,False,False,True,True,keep,0.000999336317732,3.29168391227722,122,1,False,False,
change_to_left,True,False,False,True,False,False,True,True,swerve_left,0.000999336317732,3.2924268245697,122,1,False,False,
change_to_left,True,False,False,True,False,False,True,True,swerve_right,0.000999336317732,3.28118348121643,122,1,False,False,*
change_to_left,True,False,False,True,False,False,True,True,change_to_left,0.001335996338648,3.28841400146484,122,2,False,True,
change_to_left,True,False,False,True,False,False,True,True,change_to_right,0.999334655817487,3.28014540672302,122,3,False,True,
change_to_left,True,False,False,True,False,False,True,True,cruise,0.999334655817487,3.28747916221619,122,3,False,True,
keep,True,False,False,True,False,False,True,True,change_to_left,0.000999336317732,3.27214527130127,123,1,False,False,
keep,True,False,False,True,False,False,True,True,swerve_left,0.000999336317732,3.25339961051941,123,1,False,False,*
keep,True,False,False,True,False,False,True,True,swerve_right,0.000999336317732,3.30318546295166,123,1,False,False,
keep,True,False,False,True,False,False,True,True,keep,0.001335996338648,3.30383539199829,123,2,False,True,
keep,True,False,False,True,False,False,True,True,cruise,0.999334655817487,3.30380773544312,123,3,False,True,
keep,True,False,False,True,False,False,True,True,change_to_right,0.999334655817487,3.26503610610962,123,4,False,True,
keep,True,False,False,True,False,True,False,True,keep,0.001421240465169,3.28380537033081,124,1,False,True,*
keep,True,False,False,True,False,True,False,True,swerve_right,0.500105507166149,3.29027557373047,124,2,False,False,
keep,True,False,False,True,False,True,False,True,swerve_left,0.500105507166149,3.22826194763184,124,3,False,False,
keep,True,False,False,True,False,True,False,True,change_to_left,0.999210004477408,3.29981017112732,124,4,False,True,
keep,True,False,False,True,False,True,False,True,change_to_right,0.999210880573436,3.30486655235291,124,5,False,True,
keep,True,False,False,True,False,True,False,True,cruise,0.999212514050282,3.25920486450195,124,6,False,True,
change_to_left,True,False,False,True,False,True,True,True,keep,0.000999134711626,3.29246211051941,125,1,False,False,*
change_to_left,True,False,False,True,False,True,True,True,swerve_right,0.000999335747254,3.30760335922241,125,2,False,False,
change_to_left,True,False,False,True,False,True,True,True,swerve_left,0.000999335747254,3.25788855552673,125,3,False,False,
change_to_left,True,False,False,True,False,True,True,True,change_to_left,0.001334752828203,3.25419473648071,125,4,False,True,
change_to_left,True,False,False,True,False,True,True,True,change_to_right,0.999333818600681,3.28639793395996,125,5,False,True,
change_to_left,True,False,False,True,False,True,True,True,cruise,0.9993348806703,3.24714994430542,125,6,False,True,
keep,True,False,False,True,False,True,True,True,change_to_left,0.000999067855801,3.26715016365051,126,1,False,False,*
keep,True,False,False,True,False,True,True,True,swerve_left,0.000999335747343,3.25566530227661,126,2,False,False,
keep,True,False,False,True,False,True,True,True,swerve_right,0.000999335747343,3.40588593482971,126,2,False,False,
keep,True,False,False,True,False,True,True,True,keep,0.001334752917528,3.2659924030304,126,3,False,True,
keep,True,False,False,True,False,True,True,True,change_to_right,0.999333818689226,3.29701399803162,126,4,False,True,
keep,True,False,False,True,False,True,True,True,cruise,0.999334880759128,3.26375913619995,126,5,False,True,
keep,True,False,False,True,True,False,False,True,keep,0.001422557742559,3.26010179519653,127,1,False,True,*
keep,True,False,False,True,True,False,False,True,swerve_right,0.500105836321086,3.24738240242004,127,2,False,False,
keep,True,False,False,True,True,False,False,True,swerve_left,0.500105836321086,3.2903139591217,127,3,False,False,
keep,True,False,False,True,True,False,False,True,change_to_left,0.999211115514862,3.25580525398254,127,4,False,True,
keep,True,False,False,True,True,False,False,True,change_to_right,0.999211367062624,3.2841637134552,127,5,False,True,
keep,True,False,False,True,True,False,False,True,cruise,0.999211492958822,3.29581308364868,127,6,False,True,
change_to_left,True,False,False,True,True,False,True,True,swerve_left,0.000999070427881,3.28908276557922,128,1,False,False,*
change_to_left,True,False,False,True,True,False,True,True,swerve_right,0.000999356748685,3.26199793815613,128,2,False,False,
change_to_left,True,False,False,True,True,False,True,True,keep,0.001000528419194,3.27690172195435,128,3,False,False,
change_to_left,True,False,False,True,True,False,True,True,change_to_left,0.001355461181842,3.30086588859558,128,4,False,True,
change_to_left,True,False,False,True,True,False,True,True,cruise,0.999339293112185,3.27925443649292,128,5,False,True,
change_to_left,True,False,False,True,True,False,True,True,change_to_right,0.999339293112185,3.27339720726013,128,6,False,True,
keep,True,False,False,True,True,False,True,True,swerve_left,0.000999070426431,3.28788256645203,129,1,False,False,*
keep,True,False,False,True,True,False,True,True,swerve_right,0.000999356741258,3.27787804603577,129,2,False,False,
keep,True,False,False,True,True,False,True,True,change_to_left,0.001006013204312,3.30229878425598,129,3,False,False,
keep,True,False,False,True,True,False,True,True,keep,0.001355453739983,3.28846454620361,129,4,False,True,
keep,True,False,False,True,True,False,True,True,change_to_right,0.999339286049602,3.26927924156189,129,5,False,True,
keep,True,False,False,True,True,False,True,True,cruise,0.999339286049602,3.2850022315979,129,5,False,True,
keep,True,False,False,True,True,True,False,True,keep,0.001433654485835,3.25988960266113,130,1,False,True,*
keep,True,False,False,True,True,True,False,True,swerve_right,0.500108609121909,3.25103807449341,130,2,False,False,
keep,True,False,False,True,True,True,False,True,swerve_left,0.500108609121909,3.27960681915283,130,3,False,False,
keep,True,False,False,True,True,True,False,True,change_to_left,0.999211836582048,3.25914788246155,130,4,False,True,
keep,True,False,False,True,True,True,False,True,change_to_right,0.999212840117287,3.26529860496521,130,5,False,True,
keep,True,False,False,True,True,True,False,True,cruise,0.999214098860571,3.27074933052063,130,6,False,True,
change_to_left,True,False,False,True,True,True,True,True,swerve_right,0.001000562446297,3.4303126335144,131,1,False,False,*
change_to_left,True,False,False,True,True,True,True,True,swerve_left,0.001004321334654,3.35897946357727,131,2,False,False,
change_to_left,True,False,False,True,True,True,True,True,keep,0.001023965961064,3.31777024269104,131,3,False,False,
change_to_left,True,False,False,True,True,True,True,True,change_to_left,0.002563433633383,3.26666164398193,131,4,False,True,
change_to_left,True,False,False,True,True,True,True,True,change_to_right,0.9994371196591,3.23748874664307,131,5,False,True,
change_to_left,True,False,False,True,True,True,True,True,cruise,0.99943912917218,3.25604248046875,131,6,False,True,
keep,True,False,False,True,True,True,True,True,swerve_right,0.001000560340881,3.42842960357666,132,1,False,False,*
keep,True,False,False,True,True,True,True,True,swerve_left,0.001004314160844,3.38826084136963,132,2,False,False,
keep,True,False,False,True,True,True,True,True,change_to_left,0.001846020784877,3.36947298049927,132,3,False,False,
keep,True,False,False,True,True,True,True,True,keep,0.002561324190402,3.40887093544006,132,4,False,True,
keep,True,False,False,True,True,True,True,True,change_to_right,0.999436531605939,3.40792870521545,132,5,False,True,
keep,True,False,False,True,True,True,True,True,cruise,0.999438538409442,3.37328386306763,132,6,False,True,
cruise,True,False,True,False,False,False,False,True,swerve_right,0.000999335499297,3.41274213790894,133,1,False,False,*
cruise,True,False,True,False,False,False,False,True,cruise,0.001334838954396,3.37580513954163,133,2,False,True,
cruise,True,False,True,False,False,False,False,True,keep,0.50008383386561,3.41287779808044,133,3,False,False,
cruise,True,False,True,False,False,False,False,True,swerve_left,0.50008383386561,3.38841342926025,133,3,False,False,
cruise,True,False,True,False,False,False,False,True,change_to_left,0.999334037564378,3.37180519104004,133,4,False,True,
cruise,True,False,True,False,False,False,False,True,change_to_right,0.999334037564378,3.43988990783691,133,5,False,True,
keep,True,False,True,False,False,False,False,True,cruise,0.000999029679861,3.3767786026001,134,1,False,False,*
keep,True,False,True,False,False,False,False,True,swerve_right,0.000999144428117,3.42847895622253,134,2,False,False,
keep,True,False,True,False,False,False,False,True,swerve_left,0.500035946662999,3.37576675415039,134,3,False,False,
keep,True,False,True,False,False,False,False,True,keep,0.572073057365093,3.41632771492004,134,4,False,True,
keep,True,False,True,False,False,False,False,True,change_to_left,0.999143801348899,3.37947368621826,134,5,False,True,
keep,True,False,True,False,False,False,False,True,change_to_right,0.9991438013489,3.39996910095215,134,6,False,True,
cruise,True,False,True,False,False,False,True,True,swerve_left,0.000999336094893,3.43502187728882,135,1,False,False,*
cruise,True,False,True,False,False,False,True,True,keep,0.000999336094893,3.41663789749146,135,2,False,False,
cruise,True,False,True,False,False,False,True,True,cruise,0.001335772384789,3.43870663642883,135,3,False,True,
cruise,True,False,True,False,False,False,True,True,swerve_right,0.500083983095057,3.40420460700989,135,4,False,False,
cruise,True,False,True,False,False,False,True,True,change_to_left,0.999334434082943,3.4196891784668,135,5,False,True,
cruise,True,False,True,False,False,False,True,True,change_to_right,0.999334434082943,3.42116332054138,135,5,False,True,
keep,True,False,True,False,False,False,True,True,cruise,0.000999336094893,3.45661091804504,136,1,False,False,
keep,True,False,True,False,False,False,True,True,swerve_left,0.000999336094893,3.44950532913208,136,1,False,False,*
keep,True,False,True,False,False,False,True,True,keep,0.001335772384789,3.40127635002136,136,2,False,True,
keep,True,False,True,False,False,False,True,True,swerve_right,0.500083983095057,3.27802515029907,136,3,False,False,
keep,True,False,True,False,False,False,True,True,change_to_left,0.999334434082942,3.4428596496582,136,4,False,True,
keep,True,False,True,False,False,False,True,True,change_to_right,0.999334434082943,3.39117217063904,136,5,False,True,
cruise,True,False,True,False,False,True,False,True,swerve_right,0.000999337982046,3.25107431411743,137,1,False,False,*
cruise,True,False,True,False,False,True,False,True,cruise,0.001337331639239,3.32304763793945,137,2,False,True,
cruise,True,False,True,False,False,True,False,True,swerve_left,0.500084456104411,3.28770446777344,137,3,False,False,
cruise,True,False,True,False,False,True,False,True,keep,0.500084456104411,3.26979160308838,137,4,False,False,
cruise,True,False,True,False,False,True,False,True,change_to_left,0.9993346491354,3.31140685081482,137,5,False,True,
cruise,True,False,True,False,False,True,False,True,change_to_right,0.9993346491354,3.30893850326538,137,6,False,True,
keep,True,False,True,False,False,True,False,True,swerve_right,0.000999145338257,3.27733135223389,138,1,False,False,*
keep,True,False,True,False,False,True,False,True,cruise,0.000999432720505,3.27949714660645,138,2,False,False,
keep,True,False,True,False,False,True,False,True,swerve_left,0.500036174766799,3.30120539665222,138,3,False,False,
keep,True,False,True,False,False,True,False,True,keep,0.572530405472386,3.25586271286011,138,4,False,True,
keep,True,False,True,False,False,True,False,True,change_to_right,0.999143910684194,3.28890705108643,138,5,False,True,
keep,True,False,True,False,False,True,False,True,change_to_left,0.999143910684194,3.27358150482178,138,6,False,True,
cruise,True,False,True,False,False,True,True,True,keep,0.000999353468499,3.32338047027588,139,1,False,False,*
cruise,True,False,True,False,False,True,True,True,swerve_left,0.000999353468499,3.28420996665955,139,1,False,False,
cruise,True,False,True,False,False,True,True,True,cruise,0.001352880068854,3.30967354774475,139,2,False,True,
cruise,True,False,True,False,False,True,True,True,swerve_right,0.500088337395795,3.32529449462891,139,3,False,False,
cruise,True,False,True,False,False,True,True,True,change_to_left,0.999336815748222,3.25839114189148,139,4,False,True,
cruise,True,False,True,False,False,True,True,True,change_to_right,0.999340235924201,3.28523302078247,139,5,False,True,
keep,True,False,True,False,False,True,True,True,swerve_left,0.000999353459586,3.24818634986877,140,1,False,False,*
keep,True,False,True,False,False,True,True,True,cruise,0.001005962101553,3.26661157608032,140,2,False,False,
keep,True,False,True,False,False,True,True,True,keep,0.001352871119222,3.31293201446533,140,3,False,True,
keep,True,False,True,False,False,True,True,True,swerve_right,0.500088335161735,3.30423378944397,140,4,False,False,
keep,True,False,True,False,False,True,True,True,change_to_left,0.999336807255413,3.27323484420776,140,5,False,True,
keep,True,False,True,False,False,True,True,True,change_to_right,0.999340227344895,3.30703687667847,140,6,False,True,
cruise,True,False,True,False,True,False,False,True,swerve_right,0.00099935923711,3.2836320400238,141,1,False,False,*
cruise,True,False,True,False,True,False,False,True,cruise,0.001358671765498,3.27781128883362,141,2,False,True,
cruise,True,False,True,False,True,False,False,True,keep,0.500089783153523,3.29961347579956,141,3,False,False,
cruise,True,False,True,False,True,False,False,True,swerve_left,0.500089783153523,3.27718424797058,141,3,False,False,
cruise,True,False,True,False,True,False,False,True,change_to_left,0.999336808732305,3.26906061172485,141,4,False,True,
cruise,True,False,True,False,True,False,False,True,change_to_right,0.999342570270446,3.28841471672058,141,5,False,True,
keep,True,False,True,False,True,False,False,True,swerve_right,0.000999153051212,3.29517078399658,142,1,False,False,*
keep,True,False,True,False,True,False,False,True,cruise,0.001002981497724,3.27204942703247,142,2,False,False,
keep,True,False,True,False,True,False,False,True,swerve_left,0.500038107825505,3.27101540565491,142,3,False,False,
keep,True,False,True,False,True,False,False,True,keep,0.576406188073564,3.28988146781921,142,4,False,True,
keep,True,False,True,False,True,False,False,True,change_to_left,0.999143531645097,3.26994109153748,142,5,False,True,
keep,True,False,True,False,True,False,False,True,change_to_right,0.999145977089277,3.29716396331787,142,6,False,True,
cruise,True,False,True,False,True,False,True,True,keep,0.000999338916956,3.25798368453979,143,1,False,False,
cruise,True,False,True,False,True,False,True,True,swerve_left,0.000999338916956,3.32362294197083,143,1,False,False,*
cruise,True,False,True,False,True,False,True,True,cruise,0.00133827029083,3.30622625350952,143,2,False,True,
cruise,True,False,True,False,True,False,True,True,swerve_right,0.500084690416199,3.26497769355774,143,3,False,False,
cruise,True,False,True,False,True,False,True,True,change_to_right,0.999335045618266,3.29210233688354,143,4,False,True,
cruise,True,False,True,False,True,False,True,True,change_to_left,0.999335045618266,3.26548552513123,143,5,False,True,
keep,True,False,True,False,True,False,True,True,swerve_left,0.0009993389157,3.28960919380188,144,1,False,False,*
keep,True,False,True,False,True,False,True,True,cruise,0.001000280222217,3.30689930915833,144,2,False,False,
keep,True,False,True,False,True,False,True,True,keep,0.001338269029849,3.2672336101532,144,3,False,True,
keep,True,False,True,False,True,False,True,True,swerve_right,0.500084690101425,3.26476764678955,144,4,False,False,
keep,True,False,True,False,True,False,True,True,change_to_left,0.9993350443767,3.283686876297,144,5,False,True,
keep,True,False,True,False,True,False,True,True,change_to_right,0.9993350443767,3.26683211326599,144,5,False,True,
cruise,True,False,True,False,True,True,False,True,swerve_right,0.000999291769063,3.2621054649353,145,1,False,False,*
cruise,True,False,True,False,True,True,False,True,cruise,0.001655097814376,3.2636923789978,145,2,False,True,
cruise,True,False,True,False,True,True,False,True,keep,0.500163942315474,3.25963115692139,145,3,False,False,
cruise,True,False,True,False,True,True,False,True,swerve_left,0.500163942315474,3.30505537986755,145,3,False,False,
cruise,True,False,True,False,True,True,False,True,change_to_left,0.999385197816748,3.30911564826965,145,4,False,True,
cruise,True,False,True,False,True,True,False,True,change_to_right,0.999386661822829,3.26188683509827,145,5,False,True,
keep,True,False,True,False,True,True,False,True,swerve_right,0.000999110614908,3.24527049064636,146,1,False,False,*
keep,True,False,True,False,True,True,False,True,cruise,0.001062593965099,3.29466104507446,146,2,False,False,
keep,True,False,True,False,True,True,False,True,swerve_left,0.500061803417618,3.27299737930298,146,3,False,False,
keep,True,False,True,False,True,True,False,True,keep,0.623792244498594,3.24934601783752,146,4,False,True,
keep,True,False,True,False,True,True,False,True,change_to_left,0.999145835932369,3.26616644859314,146,5,False,True,
keep,True,False,True,False,True,True,False,True,change_to_right,0.999146387837342,3.25753021240234,146,6,False,True,
cruise,True,False,True,False,True,True,True,True,swerve_left,0.000999125687133,3.28627514839172,147,1,False,False,*
cruise,True,False,True,False,True,True,True,True,keep,0.000999375061359,3.30961918830872,147,2,False,False,
cruise,True,False,True,False,True,True,True,True,cruise,0.002187272942083,3.27956914901733,147,3,False,True,
cruise,True,False,True,False,True,True,True,True,swerve_right,0.500297216445284,3.31585931777954,147,4,False,False,
cruise,True,False,True,False,True,True,True,True,change_to_left,0.999423569395201,3.28487420082092,147,5,False,True,
cruise,True,False,True,False,True,True,True,True,change_to_right,0.999423798703588,3.24101948738098,147,6,False,True,
keep,True,False,True,False,True,True,True,True,swerve_left,0.000999125558212,3.25137734413147,148,1,False,False,*
keep,True,False,True,False,True,True,True,True,cruise,0.001560525606242,3.25160217285156,148,2,False,False,
keep,True,False,True,False,True,True,True,True,keep,0.00218604432483,3.29134368896484,148,3,False,True,
keep,True,False,True,False,True,True,True,True,swerve_right,0.50029690913747,3.2912323474884,148,4,False,False,
keep,True,False,True,False,True,True,True,True,change_to_left,0.999423132478338,3.26932334899902,148,5,False,True,
keep,True,False,True,False,True,True,True,True,change_to_right,0.999423361549631,3.29618310928345,148,6,False,True,
cruise,True,False,True,True,False,False,False,True,cruise,0.001336038602065,3.26522898674011,149,1,False,True,*
cruise,True,False,True,True,False,False,False,True,keep,0.500084133328789,3.26719641685486,149,2,False,False,
cruise,True,False,True,True,False,False,False,True,swerve_left,0.500084133328789,3.25405287742615,149,2,False,False,
cruise,True,False,True,True,False,False,False,True,swerve_right,0.500084133328789,3.29418015480042,149,2,False,False,
cruise,True,False,True,True,False,False,False,True,change_to_left,0.999334165754926,3.28259968757629,149,3,False,True,
cruise,True,False,True,True,False,False,False,True,change_to_right,0.999334165754926,3.29039764404297,149,3,False,True,
keep,True,False,True,True,False,False,False,True,cruise,0.000999259494371,3.26746273040771,150,1,False,False,*
keep,True,False,True,True,False,False,False,True,swerve_left,0.50003605649242,3.27859377861023,150,2,False,False,
keep,True,False,True,True,False,False,False,True,swerve_right,0.50003605649242,3.31264185905457,150,2,False,False,
keep,True,False,True,True,False,False,False,True,keep,0.572293265349452,3.27398824691772,150,3,False,True,
keep,True,False,True,True,False,False,False,True,change_to_right,0.999143782755539,3.28480863571167,150,4,False,True,
keep,True,False,True,True,False,False,False,True,change_to_left,0.999143782755539,3.26697492599487,150,5,False,True,
change_to_left,True,False,True,True,False,False,True,True,keep,0.000999009556065,3.29118680953979,151,1,False,False,*
change_to_left,True,False,True,True,False,False,True,True,swerve_left,0.000999009556065,3.30012249946594,151,2,False,False,
change_to_left,True,False,True,True,False,False,True,True,cruise,0.0009990316792,3.33293509483337,151,3,False,False,
change_to_left,True,False,True,True,False,False,True,True,change_to_left,0.001007599871676,3.26634907722473,151,4,False,True,
change_to_left,True,False,True,True,False,False,True,True,swerve_right,0.500002144362288,3.26190233230591,151,5,False,False,
change_to_left,True,False,True,True,False,False,True,True,change_to_right,0.999998486525084,3.30520462989807,151,6,False,True,
cruise,True,False,True,True,False,False,True,True,change_to_left,0.000999009556088,3.27686882019043,152,1,False,False,
cruise,True,False,True,True,False,False,True,True,swerve_left,0.000999009556088,3.31012964248657,152,1,False,False,*
cruise,True,False,True,True,False,False,True,True,keep,0.000999009556088,3.25714373588562,152,2,False,False,
cruise,True,False,True,True,False,False,True,True,cruise,0.001007599893989,3.29553413391113,152,3,False,True,
cruise,True,False,True,True,False,False,True,True,swerve_right,0.500002144367853,3.24349594116211,152,4,False,False,
cruise,True,False,True,True,False,False,True,True,change_to_right,0.9999984891135,3.27547359466553,152,5,False,True,
keep,True,False,True,True,False,False,True,True,change_to_left,0.000999009556065,3.3087272644043,153,1,False,False,*
keep,True,False,True,True,False,False,True,True,swerve_left,0.000999009556065,3.26187539100647,153,1,False,False,
keep,True,False,True,True,False,False,True,True,cruise,0.0009990316792,3.29001474380493,153,2,False,False,
keep,True,False,True,True,False,False,True,True,keep,0.001007599871676,3.27434301376343,153,3,False,True,
keep,True,False,True,True,False,False,True,True,swerve_right,0.500002144362288,3.25773859024048,153,4,False,False,
keep,True,False,True,True,False,False,True,True,change_to_right,0.999998486525084,3.27093505859375,153,5,False,True,
cruise,True,False,True,True,False,True,False,True,cruise,0.001345305114855,3.2829008102417,154,1,False,True,*
cruise,True,False,True,True,False,True,False,True,keep,0.50008644649077,3.27495813369751,154,2,False,False,
cruise,True,False,True,True,False,True,False,True,swerve_left,0.50008644649077,3.27160954475403,154,2,False,False,
cruise,True,False,True,True,False,True,False,True,swerve_right,0.50008644649077,3.26271724700928,154,2,False,False,
cruise,True,False,True,True,False,True,False,True,change_to_left,0.999336401925966,3.28921627998352,154,3,False,True,
cruise,True,False,True,True,False,True,False,True,change_to_right,0.999336401925966,3.26315546035767,154,3,False,True,
keep,True,False,True,True,False,True,False,True,cruise,0.001000775653935,3.30585336685181,155,1,False,False,*
keep,True,False,True,True,False,True,False,True,swerve_left,0.500036901142215,3.27486419677734,155,2,False,False,
keep,True,False,True,True,False,True,False,True,swerve_right,0.500036901142215,3.28094410896301,155,2,False,False,
keep,True,False,True,True,False,True,False,True,keep,0.573986788143352,3.30343151092529,155,3,False,True,
keep,True,False,True,True,False,True,False,True,change_to_left,0.999144171967528,3.29442763328552,155,4,False,True,
keep,True,False,True,True,False,True,False,True,change_to_right,0.999144171967528,3.2710657119751,155,4,False,True,
change_to_left,True,False,True,True,False,True,True,True,swerve_left,0.000999162981448,3.26063466072083,156,1,False,False,*
change_to_left,True,False,True,True,False,True,True,True,keep,0.000999162981448,3.29333448410034,156,2,False,False,
change_to_left,True,False,True,True,False,True,True,True,cruise,0.001004226370571,3.27442741394043,156,3,False,False,
change_to_left,True,False,True,True,False,True,True,True,change_to_left,0.001161630693115,3.26750707626343,156,4,False,True,
change_to_left,True,False,True,True,False,True,True,True,swerve_right,0.500040596590285,3.29659700393677,156,5,False,False,
change_to_left,True,False,True,True,False,True,True,True,change_to_right,0.999998221454785,3.31490993499756,156,6,False,True,
cruise,True,False,True,True,False,True,True,True,keep,0.000999162967892,3.28340744972229,157,1,False,False,*
cruise,True,False,True,True,False,True,True,True,swerve_left,0.000999162967892,3.27333378791809,157,2,False,False,
cruise,True,False,True,True,False,True,True,True,change_to_left,0.00101593099917,3.28690814971924,157,3,False,False,
cruise,True,False,True,True,False,True,True,True,cruise,0.001161617082991,3.27792406082153,157,4,False,True,
cruise,True,False,True,True,False,True,True,True,swerve_right,0.500040593192845,3.3019118309021,157,5,False,False,
cruise,True,False,True,True,False,True,True,True,change_to_right,0.999998137999502,3.28027606010437,157,6,False,True,
keep,True,False,True,True,False,True,True,True,swerve_left,0.000999162962028,3.27659749984741,158,1,False,False,*
keep,True,False,True,True,False,True,True,True,cruise,0.001004225744123,3.30707287788391,158,2,False,False,
keep,True,False,True,True,False,True,True,True,change_to_left,0.001015930386285,3.25980877876282,158,3,False,False,
keep,True,False,True,True,False,True,True,True,keep,0.001161611196102,3.31514453887939,158,4,False,True,
keep,True,False,True,True,False,True,True,True,swerve_right,0.500040591723325,3.28521752357483,158,5,False,False,
keep,True,False,True,True,False,True,True,True,change_to_right,0.999998101901959,3.29110169410706,158,6,False,True,
cruise,True,False,True,True,True,False,False,True,cruise,0.001542600013395,3.31161713600159,159,1,False,True,*
cruise,True,False,True,True,True,False,False,True,keep,0.500135696415602,3.27490186691284,159,2,False,False,
cruise,True,False,True,True,True,False,False,True,swerve_left,0.500135696415602,3.28822231292725,159,2,False,False,
cruise,True,False,True,True,True,False,False,True,swerve_right,0.500135696415602,3.31211304664612,159,2,False,False,
cruise,True,False,True,True,True,False,False,True,change_to_left,0.999371237949868,3.25012898445129,159,3,False,True,
cruise,True,False,True,True,True,False,False,True,change_to_right,0.999372734122856,3.28371596336365,159,4,False,True,
keep,True,False,True,True,True,False,False,True,cruise,0.001038545602423,3.29716062545776,160,1,False,False,*
keep,True,False,True,True,True,False,False,True,swerve_left,0.500053421909001,3.3232593536377,160,2,False,False,
keep,True,False,True,True,True,False,False,True,swerve_right,0.500053421909001,3.26444554328918,160,2,False,False,
keep,True,False,True,True,True,False,False,True,keep,0.607110924653359,3.26973104476929,160,3,False,True,
keep,True,False,True,True,True,False,False,True,change_to_left,0.999146757852032,3.28558802604675,160,4,False,True,
keep,True,False,True,True,True,False,False,True,change_to_right,0.999147346875823,3.26081824302673,160,5,False,True,
change_to_left,True,False,True,True,True,False,True,True,keep,0.000999576279954,3.25784707069397,161,1,False,False,*
change_to_left,True,False,True,True,True,False,True,True,swerve_left,0.000999576279954,3.29775905609131,161,2,False,False,
change_to_left,True,False,True,True,True,False,True,True,cruise,0.001086146663744,3.30699372291565,161,3,False,False,
change_to_left,True,False,True,True,True,False,True,True,change_to_left,0.001576583208766,3.30336999893188,161,4,False,True,
change_to_left,True,False,True,True,True,False,True,True,swerve_right,0.500144179502747,3.2572705745697,161,5,False,False,
change_to_left,True,False,True,True,True,False,True,True,change_to_right,0.999997399227201,3.27123093605042,161,6,False,True,
cruise,True,False,True,True,True,False,True,True,keep,0.000999576224336,3.25248765945435,162,1,False,False,
cruise,True,False,True,True,True,False,True,True,swerve_left,0.000999576224336,3.29864525794983,162,1,False,False,*
cruise,True,False,True,True,True,False,True,True,change_to_left,0.001121526966762,3.28334069252014,162,2,False,False,
cruise,True,False,True,True,True,False,True,True,cruise,0.001576527368123,3.28478765487671,162,3,False,True,
cruise,True,False,True,True,True,False,True,True,swerve_right,0.500144165563474,3.27237820625305,162,4,False,False,
cruise,True,False,True,True,True,False,True,True,change_to_right,0.999997302895332,3.27221083641052,162,5,False,True,
keep,True,False,True,True,True,False,True,True,swerve_left,0.000999576088309,3.28949499130249,163,1,False,False,*
keep,True,False,True,True,True,False,True,True,cruise,0.001086117632593,3.2821671962738,163,2,False,False,
keep,True,False,True,True,True,False,True,True,change_to_left,0.001121497992251,3.27756977081299,163,3,False,False,
keep,True,False,True,True,True,False,True,True,keep,0.001576390796711,3.30635333061218,163,4,False,True,
keep,True,False,True,True,True,False,True,True,swerve_right,0.500144131471706,3.2828950881958,163,5,False,False,
keep,True,False,True,True,True,False,True,True,change_to_right,0.999997067293114,3.24945783615112,163,6,False,True,
cruise,True,False,True,True,True,True,False,True,cruise,0.001675259578507,3.26001763343811,164,1,False,True,*
cruise,True,False,True,True,True,True,False,True,keep,0.500168811684462,3.30688405036926,164,2,False,False,
cruise,True,False,True,True,True,True,False,True,swerve_left,0.500168811684462,3.29228043556213,164,2,False,False,
cruise,True,False,True,True,True,True,False,True,swerve_right,0.500168811684463,3.29623413085938,164,3,False,False,
cruise,True,False,True,True,True,True,False,True,change_to_left,0.999384296672607,3.28989934921265,164,4,False,True,
cruise,True,False,True,True,True,True,False,True,change_to_right,0.999391306205109,3.30850124359131,164,5,False,True,
keep,True,False,True,True,True,True,False,True,cruise,0.001066906137839,3.25053024291992,165,1,False,False,*
keep,True,False,True,True,True,True,False,True,swerve_left,0.500063158812071,3.25056958198547,165,2,False,False,
keep,True,False,True,True,True,True,False,True,swerve_right,0.500063158812071,3.28694486618042,165,2,False,False,
keep,True,False,True,True,True,True,False,True,keep,0.626633414780631,3.28070735931396,165,3,False,True,
keep,True,False,True,True,True,True,False,True,change_to_left,0.999144405728043,3.2412474155426,165,4,False,True,
keep,True,False,True,True,True,True,False,True,change_to_right,0.999147028258275,3.26819705963135,165,5,False,True,
change_to_left,True,False,True,True,True,True,True,True,swerve_left,0.000999274877342,3.35596919059753,166,1,False,False,*
change_to_left,True,False,True,True,True,True,True,True,keep,0.000999548754743,3.30024194717407,166,2,False,False,
change_to_left,True,False,True,True,True,True,True,True,cruise,0.001369611672824,3.29137063026428,166,3,False,False,
change_to_left,True,False,True,True,True,True,True,True,change_to_left,0.003507796975939,3.27001261711121,166,4,False,True,
change_to_left,True,False,True,True,True,True,True,True,swerve_right,0.500627512436761,3.30044984817505,166,5,False,False,
change_to_left,True,False,True,True,True,True,True,True,change_to_right,0.999994226835286,3.2940411567688,166,6,False,True,
cruise,True,False,True,True,True,True,True,True,swerve_left,0.000999274475099,3.29649114608765,167,1,False,False,*
cruise,True,False,True,True,True,True,True,True,keep,0.000999547950257,3.26057577133179,167,2,False,False,
cruise,True,False,True,True,True,True,True,True,change_to_left,0.002418593434048,3.28355693817139,167,3,False,False,
cruise,True,False,True,True,True,True,True,True,cruise,0.003504112314334,3.30367994308472,167,4,False,True,
cruise,True,False,True,True,True,True,True,True,swerve_right,0.500626590811007,3.37275433540344,167,5,False,False,
cruise,True,False,True,True,True,True,True,True,change_to_right,0.999992768085822,3.28013014793396,167,6,False,True,
keep,True,False,True,True,True,True,True,True,swerve_left,0.000999274333677,3.41370320320129,168,1,False,False,*
keep,True,False,True,True,True,True,True,True,cruise,0.001368875986502,3.40174531936646,168,2,False,False,
keep,True,False,True,True,True,True,True,True,change_to_left,0.002417859323849,3.41696739196777,168,3,False,False,
keep,True,False,True,True,True,True,True,True,keep,0.003502816852538,3.37429285049438,168,4,False,True,
keep,True,False,True,True,True,True,True,True,swerve_right,0.500626266783706,3.37078928947449,168,5,False,False,
keep,True,False,True,True,True,True,True,True,change_to_right,0.999992255215333,3.38017630577087,168,6,False,True,
keep,True,True,False,False,False,False,False,True,swerve_left,0.000999423292883,3.41721701622009,169,1,False,False,*
keep,True,True,False,False,False,False,False,True,swerve_right,0.000999423292883,3.37621092796326,169,2,False,False,
keep,True,True,False,False,False,False,False,True,keep,0.001422561180851,3.36214232444763,169,3,False,True,
keep,True,True,False,False,False,False,False,True,change_to_right,0.999211536201831,3.37003874778748,169,4,False,True,
keep,True,True,False,False,False,False,False,True,cruise,0.999211536201831,3.40105390548706,169,4,False,True,
keep,True,True,False,False,False,False,False,True,change_to_left,0.999211536201831,3.4066436290741,169,5,False,True,
keep,True,True,False,False,False,False,True,True,swerve_left,0.000999422575928,3.40323352813721,170,1,False,False,
keep,True,True,False,False,False,False,True,True,swerve_right,0.000999422575928,3.38055753707886,170,1,False,False,*
keep,True,True,False,False,False,False,True,True,keep,0.001421842073682,3.3558361530304,170,2,False,True,
keep,True,True,False,False,False,False,True,True,cruise,0.999211220702719,3.40101456642151,170,3,False,True,
keep,True,True,False,False,False,False,True,True,change_to_right,0.99921122070272,3.36329174041748,170,4,False,True,
keep,True,True,False,False,False,False,True,True,change_to_left,0.999211850794548,3.39771485328674,170,5,False,True,
keep,True,True,False,False,False,True,False,True,swerve_right,0.000999273439723,3.41149997711182,171,1,False,False,*
keep,True,True,False,False,False,True,False,True,swerve_left,0.001000451016338,3.35065007209778,171,2,False,False,
keep,True,True,False,False,False,True,False,True,keep,0.002451917369584,3.41090440750122,171,3,False,True,
keep,True,True,False,False,False,True,False,True,change_to_left,0.999270079216093,3.39201354980469,171,4,False,True,
keep,True,True,False,False,False,True,False,True,change_to_right,0.999277252555466,3.378093957901,171,5,False,True,
keep,True,True,False,False,False,True,False,True,cruise,0.999284615696428,3.41310167312622,171,6,False,True,
keep,True,True,False,False,False,True,True,True,swerve_right,0.000999739768206,3.40523481369019,172,1,False,False,*
keep,True,True,False,False,False,True,True,True,swerve_left,0.001002237651285,3.36281847953796,172,2,False,False,
keep,True,True,False,False,False,True,True,True,keep,0.004241914259416,3.39007830619812,172,3,False,True,
keep,True,True,False,False,False,True,True,True,change_to_right,0.999289464354939,3.41473650932312,172,4,False,True,
keep,True,True,False,False,False,True,True,True,cruise,0.999293975489973,3.35399985313416,172,5,False,True,
keep,True,True,False,False,False,True,True,True,change_to_left,0.999327156839238,3.38900113105774,172,6,False,True,
keep,True,True,False,False,True,False,False,True,swerve_left,0.000999481935847,3.36850762367249,173,1,False,False,*
keep,True,True,False,False,True,False,False,True,swerve_right,0.000999481935847,3.38888835906982,173,2,False,False,
keep,True,True,False,False,True,False,False,True,keep,0.001741964113306,3.39216375350952,173,3,False,True,
keep,True,True,False,False,True,False,False,True,change_to_right,0.999224412310543,3.386155128479,173,4,False,True,
keep,True,True,False,False,True,False,False,True,change_to_left,0.999226509118314,3.35337519645691,173,5,False,True,
keep,True,True,False,False,True,False,False,True,cruise,0.999284411017384,3.35077357292175,173,6,False,True,
keep,True,True,False,False,True,False,True,True,swerve_right,0.000999281341852,3.38177871704102,174,1,False,False,*
keep,True,True,False,False,True,False,True,True,swerve_left,0.000999351427366,3.37977266311646,174,2,False,False,
keep,True,True,False,False,True,False,True,True,keep,0.001783901040378,3.38938045501709,174,3,False,True,
keep,True,True,False,False,True,False,True,True,change_to_right,0.999226683009319,3.38000965118408,174,4,False,True,
keep,True,True,False,False,True,False,True,True,cruise,0.999250344764681,3.35686707496643,174,5,False,True,
keep,True,True,False,False,True,False,True,True,change_to_left,0.999266535399271,3.35910224914551,174,6,False,True,
keep,True,True,False,False,True,True,False,True,swerve_left,0.001000189766138,3.39876389503479,175,1,False,False,*
keep,True,True,False,False,True,True,False,True,swerve_right,0.001000784149694,3.35171556472778,175,2,False,False,
keep,True,True,False,False,True,True,False,True,keep,0.003172962323856,3.3776319026947,175,3,False,True,
keep,True,True,False,False,True,True,False,True,change_to_left,0.999237189646168,3.35898590087891,175,4,False,True,
keep,True,True,False,False,True,True,False,True,change_to_right,0.999269982795249,3.40972876548767,175,5,False,True,
keep,True,True,False,False,True,True,False,True,cruise,0.999371383312967,3.39810514450073,175,6,False,True,
keep,True,True,False,False,True,True,True,True,swerve_left,0.001001843926186,3.41118264198303,176,1,False,False,*
keep,True,True,False,False,True,True,True,True,swerve_right,0.001003432621438,3.35968255996704,176,2,False,False,
keep,True,True,False,False,True,True,True,True,keep,0.009951369665184,3.36859512329102,176,3,False,True,
keep,True,True,False,False,True,True,True,True,change_to_right,0.999226446341849,3.34494042396545,176,4,False,True,
keep,True,True,False,False,True,True,True,True,change_to_left,0.9993580163386,3.41287064552307,176,5,False,True,
keep,True,True,False,False,True,True,True,True,cruise,0.99937395705417,3.39926147460938,176,6,False,True,
keep,True,True,False,True,False,False,False,True,swerve_left,0.000999422934105,3.38246011734009,177,1,False,False,*
keep,True,True,False,True,False,False,False,True,swerve_right,0.000999422934105,3.36853218078613,177,2,False,False,
keep,True,True,False,True,False,False,False,True,keep,0.001422201325806,3.36370754241943,177,3,False,True,
keep,True,True,False,True,False,False,False,True,change_to_left,0.999211273485977,3.39163255691528,177,4,False,True,
keep,True,True,False,True,False,False,False,True,change_to_right,0.99921139940415,3.36241674423218,177,5,False,True,
keep,True,True,False,True,False,False,False,True,cruise,0.999211777459199,3.41554117202759,177,6,False,True,
change_to_left,True,True,False,True,False,False,True,True,swerve_right,0.000999202390436,3.36470818519592,178,1,False,False,*
change_to_left,True,True,False,True,False,False,True,True,swerve_left,0.000999337523582,3.39158511161804,178,2,False,False,
change_to_left,True,True,False,True,False,False,True,True,keep,0.000999337523582,3.38011479377747,178,3,False,False,
change_to_left,True,True,False,True,False,False,True,True,change_to_left,0.001336534486367,3.40153765678406,178,4,False,True,
change_to_left,True,True,False,True,False,False,True,True,change_to_right,0.999334788235469,3.37248778343201,178,5,False,True,
change_to_left,True,True,False,True,False,False,True,True,cruise,0.999334788235469,3.38281059265137,178,6,False,True,
keep,True,True,False,True,False,False,True,True,swerve_right,0.000999202390169,3.41199254989624,179,1,False,False,*
keep,True,True,False,True,False,False,True,True,swerve_left,0.000999337523135,3.35029292106628,179,2,False,False,
keep,True,True,False,True,False,False,True,True,change_to_left,0.000999672301609,3.3962984085083,179,3,False,False,
keep,True,True,False,True,False,False,True,True,keep,0.001336534038477,3.40476870536804,179,4,False,True,
keep,True,True,False,True,False,False,True,True,change_to_right,0.999334787792549,3.37197065353394,179,5,False,True,
keep,True,True,False,True,False,False,True,True,cruise,0.999334787792549,3.40164113044739,179,5,False,True,
keep,True,True,False,True,False,True,False,True,swerve_left,0.000999766661268,3.35538268089294,180,1,False,False,
keep,True,True,False,True,False,True,False,True,swerve_right,0.000999766661268,3.39081478118896,180,1,False,False,*
keep,True,True,False,True,False,True,False,True,keep,0.001766960010909,3.39268636703491,180,2,False,True,
keep,True,True,False,True,False,True,False,True,change_to_left,0.999241034354845,3.34764242172241,180,3,False,True,
keep,True,True,False,True,False,True,False,True,change_to_right,0.999245210277236,3.39859199523926,180,4,False,True,
keep,True,True,False,True,False,True,False,True,cruise,0.999253408714608,3.36213278770447,180,5,False,True,
change_to_left,True,True,False,True,False,True,True,True,swerve_right,0.000999464028324,3.37470817565918,181,1,False,False,*
change_to_left,True,True,False,True,False,True,True,True,swerve_left,0.001001919592683,3.33473229408264,181,2,False,False,
change_to_left,True,True,False,True,False,True,True,True,keep,0.001030081953792,3.38485598564148,181,3,False,False,
change_to_left,True,True,False,True,False,True,True,True,change_to_left,0.001462955380682,3.3559741973877,181,4,False,True,
change_to_left,True,True,False,True,False,True,True,True,change_to_right,0.999343984006853,3.40093159675598,181,5,False,True,
change_to_left,True,True,False,True,False,True,True,True,cruise,0.9993772777185,3.35788249969482,181,6,False,True,
keep,True,True,False,True,False,True,True,True,swerve_right,0.000999464038585,3.40057563781738,182,1,False,False,*
keep,True,True,False,True,False,True,True,True,swerve_left,0.001001919657361,3.3627507686615,182,2,False,False,
keep,True,True,False,True,False,True,True,True,change_to_left,0.001023061299755,3.37265706062317,182,3,False,False,
keep,True,True,False,True,False,True,True,True,keep,0.001462965662176,3.37183690071106,182,4,False,True,
keep,True,True,False,True,False,True,True,True,change_to_right,0.999343991607575,3.39666128158569,182,5,False,True,
keep,True,True,False,True,False,True,True,True,cruise,0.99937728605703,3.35628604888916,182,6,False,True,
keep,True,True,False,True,True,False,False,True,swerve_right,0.000999201336918,3.36987662315369,183,1,False,False,*
keep,True,True,False,True,True,False,False,True,swerve_left,0.000999735569563,3.39533948898315,183,2,False,False,
keep,True,True,False,True,True,False,False,True,keep,0.00164840732578,3.34801006317139,183,3,False,True,
keep,True,True,False,True,True,False,False,True,change_to_right,0.999225837773217,3.39257621765137,183,4,False,True,
keep,True,True,False,True,True,False,False,True,change_to_left,0.99923848349072,3.35851454734802,183,5,False,True,
keep,True,True,False,True,True,False,False,True,cruise,0.999247288647841,3.40327143669128,183,6,False,True,
change_to_left,True,True,False,True,True,False,True,True,swerve_right,0.000999302423544,3.36990237236023,184,1,False,False,*
change_to_left,True,True,False,True,True,False,True,True,swerve_left,0.001004125210254,3.40531325340271,184,2,False,False,
change_to_left,True,True,False,True,True,False,True,True,keep,0.001465688347523,3.35341644287109,184,3,False,False,
change_to_left,True,True,False,True,True,False,True,True,change_to_left,0.003603189559807,3.39702606201172,184,4,False,True,
change_to_left,True,True,False,True,True,False,True,True,change_to_right,0.999441513576717,3.35331249237061,184,5,False,True,
change_to_left,True,True,False,True,True,False,True,True,cruise,0.999475046580586,3.4136700630188,184,6,False,True,
keep,True,True,False,True,True,False,True,True,swerve_right,0.000999302054289,3.34845566749573,185,1,False,False,*
keep,True,True,False,True,True,False,True,True,swerve_left,0.001004118932908,3.39867424964905,185,2,False,False,
keep,True,True,False,True,True,False,True,True,change_to_left,0.002349780333817,3.39758729934692,185,3,False,False,
keep,True,True,False,True,True,False,True,True,keep,0.003599999332914,3.38201761245728,185,4,False,True,
keep,True,True,False,True,True,False,True,True,change_to_right,0.999440973931362,3.35501980781555,185,5,False,True,
keep,True,True,False,True,True,False,True,True,cruise,0.999474465856066,3.41147994995117,185,6,False,True,
keep,True,True,False,True,True,True,False,True,swerve_left,0.000999864149918,3.39062142372131,186,1,False,False,*
keep,True,True,False,True,True,True,False,True,swerve_right,0.000999864149918,3.35127639770508,186,1,False,False,
keep,True,True,False,True,True,True,False,True,keep,0.001864673133172,3.35252237319946,186,2,False,True,
keep,True,True,False,True,True,True,False,True,change_to_right,0.99921871360368,3.35824155807495,186,3,False,True,
keep,True,True,False,True,True,True,False,True,change_to_left,0.999227735522675,3.39166069030762,186,4,False,True,
keep,True,True,False,True,True,True,False,True,cruise,0.999314851108033,3.42396926879883,186,5,False,True,
change_to_left,True,True,False,True,True,True,True,True,swerve_left,0.001007221088936,3.38714075088501,187,1,False,False,*
change_to_left,True,True,False,True,True,True,True,True,swerve_right,0.001013412917636,3.40182733535767,187,2,False,False,
change_to_left,True,True,False,True,True,True,True,True,keep,0.001151677119122,3.38593220710754,187,3,False,False,
change_to_left,True,True,False,True,True,True,True,True,change_to_left,0.002273632662679,3.38606476783752,187,4,False,True,
change_to_left,True,True,False,True,True,True,True,True,change_to_right,0.999340444454315,3.35774898529053,187,5,False,True,
change_to_left,True,True,False,True,True,True,True,True,cruise,0.999519808816564,3.39268708229065,187,6,False,True,
keep,True,True,False,True,True,True,True,True,swerve_left,0.00100721656001,3.36430382728577,188,1,False,False,*
keep,True,True,False,True,True,True,True,True,swerve_right,0.001013404977273,3.4100456237793,188,2,False,False,
keep,True,True,False,True,True,True,True,True,change_to_left,0.001460196588766,3.37268829345703,188,3,False,False,
keep,True,True,False,True,True,True,True,True,keep,0.002272930393949,3.41091346740723,188,4,False,True,
keep,True,True,False,True,True,True,True,True,change_to_right,0.999340257434619,3.38928413391113,188,5,False,True,
keep,True,True,False,True,True,True,True,True,cruise,0.999519522974608,3.36627054214478,188,6,False,True,
cruise,True,True,True,False,False,False,False,True,keep,0.000999375990124,3.39172601699829,189,1,False,False,*
cruise,True,True,True,False,False,False,False,True,swerve_left,0.000999375990124,3.35576343536377,189,2,False,False,
cruise,True,True,True,False,False,False,False,True,swerve_right,0.000999375990124,3.40466856956482,189,3,False,False,
cruise,True,True,True,False,False,False,False,True,cruise,0.001375491824535,3.37872910499573,189,4,False,True,
cruise,True,True,True,False,False,False,False,True,change_to_left,0.999343773152757,3.38897204399109,189,5,False,True,
cruise,True,True,True,False,False,False,False,True,change_to_right,0.999343773152757,3.40574550628662,189,6,False,True,
keep,True,True,True,False,False,False,False,True,swerve_left,0.000999375968494,3.36062073707581,190,1,False,False,
keep,True,True,True,False,False,False,False,True,swerve_right,0.000999375968494,3.38605213165283,190,1,False,False,*
keep,True,True,True,False,False,False,False,True,cruise,0.001015148644416,3.37492871284485,190,2,False,False,
keep,True,True,True,False,False,False,False,True,keep,0.001375470107675,3.39300942420959,190,3,False,True,
keep,True,True,True,False,False,False,False,True,change_to_left,0.99934375338081,3.36183094978333,190,4,False,True,
keep,True,True,True,False,False,False,False,True,change_to_right,0.99934375338081,3.39623951911926,190,5,False,True,
cruise,True,True,True,False,False,False,True,True,keep,0.000999528477659,3.37927389144897,191,1,False,False,*
cruise,True,True,True,False,False,False,True,True,swerve_right,0.000999528477659,3.36074066162109,191,1,False,False,
cruise,True,True,True,False,False,False,True,True,swerve_left,0.000999528477659,3.41088676452637,191,2,False,False,
cruise,True,True,True,False,False,False,True,True,cruise,0.001528589610234,3.39972472190857,191,3,False,True,
cruise,True,True,True,False,False,False,True,True,change_to_left,0.999370695466302,3.38519477844238,191,4,False,True,
cruise,True,True,True,False,False,False,True,True,change_to_right,0.999370695466302,3.39861035346985,191,5,False,True,
keep,True,True,True,False,False,False,True,True,swerve_right,0.00099952833819,3.36208724975586,192,1,False,False,*
keep,True,True,True,False,False,False,True,True,swerve_left,0.00099952833819,3.41627955436707,192,2,False,False,
keep,True,True,True,False,False,False,True,True,cruise,0.001091042090609,3.40755105018616,192,3,False,False,
keep,True,True,True,False,False,False,True,True,keep,0.001528449583515,3.37454509735107,192,4,False,True,
keep,True,True,True,False,False,False,True,True,change_to_left,0.999370597716384,3.43950605392456,192,5,False,True,
keep,True,True,True,False,False,False,True,True,change_to_right,0.999370597716384,3.35756731033325,192,5,False,True,
cruise,True,True,True,False,False,True,False,True,keep,0.00099972525547,3.36019825935364,193,1,False,False,
cruise,True,True,True,False,False,True,False,True,swerve_left,0.00099972525547,3.40470266342163,193,1,False,False,*
cruise,True,True,True,False,False,True,False,True,swerve_right,0.001000421309267,3.37293577194214,193,2,False,False,
cruise,True,True,True,False,False,True,False,True,cruise,0.001725429954804,3.414719581604,193,3,False,True,
cruise,True,True,True,False,False,True,False,True,change_to_left,0.999390678613194,3.39186811447144,193,4,False,True,
cruise,True,True,True,False,False,True,False,True,change_to_right,0.999396456014005,3.35250568389893,193,5,False,True,
keep,True,True,True,False,False,True,False,True,swerve_left,0.000999724889757,3.39479756355286,194,1,False,False,*
keep,True,True,True,False,False,True,False,True,swerve_right,0.001000420592082,3.35095024108887,194,2,False,False,
keep,True,True,True,False,False,True,False,True,cruise,0.001212103289908,3.3953423500061,194,3,False,False,
keep,True,True,True,False,False,True,False,True,keep,0.001725063144673,3.36923170089722,194,4,False,True,
keep,True,True,True,False,False,True,False,True,change_to_left,0.999390481845069,3.37794137001038,194,5,False,True,
keep,True,True,True,False,False,True,False,True,change_to_right,0.999396256328583,3.3852653503418,194,6,False,True,
cruise,True,True,True,False,False,True,True,True,swerve_right,0.001000708909167,3.429518699646,195,1,False,False,*
cruise,True,True,True,False,False,True,True,True,swerve_left,0.001003952475199,3.37306690216064,195,2,False,False,
cruise,True,True,True,False,False,True,True,True,keep,0.001004734699359,3.4027144908905,195,3,False,False,
cruise,True,True,True,False,False,True,True,True,cruise,0.005960379143943,3.40466666221619,195,4,False,True,
cruise,True,True,True,False,False,True,True,True,change_to_left,0.999325959082813,3.38374400138855,195,5,False,True,
cruise,True,True,True,False,False,True,True,True,change_to_right,0.999628004220867,3.34857678413391,195,6,False,True,
keep,True,True,True,False,False,True,True,True,swerve_right,0.001000700570315,3.40273904800415,196,1,False,False,*
keep,True,True,True,False,False,True,True,True,swerve_left,0.001003928299663,3.38258123397827,196,2,False,False,
keep,True,True,True,False,False,True,True,True,cruise,0.005064803218016,3.37990641593933,196,3,False,False,
keep,True,True,True,False,False,True,True,True,keep,0.005936155257642,3.38596296310425,196,4,False,True,
keep,True,True,True,False,False,True,True,True,change_to_left,0.999324372472874,3.37615466117859,196,5,False,True,
keep,True,True,True,False,False,True,True,True,change_to_right,0.999624942878128,3.39099907875061,196,6,False,True,
cruise,True,True,True,False,True,False,False,True,keep,0.001004488859416,3.3953869342804,197,1,False,False,*
cruise,True,True,True,False,True,False,False,True,swerve_left,0.001004488859416,3.36342620849609,197,1,False,False,
cruise,True,True,True,False,True,False,False,True,swerve_right,0.001006343556423,3.41985559463501,197,2,False,False,
cruise,True,True,True,False,True,False,False,True,cruise,0.006502804427972,3.39124393463135,197,3,False,True,
cruise,True,True,True,False,True,False,False,True,change_to_left,0.999475756207172,3.36123752593994,197,4,False,True,
cruise,True,True,True,False,True,False,False,True,change_to_right,0.999477613325539,3.38494968414307,197,5,False,True,
keep,True,True,True,False,True,False,False,True,swerve_left,0.001004459147793,3.36260199546814,198,1,False,False,*
keep,True,True,True,False,True,False,False,True,swerve_right,0.00100630380335,3.38305878639221,198,2,False,False,
keep,True,True,True,False,True,False,False,True,cruise,0.005582208232293,3.38346147537231,198,3,False,False,
keep,True,True,True,False,True,False,False,True,keep,0.00647300648246,3.39386415481567,198,4,False,True,
keep,True,True,True,False,True,False,False,True,change_to_left,0.999473185846552,3.38216114044189,198,5,False,True,
keep,True,True,True,False,True,False,False,True,change_to_right,0.99947503291036,3.39795470237732,198,6,False,True,
cruise,True,True,True,False,True,False,True,True,swerve_left,0.001016284292087,3.44820070266724,199,1,False,False,*
cruise,True,True,True,False,True,False,True,True,keep,0.001016284292087,3.36420154571533,199,2,False,False,
cruise,True,True,True,False,True,False,True,True,swerve_right,0.001016284292087,3.38032031059265,199,2,False,False,
cruise,True,True,True,False,True,False,True,True,cruise,0.01834957738709,3.43077540397644,199,3,False,True,
cruise,True,True,True,False,True,False,True,True,change_to_left,0.99948456835558,3.3592791557312,199,4,False,True,
cruise,True,True,True,False,True,False,True,True,change_to_right,0.99948456835558,3.39888572692871,199,5,False,True,
keep,True,True,True,False,True,False,True,True,swerve_left,0.001015990432725,3.40426802635193,200,1,False,False,
keep,True,True,True,False,True,False,True,True,swerve_right,0.001015990432725,3.37650084495544,200,1,False,False,*
keep,True,True,True,False,True,False,True,True,cruise,0.017076793515316,3.43248748779297,200,2,False,False,
keep,True,True,True,False,True,False,True,True,keep,0.018054574022937,3.3704719543457,200,3,False,True,
keep,True,True,True,False,True,False,True,True,change_to_left,0.999476346479343,3.41429686546326,200,4,False,True,
keep,True,True,True,False,True,False,True,True,change_to_right,0.999476346479343,3.36750292778015,200,4,False,True,
cruise,True,True,True,False,True,True,False,True,swerve_left,0.000999711116951,3.40340447425842,201,1,False,False,*
cruise,True,True,True,False,True,True,False,True,swerve_right,0.001006634768102,3.37284779548645,201,2,False,False,
cruise,True,True,True,False,True,True,False,True,keep,0.001009475239213,3.36965370178223,201,3,False,False,
cruise,True,True,True,False,True,True,False,True,cruise,0.00773035546843,3.39078640937805,201,4,False,True,
cruise,True,True,True,False,True,True,False,True,change_to_left,0.999476151106175,3.3797562122345,201,5,False,True,
cruise,True,True,True,False,True,True,False,True,change_to_right,0.999483075990214,3.35636353492737,201,6,False,True,
keep,True,True,True,False,True,True,False,True,swerve_left,0.000999706408276,3.39288830757141,202,1,False,False,*
keep,True,True,True,False,True,True,False,True,swerve_right,0.001006584149772,3.38218069076538,202,2,False,False,
keep,True,True,True,False,True,True,False,True,cruise,0.006777580982992,3.39833426475525,202,3,False,False,
keep,True,True,True,False,True,True,False,True,keep,0.007685720903163,3.35754585266113,202,4,False,True,
keep,True,True,True,False,True,True,False,True,change_to_left,0.99947300045304,3.38267493247986,202,5,False,True,
keep,True,True,True,False,True,True,False,True,change_to_right,0.999479879419249,3.37273025512695,202,6,False,True,
cruise,True,True,True,False,True,True,True,True,swerve_left,0.0010008630009,3.37726902961731,203,1,False,False,*
cruise,True,True,True,False,True,True,True,True,keep,0.001008311010638,3.41000962257385,203,2,False,False,
cruise,True,True,True,False,True,True,True,True,swerve_right,0.001017282489913,3.39084601402283,203,3,False,False,
cruise,True,True,True,False,True,True,True,True,cruise,0.010751745184368,3.40394330024719,203,4,False,True,
cruise,True,True,True,False,True,True,True,True,change_to_left,0.999443561606717,3.39071559906006,203,5,False,True,
cruise,True,True,True,False,True,True,True,True,change_to_right,0.999522978512602,3.37192869186401,203,6,False,True,
keep,True,True,True,False,True,True,True,True,swerve_left,0.001000845106106,3.37580823898315,204,1,False,False,*
keep,True,True,True,False,True,True,True,True,swerve_right,0.001017106795311,3.40617847442627,204,2,False,False,
keep,True,True,True,False,True,True,True,True,cruise,0.009717076071009,3.36423897743225,204,3,False,False,
keep,True,True,True,False,True,True,True,True,keep,0.010658016253655,3.41045498847961,204,4,False,True,
keep,True,True,True,False,True,True,True,True,change_to_left,0.999439308360104,3.3629686832428,204,5,False,True,
keep,True,True,True,False,True,True,True,True,change_to_right,0.999517962028327,3.42478370666504,204,6,False,True,
cruise,True,True,True,True,False,False,False,True,swerve_right,0.000999206855664,3.40244388580322,205,1,False,False,*
cruise,True,True,True,True,False,False,False,True,swerve_left,0.000999742492653,3.3713014125824,205,2,False,False,
cruise,True,True,True,True,False,False,False,True,keep,0.000999742492653,3.411292552948,205,3,False,False,
cruise,True,True,True,True,False,False,False,True,cruise,0.001742718866776,3.36560726165771,205,4,False,True,
cruise,True,True,True,True,False,False,False,True,change_to_right,0.999394449041647,3.39536213874817,205,5,False,True,
cruise,True,True,True,True,False,False,False,True,change_to_left,0.999395894692084,3.35528445243835,205,6,False,True,
keep,True,True,True,True,False,False,False,True,swerve_right,0.000999206746908,3.38361883163452,206,1,False,False,*
keep,True,True,True,True,False,False,False,True,swerve_left,0.000999742100911,3.37998557090759,206,2,False,False,
keep,True,True,True,True,False,False,False,True,cruise,0.00122497972026,3.37695240974426,206,3,False,False,
keep,True,True,True,True,False,False,False,True,keep,0.001742325948793,3.38782405853271,206,4,False,True,
keep,True,True,True,True,False,False,False,True,change_to_right,0.999394241176258,3.39994144439697,206,5,False,True,
keep,True,True,True,True,False,False,False,True,change_to_left,0.999395686062935,3.36989974975586,206,6,False,True,
change_to_left,True,True,True,True,False,False,True,True,keep,0.00099923172071,3.37933993339539,207,1,False,False,*
change_to_left,True,True,True,True,False,False,True,True,swerve_left,0.001000370098144,3.41875195503235,207,2,False,False,
change_to_left,True,True,True,True,False,False,True,True,swerve_right,0.001001308210588,3.359614610672,207,3,False,False,
change_to_left,True,True,True,True,False,False,True,True,cruise,0.001782052388948,3.40843272209167,207,4,False,False,
change_to_left,True,True,True,True,False,False,True,True,change_to_left,0.002370837339339,3.37246584892273,207,5,False,True,
change_to_left,True,True,True,True,False,False,True,True,change_to_right,0.999996273630028,3.39759755134583,207,6,False,True,
cruise,True,True,True,True,False,False,True,True,keep,0.000999232030637,3.3617262840271,208,1,False,False,*
cruise,True,True,True,True,False,False,True,True,swerve_left,0.001000371937258,3.40307211875916,208,2,False,False,
cruise,True,True,True,True,False,False,True,True,swerve_right,0.00100131130987,3.3586323261261,208,3,False,False,
cruise,True,True,True,True,False,False,True,True,change_to_left,0.001006162987264,3.43572521209717,208,4,False,False,
cruise,True,True,True,True,False,False,True,True,cruise,0.002372680130854,3.39968132972717,208,5,False,True,
cruise,True,True,True,True,False,False,True,True,change_to_right,0.999997610583824,3.38848090171814,208,6,False,True,
keep,True,True,True,True,False,False,True,True,swerve_left,0.001000370081751,3.39451694488525,209,1,False,False,*
keep,True,True,True,True,False,False,True,True,swerve_right,0.001001308182961,3.3661687374115,209,2,False,False,
keep,True,True,True,True,False,False,True,True,change_to_left,0.001006153293811,3.40662336349487,209,3,False,False,
keep,True,True,True,True,False,False,True,True,cruise,0.001782043012708,3.4091694355011,209,4,False,False,
keep,True,True,True,True,False,False,True,True,keep,0.002370820913001,3.36464858055115,209,5,False,True,
keep,True,True,True,True,False,False,True,True,change_to_right,0.999996261712644,3.3707754611969,209,6,False,True,
cruise,True,True,True,True,False,True,False,True,swerve_left,0.00099953404526,3.38370847702026,210,1,False,False,
cruise,True,True,True,True,False,True,False,True,swerve_right,0.00099953404526,3.37078356742859,210,1,False,False,*
cruise,True,True,True,True,False,True,False,True,keep,0.00099953404526,3.366938829422,210,2,False,False,
cruise,True,True,True,True,False,True,False,True,cruise,0.001534179492715,3.41652250289917,210,3,False,True,
cruise,True,True,True,True,False,True,False,True,change_to_left,0.999371365287721,3.38726615905762,210,4,False,True,
cruise,True,True,True,True,False,True,False,True,change_to_right,0.999371615930366,3.36119723320007,210,5,False,True,
keep,True,True,True,True,False,True,False,True,swerve_left,0.000999533900497,3.37094449996948,211,1,False,False,
keep,True,True,True,True,False,True,False,True,swerve_right,0.000999533900497,3.41251707077026,211,1,False,False,*
keep,True,True,True,True,False,True,False,True,cruise,0.001094175523859,3.38797402381897,211,2,False,False,
keep,True,True,True,True,False,True,False,True,keep,0.001534034150425,3.44295859336853,211,3,False,True,
keep,True,True,True,True,False,True,False,True,change_to_left,0.999371264704944,3.40705275535583,211,4,False,True,
keep,True,True,True,True,False,True,False,True,change_to_right,0.99937151527952,3.36236953735352,211,5,False,True,
change_to_left,True,True,True,True,False,True,True,True,keep,0.000999603372495,3.4203782081604,212,1,False,False,*
change_to_left,True,True,True,True,False,True,True,True,swerve_left,0.001001510887547,3.37317538261414,212,2,False,False,
change_to_left,True,True,True,True,False,True,True,True,swerve_right,0.001003117219089,3.4109034538269,212,3,False,False,
change_to_left,True,True,True,True,False,True,True,True,cruise,0.003003246619521,3.37336397171021,212,4,False,False,
change_to_left,True,True,True,True,False,True,True,True,change_to_left,0.003752887479122,3.37370014190674,212,5,False,True,
change_to_left,True,True,True,True,False,True,True,True,change_to_right,0.999993514440845,3.4058358669281,212,6,False,True,
cruise,True,True,True,True,False,True,True,True,keep,0.000999605013183,3.39168858528137,213,1,False,False,*
cruise,True,True,True,True,False,True,True,True,swerve_left,0.001001517723752,3.39198398590088,213,2,False,False,
cruise,True,True,True,True,False,True,True,True,swerve_right,0.001003128430476,3.40701103210449,213,3,False,False,
cruise,True,True,True,True,False,True,True,True,change_to_left,0.001010577967411,3.3635733127594,213,4,False,False,
cruise,True,True,True,True,False,True,True,True,cruise,0.003760388267072,3.36421966552734,213,5,False,True,
cruise,True,True,True,True,False,True,True,True,change_to_right,0.999996217762284,3.38565516471863,213,6,False,True,
keep,True,True,True,True,False,True,True,True,swerve_left,0.00100151085008,3.36133790016174,214,1,False,False,*
keep,True,True,True,True,False,True,True,True,swerve_right,0.001003117157644,3.39215087890625,214,2,False,False,
keep,True,True,True,True,False,True,True,True,change_to_left,0.001010546348415,3.38498187065125,214,3,False,False,
keep,True,True,True,True,False,True,True,True,cruise,0.003003216700992,3.36785960197449,214,4,False,False,
keep,True,True,True,True,False,True,True,True,keep,0.003752846370272,3.40884256362915,214,5,False,True,
keep,True,True,True,True,False,True,True,True,change_to_right,0.999993499625011,3.40733170509338,214,6,False,True,
cruise,True,True,True,True,True,False,False,True,swerve_right,0.001002218811442,3.36261582374573,215,1,False,False,*
cruise,True,True,True,True,True,False,False,True,swerve_left,0.001006266822756,3.40839838981628,215,2,False,False,
cruise,True,True,True,True,True,False,False,True,keep,0.001006266822756,3.40683817863464,215,3,False,False,
cruise,True,True,True,True,True,False,False,True,cruise,0.008285912885136,3.46102595329285,215,4,False,True,
cruise,True,True,True,True,True,False,False,True,change_to_right,0.99947711878783,3.41606283187866,215,5,False,True,
cruise,True,True,True,True,True,False,False,True,change_to_left,0.999484023188459,3.37114000320435,215,6,False,True,
keep,True,True,True,True,True,False,False,True,swerve_right,0.001002195683694,3.37010931968689,216,1,False,False,*
keep,True,True,True,True,True,False,False,True,swerve_left,0.001006214600268,3.42142248153687,216,2,False,False,
keep,True,True,True,True,True,False,False,True,cruise,0.007320762578884,3.39568543434143,216,3,False,False,
keep,True,True,True,True,True,False,False,True,keep,0.008233538821105,3.37147092819214,216,4,False,True,
keep,True,True,True,True,True,False,False,True,change_to_right,0.999473696724236,3.3614227771759,216,5,False,True,
keep,True,True,True,True,True,False,False,True,change_to_left,0.999480551500068,3.40236115455627,216,6,False,True,
change_to_left,True,True,True,True,True,False,True,True,swerve_left,0.001001568000051,3.40629458427429,217,1,False,False,*
change_to_left,True,True,True,True,True,False,True,True,swerve_right,0.001009635715463,3.36795949935913,217,2,False,False,
change_to_left,True,True,True,True,True,False,True,True,keep,0.001020319949718,3.36887979507446,217,3,False,False,
change_to_left,True,True,True,True,True,False,True,True,cruise,0.01892434997027,3.40625500679016,217,4,False,False,
change_to_left,True,True,True,True,True,False,True,True,change_to_left,0.022359119687297,3.39609098434448,217,5,False,True,
change_to_left,True,True,True,True,True,False,True,True,change_to_right,0.999958897944241,3.38029861450195,217,6,False,True,
cruise,True,True,True,True,True,False,True,True,swerve_left,0.001001610198606,3.41513991355896,218,1,False,False,*
cruise,True,True,True,True,True,False,True,True,swerve_right,0.001009810538067,3.42219471931458,218,2,False,False,
cruise,True,True,True,True,True,False,True,True,keep,0.001020670408958,3.38583755493164,218,3,False,False,
cruise,True,True,True,True,True,False,True,True,change_to_left,0.003517169582225,3.39814162254333,218,4,False,False,
cruise,True,True,True,True,True,False,True,True,cruise,0.022710255698398,3.36344146728516,218,5,False,True,
cruise,True,True,True,True,True,False,True,True,change_to_right,0.999974644694908,3.37392282485962,218,6,False,True,
keep,True,True,True,True,True,False,True,True,swerve_left,0.001001561410672,3.37615537643433,219,1,False,False,*
keep,True,True,True,True,True,False,True,True,swerve_right,0.001009608416606,3.40613412857056,219,2,False,False,
keep,True,True,True,True,True,False,True,True,change_to_left,0.003470083766796,3.39190173149109,219,3,False,False,
keep,True,True,True,True,True,False,True,True,cruise,0.018878336369526,3.41550517082214,219,4,False,False,
keep,True,True,True,True,True,False,True,True,keep,0.022304289180245,3.41538882255554,219,5,False,True,
keep,True,True,True,True,True,False,True,True,change_to_right,0.999956439061369,3.370041847229,219,6,False,True,
cruise,True,True,True,True,True,True,False,True,swerve_left,0.001005956690027,3.37853717803955,220,1,False,False,
cruise,True,True,True,True,True,True,False,True,swerve_right,0.001005956690027,3.40437126159668,220,1,False,False,*
cruise,True,True,True,True,True,True,False,True,keep,0.001005956690027,3.40850925445557,220,2,False,False,
cruise,True,True,True,True,True,True,False,True,cruise,0.007981993108549,3.3735044002533,220,3,False,True,
cruise,True,True,True,True,True,True,False,True,change_to_right,0.999478239035792,3.41632580757141,220,4,False,True,
cruise,True,True,True,True,True,True,False,True,change_to_left,0.999481897112417,3.36496758460999,220,5,False,True,
keep,True,True,True,True,True,True,False,True,swerve_right,0.001005908817128,3.42070150375366,221,1,False,False,*
keep,True,True,True,True,True,True,False,True,swerve_left,0.001005908817128,3.37529349327087,221,2,False,False,
keep,True,True,True,True,True,True,False,True,cruise,0.007021053258271,3.36713027954102,221,3,False,False,
keep,True,True,True,True,True,True,False,True,keep,0.007933932302105,3.40561652183533,221,4,False,True,
keep,True,True,True,True,True,True,False,True,change_to_right,0.999474954413301,3.40746283531189,221,5,False,True,
keep,True,True,True,True,True,True,False,True,change_to_left,0.999478587313024,3.35442495346069,221,6,False,True,
change_to_left,True,True,True,True,True,True,True,True,keep,0.001094427974,3.40372514724731,222,1,False,False,*
change_to_left,True,True,True,True,True,True,True,True,swerve_right,0.001182645057056,3.37569355964661,222,2,False,False,
change_to_left,True,True,True,True,True,True,True,True,swerve_left,0.001340299386543,3.36465883255005,222,3,False,False,
change_to_left,True,True,True,True,True,True,True,True,cruise,0.008012921100505,3.36662197113037,222,4,False,False,
change_to_left,True,True,True,True,True,True,True,True,change_to_left,0.010724898590542,3.35940074920654,222,5,False,True,
change_to_left,True,True,True,True,True,True,True,True,change_to_right,0.999980881886326,3.39447808265686,222,6,False,True,
cruise,True,True,True,True,True,True,True,True,keep,0.001095044215205,3.38649439811707,223,1,False,False,*
cruise,True,True,True,True,True,True,True,True,swerve_right,0.001183830979969,3.36533355712891,223,2,False,False,
cruise,True,True,True,True,True,True,True,True,swerve_left,0.001342503397842,3.42817401885986,223,3,False,False,
cruise,True,True,True,True,True,True,True,True,change_to_left,0.002203643973894,3.37362217903137,223,4,False,False,
cruise,True,True,True,True,True,True,True,True,cruise,0.010787705767563,3.43460083007812,223,5,False,True,
cruise,True,True,True,True,True,True,True,True,change_to_right,0.999987209694584,3.390061378479,223,6,False,True,
keep,True,True,True,True,True,True,True,True,swerve_right,0.001182422048395,3.41755843162537,224,1,False,False,*
keep,True,True,True,True,True,True,True,True,swerve_left,0.001339884929916,3.47166991233826,224,2,False,False,
keep,True,True,True,True,True,True,True,True,change_to_left,0.002194461158842,3.41164684295654,224,3,False,False,
keep,True,True,True,True,True,True,True,True,cruise,0.00800440372749,3.41224193572998,224,4,False,False,
keep,True,True,True,True,True,True,True,True,keep,0.01071308792026,3.40069675445557,224,5,False,True,
keep,True,True,True,True,True,True,True,True,change_to_right,0.999979691964083,3.35545015335083,224,6,False,True,
swerve_left,False,False,False,False,False,False,False,True,swerve_right,0.50004362410419,3.37863087654114,225,1,False,False,*
swerve_left,False,False,False,False,False,False,False,True,keep,0.50004362410419,3.38120436668396,225,2,False,False,
swerve_left,False,False,False,False,False,False,False,True,swerve_left,0.587466326537227,3.40514016151428,225,3,False,True,
swerve_left,False,False,False,False,False,False,False,True,cruise,0.999087857315999,3.38282704353333,225,4,False,True,
swerve_left,False,False,False,False,False,False,False,True,change_to_left,0.999087857316,3.42610239982605,225,5,False,True,
swerve_left,False,False,False,False,False,False,False,True,change_to_right,0.999087857316,3.38169693946838,225,5,False,True,
swerve_left,False,True,False,False,False,False,False,True,swerve_right,0.500043624104189,3.40954971313477,226,1,False,False,*
swerve_left,False,True,False,False,False,False,False,True,keep,0.50004362410419,3.36427807807922,226,2,False,False,
swerve_left,False,True,False,False,False,False,False,True,swerve_left,0.587466326537227,3.41083669662476,226,3,False,True,
swerve_left,False,True,False,False,False,False,False,True,cruise,0.999087857315999,3.42046928405762,226,4,False,True,
swerve_left,False,True,False,False,False,False,False,True,change_to_left,0.999087857315999,3.39223909378052,226,5,False,True,
swerve_left,False,True,False,False,False,False,False,True,change_to_right,0.999087857315999,3.37707018852234,226,5,False,True,
swerve_left,False,False,True,False,False,False,False,True,keep,0.000999175163112,3.38699245452881,227,1,False,False,*
swerve_left,False,False,True,False,False,False,False,True,swerve_right,0.500043649619118,3.40013360977173,227,2,False,False,
swerve_left,False,False,True,False,False,False,False,True,swerve_left,0.587517483967816,3.36211538314819,227,3,False,True,
swerve_left,False,False,True,False,False,False,False,True,change_to_left,0.999087908117231,3.38595747947693,227,4,False,True,
swerve_left,False,False,True,False,False,False,False,True,change_to_right,0.999087908117231,3.36914253234863,227,4,False,True,
swerve_left,False,False,True,False,False,False,False,True,cruise,0.999087908117231,3.39803028106689,227,5,False,True,
swerve_left,False,True,True,False,False,False,False,True,keep,0.000999058374264,3.4090530872345,228,1,False,False,*
swerve_left,False,True,True,False,False,False,False,True,change_to_right,0.000999144493136,3.41345739364624,228,2,False,False,
swerve_left,False,True,True,False,False,False,False,True,swerve_right,0.500035962958234,3.40800547599792,228,3,False,False,
swerve_left,False,True,True,False,False,False,False,True,swerve_left,0.572105729310948,3.34473347663879,228,4,False,True,
swerve_left,False,True,True,False,False,False,False,True,change_to_left,0.999143809232469,3.36429977416992,228,5,False,True,
swerve_left,False,True,True,False,False,False,False,True,cruise,0.999143809232469,3.36837673187256,228,5,False,True,
swerve_left,False,False,False,True,False,False,False,True,cruise,0.500035934835574,3.43327689170837,229,1,False,False,*
swerve_left,False,False,False,True,False,False,False,True,keep,0.500035934835574,3.46737885475159,229,1,False,False,
swerve_left,False,False,False,True,False,False,False,True,swerve_right,0.500035934835574,3.40262675285339,229,1,False,False,
swerve_left,False,False,False,True,False,False,False,True,swerve_left,0.572121217623375,3.37086772918701,229,2,False,True,
swerve_left,False,False,False,True,False,False,False,True,change_to_right,0.999143670366424,3.42416834831238,229,3,False,True,
swerve_left,False,False,False,True,False,False,False,True,change_to_left,0.999143670366424,3.39036226272583,229,4,False,True,
swerve_left,False,True,False,True,False,False,False,True,cruise,0.000999144462584,3.38888025283813,230,1,False,False,*
swerve_left,False,True,False,True,False,False,False,True,keep,0.500035955283482,3.38613986968994,230,2,False,False,
swerve_left,False,True,False,True,False,False,False,True,swerve_right,0.500035955283482,3.3874135017395,230,2,False,False,
swerve_left,False,True,False,True,False,False,False,True,swerve_left,0.572162256576532,3.37638306617737,230,3,False,True,
swerve_left,False,True,False,True,False,False,False,True,change_to_right,0.99914375154978,3.40294241905212,230,4,False,True,
swerve_left,False,True,False,True,False,False,False,True,change_to_left,0.99914375154978,3.38134431838989,230,5,False,True,
swerve_left,False,False,True,True,False,False,False,True,cruise,0.000999144462482,3.39515423774719,231,1,False,False,*
swerve_left,False,False,True,True,False,False,False,True,keep,0.500035955257708,3.37604022026062,231,2,False,False,
swerve_left,False,False,True,True,False,False,False,True,swerve_right,0.500035955257708,3.35612487792969,231,2,False,False,
swerve_left,False,False,True,True,False,False,False,True,swerve_left,0.572162204849034,3.39443230628967,231,3,False,True,
swerve_left,False,False,True,True,False,False,False,True,change_to_left,0.999143524531104,3.35491394996643,231,4,False,True,
swerve_left,False,False,True,True,False,False,False,True,change_to_right,0.999143978723278,3.38480186462402,231,5,False,True,
swerve_left,False,True,True,True,False,False,False,True,change_to_right,0.000999002070343,3.36790823936462,232,1,False,False,*
swerve_left,False,True,True,True,False,False,False,True,cruise,0.00099900367693,3.4159722328186,232,2,False,False,
swerve_left,False,True,True,True,False,False,False,True,keep,0.500000670905072,3.36725759506226,232,3,False,False,
swerve_left,False,True,True,True,False,False,False,True,swerve_right,0.500000670905072,3.39630937576294,232,3,False,False,
swerve_left,False,True,True,True,False,False,False,True,swerve_left,0.501346506529113,3.4046573638916,232,4,False,True,
swerve_left,False,True,True,True,False,False,False,True,change_to_left,0.999498655417533,3.40714597702026,232,5,False,True,
swerve_left,False,False,False,False,True,False,False,True,swerve_right,0.50004362410419,3.36250114440918,233,1,False,False,*
swerve_left,False,False,False,False,True,False,False,True,keep,0.50004362410419,3.37572360038757,233,2,False,False,
swerve_left,False,False,False,False,True,False,False,True,swerve_left,0.587466326537227,3.39944362640381,233,3,False,True,
swerve_left,False,False,False,False,True,False,False,True,change_to_left,0.999087857315999,3.39881062507629,233,4,False,True,
swerve_left,False,False,False,False,True,False,False,True,cruise,0.999087857315999,3.38952994346619,233,4,False,True,
swerve_left,False,False,False,False,True,False,False,True,change_to_right,0.999087857315999,3.36566615104675,233,5,False,True,
swerve_left,False,True,False,False,True,False,False,True,keep,0.50004362410149,3.36877751350403,234,1,False,False,
swerve_left,False,True,False,False,True,False,False,True,swerve_right,0.50004362410149,3.36736798286438,234,1,False,False,*
swerve_left,False,True,False,False,True,False,False,True,swerve_left,0.587466321123885,3.4078574180603,234,2,False,True,
swerve_left,False,True,False,False,True,False,False,True,change_to_left,0.99908782265042,3.40466737747192,234,3,False,True,
swerve_left,False,True,False,False,True,False,False,True,cruise,0.99908782265042,3.38601112365723,234,3,False,True,
swerve_left,False,True,False,False,True,False,False,True,change_to_right,0.999087926658594,3.37259697914124,234,4,False,True,
swerve_left,False,False,True,False,True,False,False,True,keep,0.000999175163112,3.42317962646484,235,1,False,False,*
swerve_left,False,False,True,False,True,False,False,True,swerve_right,0.500043649619118,3.40187954902649,235,2,False,False,
swerve_left,False,False,True,False,True,False,False,True,swerve_left,0.587517483967816,3.36038160324097,235,3,False,True,
swerve_left,False,False,True,False,True,False,False,True,change_to_left,0.999087908117231,3.39241218566895,235,4,False,True,
swerve_left,False,False,True,False,True,False,False,True,change_to_right,0.999087908117231,3.35863995552063,235,4,False,True,
swerve_left,False,False,True,False,True,False,False,True,cruise,0.999087908117231,3.38485670089722,235,4,False,True,
swerve_left,False,True,True,False,True,False,False,True,keep,0.000999147479058,3.40467977523804,236,1,False,False,*
swerve_left,False,True,True,False,True,False,False,True,change_to_right,0.001000393839501,3.40910339355469,236,2,False,False,
swerve_left,False,True,True,False,True,False,False,True,swerve_right,0.500036711304755,3.4241361618042,236,3,False,False,
swerve_left,False,True,True,False,True,False,False,True,swerve_left,0.573606164044961,3.34810590744019,236,4,False,True,
swerve_left,False,True,True,False,True,False,False,True,cruise,0.999144159292774,3.36416435241699,236,5,False,True,
swerve_left,False,True,True,False,True,False,False,True,change_to_left,0.999144159292774,3.36074090003967,236,6,False,True,
swerve_left,False,False,False,True,True,False,False,True,cruise,0.500035934835574,3.36491322517395,237,1,False,False,*
swerve_left,False,False,False,True,True,False,False,True,keep,0.500035934835574,3.39061379432678,237,1,False,False,
swerve_left,False,False,False,True,True,False,False,True,swerve_right,0.500035934835574,3.39434385299683,237,1,False,False,
swerve_left,False,False,False,True,True,False,False,True,swerve_left,0.572121217623375,3.36849570274353,237,2,False,True,
swerve_left,False,False,False,True,True,False,False,True,change_to_left,0.999143670366424,3.38595628738403,237,3,False,True,
swerve_left,False,False,False,True,True,False,False,True,change_to_right,0.999143670366424,3.41802406311035,237,4,False,True,
swerve_left,False,True,False,True,True,False,False,True,cruise,0.000999086930877,3.34999632835388,238,1,False,False,*
swerve_left,False,True,False,True,True,False,False,True,keep,0.500035958662182,3.38463735580444,238,2,False,False,
swerve_left,False,True,False,True,True,False,False,True,swerve_right,0.500035958662182,3.41224956512451,238,2,False,False,
swerve_left,False,True,False,True,True,False,False,True,swerve_left,0.572097115726415,3.35577583312988,238,3,False,True,
swerve_left,False,True,False,True,True,False,False,True,change_to_right,0.999143395350384,3.39760708808899,238,4,False,True,
swerve_left,False,True,False,True,True,False,False,True,change_to_left,0.999144076560736,3.41089773178101,238,5,False,True,
swerve_left,False,False,True,True,True,False,False,True,cruise,0.000999144462611,3.40771722793579,239,1,False,False,*
swerve_left,False,False,True,True,True,False,False,True,keep,0.50003595529005,3.37090682983398,239,2,False,False,
swerve_left,False,False,True,True,True,False,False,True,swerve_right,0.50003595529005,3.36096525192261,239,2,False,False,
swerve_left,False,False,True,True,True,False,False,True,swerve_left,0.572162269759107,3.40593671798706,239,3,False,True,
swerve_left,False,False,True,True,True,False,False,True,change_to_left,0.999143694770286,3.36381149291992,239,4,False,True,
swerve_left,False,False,True,True,True,False,False,True,change_to_right,0.999143808346864,3.40401315689087,239,5,False,True,
swerve_left,False,True,True,True,True,False,False,True,cruise,0.000999009683868,3.40614438056946,240,1,False,False,*
swerve_left,False,True,True,True,True,False,False,True,change_to_right,0.000999013157424,3.36976766586304,240,2,False,False,
swerve_left,False,True,True,True,True,False,False,True,keep,0.500001093854351,3.36040902137756,240,3,False,False,
swerve_left,False,True,True,True,True,False,False,True,swerve_right,0.500001093854351,3.35643696784973,240,3,False,False,
swerve_left,False,True,True,True,True,False,False,True,swerve_left,0.502193177915385,3.41322064399719,240,4,False,True,
swerve_left,False,True,True,True,True,False,False,True,change_to_left,0.999497806565782,3.40329074859619,240,5,False,True,
swerve_left,False,False,False,False,False,True,False,True,swerve_right,0.50004362410419,3.35958218574524,241,1,False,False,*
swerve_left,False,False,False,False,False,True,False,True,keep,0.50004362410419,3.38724493980408,241,2,False,False,
swerve_left,False,False,False,False,False,True,False,True,swerve_left,0.587466326537227,3.40211868286133,241,3,False,True,
swerve_left,False,False,False,False,False,True,False,True,cruise,0.999087857315999,3.41063785552979,241,4,False,True,
swerve_left,False,False,False,False,False,True,False,True,change_to_right,0.999087857315999,3.36618828773499,241,5,False,True,
swerve_left,False,False,False,False,False,True,False,True,change_to_left,0.999087857316,3.40438890457153,241,6,False,True,
swerve_left,False,True,False,False,False,True,False,True,keep,0.50004362410419,3.37849569320679,242,1,False,False,*
swerve_left,False,True,False,False,False,True,False,True,swerve_right,0.50004362410419,3.34259486198425,242,1,False,False,
swerve_left,False,True,False,False,False,True,False,True,swerve_left,0.587466326537227,3.38707137107849,242,2,False,True,
swerve_left,False,True,False,False,False,True,False,True,cruise,0.999087857315999,3.38966846466064,242,3,False,True,
swerve_left,False,True,False,False,False,True,False,True,change_to_right,0.999087857316,3.36392331123352,242,4,False,True,
swerve_left,False,True,False,False,False,True,False,True,change_to_left,0.999087857316,3.41480278968811,242,5,False,True,
swerve_left,False,False,True,False,False,True,False,True,keep,0.000999175163045,3.4141571521759,243,1,False,False,*
swerve_left,False,False,True,False,False,True,False,True,swerve_right,0.500043649602245,3.42577481269836,243,2,False,False,
swerve_left,False,False,True,False,False,True,False,True,swerve_left,0.587517450137781,3.37375569343567,243,3,False,True,
swerve_left,False,False,True,False,False,True,False,True,cruise,0.999087821438824,3.39035177230835,243,4,False,True,
swerve_left,False,False,True,False,False,True,False,True,change_to_left,0.999087821438824,3.381028175354,243,5,False,True,
swerve_left,False,False,True,False,False,True,False,True,change_to_right,0.999088081545508,3.38146495819092,243,6,False,True,
swerve_left,False,True,True,False,False,True,False,True,keep,0.000999146699309,3.41232967376709,244,1,False,False,*
swerve_left,False,True,True,False,False,True,False,True,change_to_right,0.001000041715739,3.41725611686707,244,2,False,False,
swerve_left,False,True,True,False,False,True,False,True,swerve_right,0.500036515880293,3.42412805557251,244,3,False,False,
swerve_left,False,True,True,False,False,True,False,True,swerve_left,0.573214338009343,3.3708233833313,244,4,False,True,
swerve_left,False,True,True,False,False,True,False,True,change_to_left,0.999143843985046,3.3757791519165,244,5,False,True,
swerve_left,False,True,True,False,False,True,False,True,cruise,0.999144296433958,3.3571183681488,244,6,False,True,
swerve_left,False,False,False,True,False,True,False,True,swerve_right,0.500035934835574,3.39173674583435,245,1,False,False,*
swerve_left,False,False,False,True,False,True,False,True,cruise,0.500035934835574,3.37302780151367,245,2,False,False,
swerve_left,False,False,False,True,False,True,False,True,keep,0.500035934835574,3.40670657157898,245,2,False,False,
swerve_left,False,False,False,True,False,True,False,True,swerve_left,0.572121217623375,3.35884571075439,245,3,False,True,
swerve_left,False,False,False,True,False,True,False,True,change_to_left,0.999143670366424,3.41017413139343,245,4,False,True,
swerve_left,False,False,False,True,False,True,False,True,change_to_right,0.999143670366424,3.40362882614136,245,5,False,True,
swerve_left,False,True,False,True,False,True,False,True,cruise,0.000999144462584,3.3658332824707,246,1,False,False,*
swerve_left,False,True,False,True,False,True,False,True,keep,0.500035955283482,3.38511204719543,246,2,False,False,
swerve_left,False,True,False,True,False,True,False,True,swerve_right,0.500035955283482,3.38220310211182,246,3,False,False,
swerve_left,False,True,False,True,False,True,False,True,swerve_left,0.572162256576532,3.35189604759216,246,4,False,True,
swerve_left,False,True,False,True,False,True,False,True,change_to_left,0.99914375154978,3.3704993724823,246,5,False,True,
swerve_left,False,True,False,True,False,True,False,True,change_to_right,0.99914375154978,3.386385679245,246,5,False,True,
swerve_left,False,False,True,True,False,True,False,True,cruise,0.000999029663537,3.39540505409241,247,1,False,False,*
swerve_left,False,False,True,True,False,True,False,True,keep,0.500035926202799,3.38375091552734,247,2,False,False,
swerve_left,False,False,True,True,False,True,False,True,swerve_right,0.500035926202799,3.36180663108826,247,2,False,False,
swerve_left,False,False,True,True,False,True,False,True,swerve_left,0.572032034667266,3.43029642105103,247,3,False,True,
swerve_left,False,False,True,True,False,True,False,True,change_to_right,0.99914372006892,3.39835453033447,247,4,False,True,
swerve_left,False,False,True,True,False,True,False,True,change_to_left,0.99914372006892,3.35354423522949,247,5,False,True,
swerve_left,False,True,True,True,False,True,False,True,cruise,0.00099902972202,3.40599417686462,248,1,False,False,*
swerve_left,False,True,True,True,False,True,False,True,change_to_right,0.000999221205526,3.36045980453491,248,2,False,False,
swerve_left,False,True,True,True,False,True,False,True,keep,0.500003061738528,3.39620137214661,248,3,False,False,
swerve_left,False,True,True,True,False,True,False,True,swerve_right,0.500003061738528,3.36507964134216,248,3,False,False,
swerve_left,False,True,True,True,False,True,False,True,swerve_left,0.506138785582622,3.44112348556519,248,4,False,True,
swerve_left,False,True,True,True,False,True,False,True,change_to_left,0.999493853107027,3.43161582946777,248,5,False,True,
swerve_left,False,False,False,False,True,True,False,True,swerve_right,0.500043624104189,3.36820721626282,249,1,False,False,*
swerve_left,False,False,False,False,True,True,False,True,keep,0.50004362410419,3.35789084434509,249,2,False,False,
swerve_left,False,False,False,False,True,True,False,True,swerve_left,0.587466326537227,3.40701913833618,249,3,False,True,
swerve_left,False,False,False,False,True,True,False,True,change_to_left,0.999087857315999,3.4136528968811,249,4,False,True,
swerve_left,False,False,False,False,True,True,False,True,cruise,0.999087857315999,3.40630054473877,249,4,False,True,
swerve_left,False,False,False,False,True,True,False,True,change_to_right,0.999087857315999,3.37493824958801,249,5,False,True,
swerve_left,False,True,False,False,True,True,False,True,keep,0.500043623717291,3.35727787017822,250,1,False,False,*
swerve_left,False,True,False,False,True,True,False,True,swerve_right,0.500043623717291,3.24118208885193,250,1,False,False,
swerve_left,False,True,False,False,True,True,False,True,swerve_left,0.587465550805603,3.27600741386414,250,2,False,True,
swerve_left,False,True,False,False,True,True,False,True,change_to_left,0.999087442441167,3.3866400718689,250,3,False,True,
swerve_left,False,True,False,False,True,True,False,True,cruise,0.999087442441167,3.39165115356445,250,3,False,True,
swerve_left,False,True,False,False,True,True,False,True,change_to_right,0.999088688706333,3.39368486404419,250,4,False,True,
swerve_left,False,False,True,False,True,True,False,True,keep,0.000999256528978,3.2845196723938,251,1,False,False,*
swerve_left,False,False,True,False,True,True,False,True,swerve_right,0.500043728984404,3.29664134979248,251,2,False,False,
swerve_left,False,False,True,False,True,True,False,True,swerve_left,0.587589155060699,3.25417852401733,251,3,False,True,
swerve_left,False,False,True,False,True,True,False,True,change_to_right,0.999087918378561,3.25598287582397,251,4,False,True,
swerve_left,False,False,True,False,True,True,False,True,cruise,0.999087918378561,3.26738739013672,251,4,False,True,
swerve_left,False,False,True,False,True,True,False,True,change_to_left,0.999087918378561,3.25640177726746,251,5,False,True,
swerve_left,False,True,True,False,True,True,False,True,keep,0.000999149483263,3.29288625717163,252,1,False,False,*
swerve_left,False,True,True,False,True,True,False,True,change_to_right,0.001001310123943,3.27252054214478,252,2,False,False,
swerve_left,False,True,True,False,True,True,False,True,swerve_right,0.500037213608464,3.28666567802429,252,3,False,False,
swerve_left,False,True,True,False,True,True,False,True,swerve_left,0.574613282954155,3.24602389335632,252,4,False,True,
swerve_left,False,True,True,False,True,True,False,True,change_to_left,0.999144325102972,3.25408554077148,252,5,False,True,
swerve_left,False,True,True,False,True,True,False,True,cruise,0.99914443761622,3.26640558242798,252,6,False,True,
swerve_left,False,False,False,True,True,True,False,True,cruise,0.500035934835574,3.26277613639832,253,1,False,False,*
swerve_left,False,False,False,True,True,True,False,True,keep,0.500035934835574,3.30834817886353,253,1,False,False,
swerve_left,False,False,False,True,True,True,False,True,swerve_right,0.500035934835574,3.30676579475403,253,1,False,False,
swerve_left,False,False,False,True,True,True,False,True,swerve_left,0.572121217623375,3.27787327766418,253,2,False,True,
swerve_left,False,False,False,True,True,True,False,True,change_to_left,0.999143670366424,3.2608323097229,253,3,False,True,
swerve_left,False,False,False,True,True,True,False,True,change_to_right,0.999143670366424,3.27169847488403,253,4,False,True,
swerve_left,False,True,False,True,True,True,False,True,cruise,0.000999058284226,3.2776210308075,254,1,False,False,*
swerve_left,False,True,False,True,True,True,False,True,keep,0.50003594241456,3.25639772415161,254,2,False,False,
swerve_left,False,True,False,True,True,True,False,True,swerve_right,0.50003594241456,3.28920125961304,254,2,False,False,
swerve_left,False,True,False,True,True,True,False,True,swerve_left,0.572064539246154,3.24750542640686,254,3,False,True,
swerve_left,False,True,False,True,True,True,False,True,change_to_left,0.999143444127229,3.26144742965698,254,4,False,True,
swerve_left,False,True,False,True,True,True,False,True,change_to_right,0.999144011969934,3.30533647537231,254,5,False,True,
swerve_left,False,False,True,True,True,True,False,True,cruise,0.000999144462584,3.30718326568604,255,1,False,False,*
swerve_left,False,False,True,True,True,True,False,True,keep,0.500035955283482,3.25550603866577,255,2,False,False,
swerve_left,False,False,True,True,True,True,False,True,swerve_right,0.500035955283482,3.28581047058105,255,2,False,False,
swerve_left,False,False,True,True,True,True,False,True,swerve_left,0.572162256576532,3.28352165222168,255,3,False,True,
swerve_left,False,False,True,True,True,True,False,True,change_to_left,0.99914375154978,3.27537322044373,255,4,False,True,
swerve_left,False,False,True,True,True,True,False,True,change_to_right,0.99914375154978,3.29002285003662,255,4,False,True,
swerve_left,False,True,True,True,True,True,False,True,change_to_right,0.000999011635113,3.2607090473175,256,1,False,False,*
swerve_left,False,True,True,True,True,True,False,True,cruise,0.000999026524341,3.291752576828,256,2,False,False,
swerve_left,False,True,True,True,True,True,False,True,keep,0.500001341773514,3.24344205856323,256,3,False,False,
swerve_left,False,True,True,True,True,True,False,True,swerve_right,0.500001341773514,3.23514699935913,256,3,False,False,
swerve_left,False,True,True,True,True,True,False,True,swerve_left,0.502690255823152,3.27561044692993,256,4,False,True,
swerve_left,False,True,True,True,True,True,False,True,change_to_left,0.999497308498792,3.2966091632843,256,5,False,True,
swerve_left,False,False,False,False,False,False,True,True,keep,0.0010284972962,3.23321032524109,257,1,False,False,*
swerve_left,False,False,False,False,False,False,True,True,swerve_left,0.001480583826645,3.27840781211853,257,2,False,True,
swerve_left,False,False,False,False,False,False,True,True,swerve_right,0.500120335599812,3.23806738853455,257,3,False,False,
swerve_left,False,False,False,False,False,False,True,True,change_to_left,0.999219226768083,3.29080653190613,257,4,False,True,
swerve_left,False,False,False,False,False,False,True,True,change_to_right,0.999219226768083,3.23335027694702,257,4,False,True,
swerve_left,False,False,False,False,False,False,True,True,cruise,0.999219480532398,3.29343104362488,257,5,False,True,
swerve_left,False,True,False,False,False,False,True,True,keep,0.001000013960636,3.27260422706604,258,1,False,False,*
swerve_left,False,True,False,False,False,False,True,True,swerve_left,0.001423575775685,3.31591415405273,258,2,False,True,
swerve_left,False,True,False,False,False,False,True,True,swerve_right,0.500106090702306,3.23157668113708,258,3,False,False,
swerve_left,False,True,False,False,False,False,True,True,change_to_left,0.999211411082333,3.27234745025635,258,4,False,True,
swerve_left,False,True,False,False,False,False,True,True,cruise,0.999211411082334,3.3065185546875,258,5,False,True,
swerve_left,False,True,False,False,False,False,True,True,change_to_right,0.999211914969474,3.2638247013092,258,6,False,True,
swerve_left,False,False,True,False,False,False,True,True,keep,0.001003892003456,3.2945613861084,259,1,False,False,*
swerve_left,False,False,True,False,False,False,True,True,swerve_left,0.001431723451281,3.2429678440094,259,2,False,True,
swerve_left,False,False,True,False,False,False,True,True,swerve_right,0.500108126604285,3.30160450935364,259,3,False,False,
swerve_left,False,False,True,False,False,False,True,True,change_to_right,0.999212754323395,3.25214838981628,259,4,False,True,
swerve_left,False,False,True,False,False,False,True,True,change_to_left,0.999212754323395,3.26671671867371,259,5,False,True,
swerve_left,False,False,True,False,False,False,True,True,cruise,0.999212754323396,3.28925728797913,259,6,False,True,
swerve_left,False,True,True,False,False,False,True,True,change_to_right,0.000999115806715,3.29385423660278,260,1,False,False,*
swerve_left,False,True,True,False,False,False,True,True,keep,0.000999144623233,3.30368161201477,260,2,False,False,
swerve_left,False,True,True,False,False,False,True,True,swerve_right,0.500035995563974,3.31492066383362,260,3,False,False,
swerve_left,False,True,True,False,False,False,True,True,swerve_left,0.572171103817567,3.26005554199219,260,4,False,True,
swerve_left,False,True,True,False,False,False,True,True,cruise,0.999143824973254,3.27584409713745,260,5,False,True,
swerve_left,False,True,True,False,False,False,True,True,change_to_left,0.999143824973254,3.25455474853516,260,6,False,True,
swerve_left,False,False,False,True,False,False,True,True,keep,0.000999098004485,3.27467083930969,261,1,False,False,*
swerve_left,False,False,False,True,False,False,True,True,cruise,0.001168026324022,3.24296641349792,261,2,False,False,
swerve_left,False,False,False,True,False,False,True,True,swerve_left,0.001654605217407,3.24909472465515,261,3,False,True,
swerve_left,False,False,False,True,False,False,True,True,swerve_right,0.500163982963924,3.2826087474823,261,4,False,False,
swerve_left,False,False,False,True,False,False,True,True,change_to_right,0.999385879611234,3.26829934120178,261,5,False,True,
swerve_left,False,False,False,True,False,False,True,True,change_to_left,0.999386124148472,3.24627542495728,261,6,False,True,
swerve_left,False,True,False,True,False,False,True,True,keep,0.000999668729599,3.26007652282715,262,1,False,False,*
swerve_left,False,True,False,True,False,False,True,True,cruise,0.001176396538659,3.27246451377869,262,2,False,False,
swerve_left,False,True,False,True,False,False,True,True,swerve_left,0.001669402834553,3.26761865615845,262,3,False,True,
swerve_left,False,True,False,True,False,False,True,True,swerve_right,0.500167349689238,3.24796199798584,262,4,False,False,
swerve_left,False,True,False,True,False,False,True,True,change_to_right,0.999387330229922,3.28895807266235,262,5,False,True,
swerve_left,False,True,False,True,False,False,True,True,change_to_left,0.999387817681793,3.2557692527771,262,6,False,True,
swerve_left,False,False,True,True,False,False,True,True,keep,0.000999308707705,3.2570264339447,263,1,False,False,*
swerve_left,False,False,True,True,False,False,True,True,cruise,0.001221951166942,3.30247259140015,263,2,False,False,
swerve_left,False,False,True,True,False,False,True,True,swerve_left,0.001737658633769,3.28178071975708,263,3,False,True,
swerve_left,False,False,True,True,False,False,True,True,swerve_right,0.500184572215822,3.27833724021912,263,4,False,False,
swerve_left,False,False,True,True,False,False,True,True,change_to_left,0.999393772662865,3.2438383102417,263,5,False,True,
swerve_left,False,False,True,True,False,False,True,True,change_to_right,0.999394736098381,3.29503583908081,263,6,False,True,
swerve_left,False,True,True,True,False,False,True,True,swerve_right,0.000999023547003,3.24373364448547,264,1,False,False,*
swerve_left,False,True,True,True,False,False,True,True,keep,0.000999023547003,3.26935052871704,264,2,False,False,
swerve_left,False,True,True,True,False,False,True,True,cruise,0.000999089454577,3.30766272544861,264,3,False,False,
swerve_left,False,True,True,True,False,False,True,True,change_to_right,0.000999301748343,3.26758718490601,264,4,False,False,
swerve_left,False,True,True,True,False,False,True,True,swerve_left,0.001021615666828,3.27324271202087,264,5,False,True,
swerve_left,False,True,True,True,False,False,True,True,change_to_left,0.999998959806529,3.29702949523926,264,6,False,True,
swerve_left,False,False,False,False,True,False,True,True,keep,0.001018887017415,3.26113724708557,265,1,False,False,*
swerve_left,False,False,False,False,True,False,True,True,swerve_left,0.001462002458804,3.30431723594666,265,2,False,True,
swerve_left,False,False,False,False,True,False,True,True,swerve_right,0.500115692577012,3.2726571559906,265,3,False,False,
swerve_left,False,False,False,False,True,False,True,True,change_to_right,0.99921378543336,3.29361152648926,265,4,False,True,
swerve_left,False,False,False,False,True,False,True,True,cruise,0.999216154081364,3.27566576004028,265,5,False,True,
swerve_left,False,False,False,False,True,False,True,True,change_to_left,0.999220814764529,3.29833292961121,265,6,False,True,
swerve_left,False,True,False,False,True,False,True,True,keep,0.001007441551397,3.2441234588623,266,1,False,False,*
swerve_left,False,True,False,False,True,False,True,True,swerve_left,0.00143905064095,3.30202579498291,266,2,False,True,
swerve_left,False,True,False,False,True,False,True,True,swerve_right,0.500109957487188,3.25673842430115,266,3,False,False,
swerve_left,False,True,False,False,True,False,True,True,change_to_left,0.999210847484647,3.29266166687012,266,4,False,True,
swerve_left,False,True,False,False,True,False,True,True,cruise,0.999214895809624,3.26464033126831,266,5,False,True,
swerve_left,False,True,False,False,True,False,True,True,change_to_right,0.999215637302392,3.26711392402649,266,6,False,True,
swerve_left,False,False,True,False,True,False,True,True,keep,0.000999113342552,3.31529450416565,267,1,False,False,*
swerve_left,False,False,True,False,True,False,True,True,swerve_left,0.001421662910928,3.25536012649536,267,2,False,True,
swerve_left,False,False,True,False,True,False,True,True,swerve_right,0.500105612724863,3.31326365470886,267,3,False,False,
swerve_left,False,False,True,False,True,False,True,True,cruise,0.999211299384765,3.273188829422,267,4,False,True,
swerve_left,False,False,True,False,True,False,True,True,change_to_left,0.999211299384766,3.27955937385559,267,5,False,True,
swerve_left,False,False,True,False,True,False,True,True,change_to_right,0.999211299384766,3.25334119796753,267,5,False,True,
swerve_left,False,True,True,False,True,False,True,True,keep,0.000999067179476,3.30928730964661,268,1,False,False,*
swerve_left,False,True,True,False,True,False,True,True,change_to_right,0.001024251785166,3.31885480880737,268,2,False,False,
swerve_left,False,True,True,False,True,False,True,True,swerve_right,0.500047884499467,3.29956698417664,268,3,False,False,
swerve_left,False,True,True,False,True,False,True,True,swerve_left,0.595912651663961,3.25675296783447,268,4,False,True,
swerve_left,False,True,True,False,True,False,True,True,cruise,0.999146559153731,3.23247790336609,268,5,False,True,
swerve_left,False,True,True,False,True,False,True,True,change_to_left,0.999147483719505,3.26228499412537,268,6,False,True,
swerve_left,False,False,False,True,True,False,True,True,keep,0.001000494136282,3.28342747688293,269,1,False,False,*
swerve_left,False,False,False,True,True,False,True,True,cruise,0.001819520904882,3.25322866439819,269,2,False,False,
swerve_left,False,False,False,True,True,False,True,True,swerve_left,0.002498112773323,3.25237774848938,269,3,False,True,
swerve_left,False,False,False,True,True,False,True,True,swerve_right,0.500374217188063,3.26819634437561,269,4,False,False,
swerve_left,False,False,False,True,True,False,True,True,change_to_right,0.999411248048208,3.30898308753967,269,5,False,True,
swerve_left,False,False,False,True,True,False,True,True,change_to_left,0.999459242227552,3.26048254966736,269,6,False,True,
swerve_left,False,True,False,True,True,False,True,True,keep,0.001001300013492,3.29402160644531,270,1,False,False,*
swerve_left,False,True,False,True,True,False,True,True,cruise,0.00254682413955,3.26947712898254,270,2,False,False,
swerve_left,False,True,False,True,True,False,True,True,swerve_left,0.003307215081906,3.27129411697388,270,3,False,True,
swerve_left,False,True,False,True,True,False,True,True,swerve_right,0.500576190113739,3.27995491027832,270,4,False,False,
swerve_left,False,True,False,True,True,False,True,True,change_to_right,0.999340223164778,3.30135107040405,270,5,False,True,
swerve_left,False,True,False,True,True,False,True,True,change_to_left,0.999569989020658,3.26920223236084,270,6,False,True,
swerve_left,False,False,True,True,True,False,True,True,keep,0.000999712053342,3.25535726547241,271,1,False,False,*
swerve_left,False,False,True,True,True,False,True,True,cruise,0.001204904611952,3.30539727210999,271,2,False,False,
swerve_left,False,False,True,True,True,False,True,True,swerve_left,0.001712899958468,3.29066252708435,271,3,False,True,
swerve_left,False,False,True,True,True,False,True,True,swerve_right,0.500178207699755,3.25097060203552,271,4,False,False,
swerve_left,False,False,True,True,True,False,True,True,change_to_right,0.999389286457766,3.29644131660461,271,5,False,True,
swerve_left,False,False,True,True,True,False,True,True,change_to_left,0.999394585080238,3.26774048805237,271,6,False,True,
swerve_left,False,True,True,True,True,False,True,True,swerve_right,0.000999063911009,3.25335383415222,272,1,False,False,*
swerve_left,False,True,True,True,True,False,True,True,change_to_right,0.000999071056793,3.26407670974731,272,2,False,False,
swerve_left,False,True,True,True,True,False,True,True,keep,0.00099928122817,3.24780011177063,272,3,False,False,
swerve_left,False,True,True,True,True,False,True,True,cruise,0.001002223774422,3.3025016784668,272,4,False,False,
swerve_left,False,True,True,True,True,False,True,True,swerve_left,0.001062037830682,3.26962351799011,272,5,False,True,
swerve_left,False,True,True,True,True,False,True,True,change_to_left,0.999998877830186,3.28744626045227,272,6,False,True,
swerve_left,False,False,False,False,False,True,True,True,keep,0.007953013328457,3.27530026435852,273,1,False,False,*
swerve_left,False,False,False,False,False,True,True,True,swerve_left,0.008873603570112,3.30861830711365,273,2,False,True,
swerve_left,False,False,False,False,False,True,True,True,swerve_right,0.501967667805265,3.29130792617798,273,3,False,False,
swerve_left,False,False,False,False,False,True,True,True,change_to_left,0.999259657404604,3.31097149848938,273,4,False,True,
swerve_left,False,False,False,False,False,True,True,True,change_to_right,0.999268108206272,3.27260518074036,273,5,False,True,
swerve_left,False,False,False,False,False,True,True,True,cruise,0.999416172318617,3.29435062408447,273,6,False,True,
swerve_left,False,True,False,False,False,True,True,True,keep,0.013159766973572,3.25244355201721,274,1,False,False,*
swerve_left,False,True,False,False,False,True,True,True,swerve_left,0.0141075549196,3.27051615715027,274,2,False,True,
swerve_left,False,True,False,False,False,True,True,True,swerve_right,0.503275502387774,3.25172352790833,274,3,False,False,
swerve_left,False,True,False,False,False,True,True,True,change_to_left,0.999257772911829,3.28026628494263,274,4,False,True,
swerve_left,False,True,False,False,False,True,True,True,change_to_right,0.999322938243223,3.25759744644165,274,5,False,True,
swerve_left,False,True,False,False,False,True,True,True,cruise,0.999364574852105,3.30377316474915,274,6,False,True,
swerve_left,False,False,True,False,False,True,True,True,keep,0.003075289472575,3.28410863876343,275,1,False,False,*
swerve_left,False,False,True,False,False,True,True,True,swerve_left,0.003892626896449,3.25866746902466,275,2,False,True,
swerve_left,False,False,True,False,False,True,True,True,swerve_right,0.500723045317682,3.26794505119324,275,3,False,False,
swerve_left,False,False,True,False,False,True,True,True,change_to_left,0.999229497521335,3.29139018058777,275,4,False,True,
swerve_left,False,False,True,False,False,True,True,True,change_to_right,0.999308257650207,3.27242016792297,275,5,False,True,
swerve_left,False,False,True,False,False,True,True,True,cruise,0.999361580727773,3.28135561943054,275,6,False,True,
swerve_left,False,True,True,False,False,True,True,True,keep,0.001060898655208,3.28924250602722,276,1,False,False,*
swerve_left,False,True,True,False,False,True,True,True,change_to_right,0.001146417050547,3.30643105506897,276,2,False,False,
swerve_left,False,True,True,False,False,True,True,True,swerve_right,0.500101032169076,3.33670902252197,276,3,False,False,
swerve_left,False,True,True,False,False,True,True,True,swerve_left,0.702367433038372,3.24805021286011,276,4,False,True,
swerve_left,False,True,True,False,False,True,True,True,change_to_left,0.999105674549984,3.23169565200806,276,5,False,True,
swerve_left,False,True,True,False,False,True,True,True,cruise,0.999153474226289,3.24398827552795,276,6,False,True,
swerve_left,False,False,False,True,False,True,True,True,keep,0.00100109227481,3.29070639610291,277,1,False,False,*
swerve_left,False,False,False,True,False,True,True,True,cruise,0.00300148284352,3.24704432487488,277,2,False,False,
swerve_left,False,False,False,True,False,True,True,True,swerve_left,0.003797185718475,3.25932502746582,277,3,False,True,
swerve_left,False,False,False,True,False,True,True,True,swerve_right,0.50069989577791,3.28696513175964,277,4,False,False,
swerve_left,False,False,False,True,False,True,True,True,change_to_right,0.999432354053167,3.3177592754364,277,5,False,True,
swerve_left,False,False,False,True,False,True,True,True,change_to_left,0.999485547987622,3.25941324234009,277,6,False,True,
swerve_left,False,True,False,True,False,True,True,True,keep,0.001001918578758,3.26933097839355,278,1,False,False,*
swerve_left,False,True,False,True,False,True,True,True,cruise,0.002340732151394,3.23478937149048,278,2,False,False,
swerve_left,False,True,False,True,False,True,True,True,swerve_left,0.003086074654279,3.27140998840332,278,3,False,True,
swerve_left,False,True,False,True,False,True,True,True,swerve_right,0.5005220291674,3.27211117744446,278,4,False,False,
swerve_left,False,True,False,True,False,True,True,True,change_to_right,0.999367752576881,3.27493166923523,278,5,False,True,
swerve_left,False,True,False,True,False,True,True,True,change_to_left,0.999533131208614,3.24236845970154,278,6,False,True,
swerve_left,False,False,True,True,False,True,True,True,keep,0.001003449797091,3.25342845916748,279,1,False,False,*
swerve_left,False,False,True,True,False,True,True,True,cruise,0.004597444408478,3.32036685943604,279,2,False,False,
swerve_left,False,False,True,True,False,True,True,True,swerve_left,0.005461003142999,3.3045871257782,279,3,False,True,
swerve_left,False,False,True,True,False,True,True,True,swerve_right,0.501114980066703,3.26921916007996,279,4,False,False,
swerve_left,False,False,True,True,False,True,True,True,change_to_left,0.999404170615818,3.24905180931091,279,5,False,True,
swerve_left,False,False,True,True,False,True,True,True,change_to_right,0.999535918644747,3.31083655357361,279,6,False,True,
swerve_left,False,True,True,True,False,True,True,True,keep,0.00100658487075,3.2393114566803,280,1,False,False,*
swerve_left,False,True,True,True,False,True,True,True,swerve_right,0.001013122174076,3.24707555770874,280,2,False,False,
swerve_left,False,True,True,True,False,True,True,True,cruise,0.003691062859844,3.2752046585083,280,3,False,False,
swerve_left,False,True,True,True,False,True,True,True,change_to_right,0.011510097668739,3.24855661392212,280,4,False,False,
swerve_left,False,True,True,True,False,True,True,True,swerve_left,0.015148417409942,3.27793431282043,280,5,False,True,
swerve_left,False,True,True,True,False,True,True,True,change_to_left,0.999970733353189,3.32084584236145,280,6,False,True,
swerve_left,False,False,False,False,True,True,True,True,keep,0.00326785842003,3.27154612541199,281,1,False,False,*
swerve_left,False,False,False,False,True,True,True,True,swerve_left,0.004091756758243,3.27977967262268,281,2,False,True,
swerve_left,False,False,False,False,True,True,True,True,swerve_right,0.50077357534083,3.35930323600769,281,3,False,False,
swerve_left,False,False,False,False,True,True,True,True,change_to_right,0.99925804514548,3.24830627441406,281,4,False,True,
swerve_left,False,False,False,False,True,True,True,True,change_to_left,0.999262115234609,3.29815530776978,281,5,False,True,
swerve_left,False,False,False,False,True,True,True,True,cruise,0.999384134429677,3.28500509262085,281,6,False,True,
swerve_left,False,True,False,False,True,True,True,True,keep,0.006900746762399,3.36502146720886,282,1,False,False,*
swerve_left,False,True,False,False,True,True,True,True,swerve_left,0.007805148477531,3.38779187202454,282,2,False,True,
swerve_left,False,True,False,False,True,True,True,True,swerve_right,0.501702387212647,3.37110114097595,282,3,False,False,
swerve_left,False,True,False,False,True,True,True,True,change_to_left,0.999250848122363,3.38803362846375,282,4,False,True,
swerve_left,False,True,False,False,True,True,True,True,change_to_right,0.999280320266373,3.37603783607483,282,5,False,True,
swerve_left,False,True,False,False,True,True,True,True,cruise,0.999409739159717,3.40358829498291,282,6,False,True,
swerve_left,False,False,True,False,True,True,True,True,keep,0.001684429610725,3.4045844078064,283,1,False,False,*
swerve_left,False,False,True,False,True,True,True,True,swerve_left,0.002370606500986,3.34096145629883,283,2,False,True,
swerve_left,False,False,True,False,True,True,True,True,swerve_right,0.500342749836932,3.41590023040771,283,3,False,False,
swerve_left,False,False,True,False,True,True,True,True,change_to_left,0.9992305759525,3.37454080581665,283,4,False,True,
swerve_left,False,False,True,False,True,True,True,True,change_to_right,0.999255486805115,3.36621737480164,283,5,False,True,
swerve_left,False,False,True,False,True,True,True,True,cruise,0.999338874848297,3.39009785652161,283,6,False,True,
swerve_left,False,True,True,False,True,True,True,True,keep,0.000999485153714,3.40568256378174,284,1,False,False,*
swerve_left,False,True,True,False,True,True,True,True,change_to_right,0.001038648381009,3.39788818359375,284,2,False,False,
swerve_left,False,True,True,False,True,True,True,True,swerve_right,0.500053306586105,3.40907859802246,284,3,False,False,
swerve_left,False,True,True,False,True,True,True,True,swerve_left,0.606773091114649,3.35235381126404,284,4,False,True,
swerve_left,False,True,True,False,True,True,True,True,change_to_left,0.999118213156052,3.35345005989075,284,5,False,True,
swerve_left,False,True,True,False,True,True,True,True,cruise,0.99917861537606,3.36340355873108,284,6,False,True,
swerve_left,False,False,False,True,True,True,True,True,keep,0.001005516653995,3.4082932472229,285,1,False,False,*
swerve_left,False,False,False,True,True,True,True,True,cruise,0.003108542547564,3.35084629058838,285,2,False,False,
swerve_left,False,False,False,True,True,True,True,True,swerve_left,0.003916208348623,3.36697912216187,285,3,False,True,
swerve_left,False,False,False,True,True,True,True,True,swerve_right,0.50072966630584,3.40789484977722,285,4,False,False,
swerve_left,False,False,False,True,True,True,True,True,change_to_right,0.999394302061661,3.40727543830872,285,5,False,True,
swerve_left,False,False,False,True,True,True,True,True,change_to_left,0.999527071303259,3.36487293243408,285,6,False,True,
swerve_left,False,True,False,True,True,True,True,True,keep,0.001050550494919,3.39943480491638,286,1,False,False,*
swerve_left,False,True,False,True,True,True,True,True,cruise,0.004745725777763,3.3875207901001,286,2,False,False,
swerve_left,False,True,False,True,True,True,True,True,swerve_left,0.005656777052402,3.37042284011841,286,3,False,True,
swerve_left,False,True,False,True,True,True,True,True,swerve_right,0.501165025944142,3.4073543548584,286,4,False,False,
swerve_left,False,True,False,True,True,True,True,True,change_to_right,0.999310180499301,3.38318848609924,286,5,False,True,
swerve_left,False,True,False,True,True,True,True,True,change_to_left,0.999635617728957,3.37219190597534,286,6,False,True,
swerve_left,False,False,True,True,True,True,True,True,keep,0.00100471404409,3.36559200286865,287,1,False,False,*
swerve_left,False,False,True,True,True,True,True,True,cruise,0.003513083175794,3.41243743896484,287,2,False,False,
swerve_left,False,False,True,True,True,True,True,True,swerve_left,0.004339544958306,3.40251517295837,287,3,False,True,
swerve_left,False,False,True,True,True,True,True,True,swerve_right,0.500834796290044,3.35638284683228,287,4,False,False,
swerve_left,False,False,True,True,True,True,True,True,change_to_right,0.99945868850678,3.40909790992737,287,5,False,True,
swerve_left,False,False,True,True,True,True,True,True,change_to_left,0.999468495168156,3.36530828475952,287,6,False,True,
swerve_left,False,True,True,True,True,True,True,True,swerve_right,0.001002592779047,3.37395787239075,288,1,False,False,*
swerve_left,False,True,True,True,True,True,True,True,keep,0.001112143016797,3.37447953224182,288,2,False,False,
swerve_left,False,True,True,True,True,True,True,True,change_to_right,0.002183797889202,3.36782479286194,288,3,False,False,
swerve_left,False,True,True,True,True,True,True,True,cruise,0.011615437125443,3.40094947814941,288,4,False,False,
swerve_left,False,True,True,True,True,True,True,True,swerve_left,0.013918364889243,3.39620995521545,288,5,False,True,
swerve_left,False,True,True,True,True,True,True,True,change_to_left,0.99997327952017,3.4173903465271,288,6,False,True,
swerve_right,True,False,False,False,False,False,False,True,keep,0.000999422630953,3.36087226867676,289,1,False,False,*
swerve_right,True,False,False,False,False,False,False,True,swerve_right,0.001422319308796,3.34737849235535,289,2,False,True,
swerve_right,True,False,False,False,False,False,False,True,swerve_left,0.500105671231453,3.37860798835754,289,3,False,False,
swerve_right,True,False,False,False,False,False,False,True,change_to_left,0.999211395599243,3.38672995567322,289,4,False,True,
swerve_right,True,False,False,False,False,False,False,True,cruise,0.999211395599243,3.38875317573547,289,4,False,True,
swerve_right,True,False,False,False,False,False,False,True,change_to_right,0.999211395599243,3.36125349998474,289,5,False,True,
swerve_right,True,True,False,False,False,False,False,True,keep,0.000999394772498,3.35358905792236,290,1,False,False,*
swerve_right,True,True,False,False,False,False,False,True,swerve_left,0.000999423292924,3.39562487602234,290,2,False,False,
swerve_right,True,True,False,False,False,False,False,True,swerve_right,0.001422561221463,3.3541374206543,290,3,False,True,
swerve_right,True,True,False,False,False,False,False,True,change_to_left,0.999211536222018,3.3850245475769,290,4,False,True,
swerve_right,True,True,False,False,False,False,False,True,change_to_right,0.999211536222018,3.37192869186401,290,4,False,True,
swerve_right,True,True,False,False,False,False,False,True,cruise,0.999211536222018,3.38107299804688,290,4,False,True,
swerve_right,True,False,True,False,False,False,False,True,cruise,0.000999067886491,3.4024977684021,291,1,False,False,*
swerve_right,True,False,True,False,False,False,False,True,swerve_right,0.001334839311974,3.40424299240112,291,2,False,True,
swerve_right,True,False,True,False,False,False,False,True,keep,0.50008383395487,3.39920043945312,291,3,False,False,
swerve_right,True,False,True,False,False,False,False,True,swerve_left,0.50008383395487,3.36867690086365,291,3,False,False,
swerve_right,True,False,True,False,False,False,False,True,change_to_right,0.999334037918974,3.36676430702209,291,4,False,True,
swerve_right,True,False,True,False,False,False,False,True,change_to_left,0.999334037918974,3.38807201385498,291,5,False,True,
swerve_right,True,True,True,False,False,False,False,True,keep,0.000999375968494,3.39989924430847,292,1,False,False,*
swerve_right,True,True,True,False,False,False,False,True,swerve_left,0.000999375968494,3.35548114776611,292,1,False,False,
swerve_right,True,True,True,False,False,False,False,True,cruise,0.001015148644416,3.36177468299866,292,2,False,False,
swerve_right,True,True,True,False,False,False,False,True,swerve_right,0.001375470107675,3.40960621833801,292,3,False,True,
swerve_right,True,True,True,False,False,False,False,True,change_to_right,0.99934375338081,3.40760540962219,292,4,False,True,
swerve_right,True,True,True,False,False,False,False,True,change_to_left,0.99934375338081,3.36154770851135,292,5,False,True,
swerve_right,True,False,False,True,False,False,False,True,keep,0.000999024181891,3.38511919975281,293,1,False,False,*
swerve_right,True,False,False,True,False,False,False,True,swerve_left,0.500043627052772,3.37241435050964,293,2,False,False,
swerve_right,True,False,False,True,False,False,False,True,swerve_right,0.587384986003926,3.40713453292847,293,3,False,True,
swerve_right,True,False,False,True,False,False,False,True,change_to_left,0.999087750355039,3.3675365447998,293,4,False,True,
swerve_right,True,False,False,True,False,False,False,True,change_to_right,0.999087958274054,3.41822266578674,293,5,False,True,
swerve_right,True,False,False,True,False,False,False,True,cruise,0.999087958274054,3.37376618385315,293,5,False,True,
swerve_right,True,True,False,True,False,False,False,True,keep,0.000999225761835,3.39733052253723,294,1,False,False,*
swerve_right,True,True,False,True,False,False,False,True,swerve_left,0.000999422934385,3.36211919784546,294,2,False,False,
swerve_right,True,True,False,True,False,False,False,True,swerve_right,0.001422201606506,3.38632702827454,294,3,False,True,
swerve_right,True,True,False,True,False,False,False,True,change_to_left,0.999211273625446,3.36772179603577,294,4,False,True,
swerve_right,True,True,False,True,False,False,False,True,change_to_right,0.999211399543703,3.38062119483948,294,5,False,True,
swerve_right,True,True,False,True,False,False,False,True,cruise,0.999211777599003,3.36388874053955,294,6,False,True,
swerve_right,True,False,True,True,False,False,False,True,cruise,0.000999259494371,3.41639733314514,295,1,False,False,*
swerve_right,True,False,True,True,False,False,False,True,swerve_left,0.50003605649242,3.40856242179871,295,2,False,False,
swerve_right,True,False,True,True,False,False,False,True,keep,0.50003605649242,3.37500667572021,295,3,False,False,
swerve_right,True,False,True,True,False,False,False,True,swerve_right,0.572293265349452,3.38935041427612,295,4,False,True,
swerve_right,True,False,True,True,False,False,False,True,change_to_left,0.999143782755539,3.35842895507812,295,5,False,True,
swerve_right,True,False,True,True,False,False,False,True,change_to_right,0.999143782755539,3.39094233512878,295,5,False,True,
swerve_right,True,True,True,True,False,False,False,True,keep,0.00099974209998,3.35320782661438,296,1,False,False,*
swerve_right,True,True,True,True,False,False,False,True,swerve_left,0.00099974209998,3.42155432701111,296,1,False,False,
swerve_right,True,True,True,True,False,False,False,True,cruise,0.001224979436407,3.40371227264404,296,2,False,False,
swerve_right,True,True,True,True,False,False,False,True,swerve_right,0.001742325015101,3.3608090877533,296,3,False,True,
swerve_right,True,True,True,True,False,False,False,True,change_to_right,0.999394240682306,3.40432834625244,296,4,False,True,
swerve_right,True,True,True,True,False,False,False,True,change_to_left,0.999395685567169,3.42384386062622,296,5,False,True,
swerve_right,True,False,False,False,True,False,False,True,keep,0.001001032884887,3.36131978034973,297,1,False,False,*
swerve_right,True,False,False,False,True,False,False,True,swerve_right,0.001425730305591,3.35229802131653,297,2,False,True,
swerve_right,True,False,False,False,True,False,False,True,swerve_left,0.500106629065873,3.39865016937256,297,3,False,False,
swerve_right,True,False,False,False,True,False,False,True,change_to_left,0.999211808240506,3.43305325508118,297,4,False,True,
swerve_right,True,False,False,False,True,False,False,True,change_to_right,0.999211808240506,3.37295293807983,297,4,False,True,
swerve_right,True,False,False,False,True,False,False,True,cruise,0.999212060306637,3.41702389717102,297,5,False,True,
swerve_right,True,True,False,False,True,False,False,True,swerve_left,0.000999481720454,3.36789965629578,298,1,False,False,*
swerve_right,True,True,False,False,True,False,False,True,keep,0.001190308229305,3.37412571907043,298,2,False,False,
swerve_right,True,True,False,False,True,False,False,True,swerve_right,0.001741631368179,3.35313081741333,298,3,False,True,
swerve_right,True,True,False,False,True,False,False,True,change_to_right,0.999224312252604,3.36707735061646,298,4,False,True,
swerve_right,True,True,False,False,True,False,False,True,change_to_left,0.999226408121293,3.41865253448486,298,5,False,True,
swerve_right,True,True,False,False,True,False,False,True,cruise,0.999284284088289,3.38822412490845,298,6,False,True,
swerve_right,True,False,True,False,True,False,False,True,cruise,0.001008378849421,3.43807506561279,299,1,False,False,*
swerve_right,True,False,True,False,True,False,False,True,swerve_right,0.001358659498546,3.39959049224854,299,2,False,True,
swerve_right,True,False,True,False,True,False,False,True,keep,0.500089780091374,3.41858720779419,299,3,False,False,
swerve_right,True,False,True,False,True,False,False,True,swerve_left,0.500089780091374,3.37323403358459,299,4,False,False,
swerve_right,True,False,True,False,True,False,False,True,change_to_left,0.999336797279193,3.37028002738953,299,5,False,True,
swerve_right,True,False,True,False,True,False,False,True,change_to_right,0.999342558620831,3.39856171607971,299,6,False,True,
swerve_right,True,True,True,False,True,False,False,True,keep,0.001004459159711,3.39744782447815,300,1,False,False,*
swerve_right,True,True,True,False,True,False,False,True,swerve_left,0.001004459159711,3.36140131950378,300,1,False,False,
swerve_right,True,True,True,False,True,False,False,True,cruise,0.005582218239665,3.37380218505859,300,2,False,False,
swerve_right,True,True,True,False,True,False,False,True,swerve_right,0.006473018434878,3.41499829292297,300,3,False,True,
swerve_right,True,True,True,False,True,False,False,True,change_to_left,0.999473186877563,3.35036110877991,300,4,False,True,
swerve_right,True,True,True,False,True,False,False,True,change_to_right,0.999475033945405,3.4182825088501,300,5,False,True,
swerve_right,True,False,False,True,True,False,False,True,keep,0.000999279600592,3.39328908920288,301,1,False,False,*
swerve_right,True,False,False,True,True,False,False,True,swerve_left,0.500043739077858,3.36522698402405,301,2,False,False,
swerve_right,True,False,False,True,True,False,False,True,swerve_right,0.587609372248316,3.39321208000183,301,3,False,True,
swerve_right,True,False,False,True,True,False,False,True,change_to_left,0.99908783464022,3.36671447753906,301,4,False,True,
swerve_right,True,False,False,True,True,False,False,True,change_to_right,0.999087938597605,3.40884232521057,301,5,False,True,
swerve_right,True,False,False,True,True,False,False,True,cruise,0.999087990626847,3.34835481643677,301,6,False,True,
swerve_right,True,True,False,True,True,False,False,True,swerve_left,0.000999735330411,3.35691428184509,302,1,False,False,*
swerve_right,True,True,False,True,True,False,False,True,keep,0.001127333736738,3.37367129325867,302,2,False,False,
swerve_right,True,True,False,True,True,False,False,True,swerve_right,0.001648195900136,3.38809871673584,302,3,False,True,
swerve_right,True,True,False,True,True,False,False,True,change_to_right,0.999225764573328,3.38448619842529,302,4,False,True,
swerve_right,True,True,False,True,True,False,False,True,change_to_left,0.999238406173796,3.37742161750793,302,5,False,True,
swerve_right,True,True,False,True,True,False,False,True,cruise,0.999247208464243,3.36621022224426,302,6,False,True,
swerve_right,True,False,True,True,True,False,False,True,cruise,0.001038545602423,3.41091156005859,303,1,False,False,*
swerve_right,True,False,True,True,True,False,False,True,keep,0.500053421909001,3.37040042877197,303,2,False,False,
swerve_right,True,False,True,True,True,False,False,True,swerve_left,0.500053421909001,3.38533639907837,303,3,False,False,
swerve_right,True,False,True,True,True,False,False,True,swerve_right,0.607110924653359,3.34830379486084,303,4,False,True,
swerve_right,True,False,True,True,True,False,False,True,change_to_left,0.999146757852032,3.35332274436951,303,5,False,True,
swerve_right,True,False,True,True,True,False,False,True,change_to_right,0.999147346875823,3.40364551544189,303,6,False,True,
swerve_right,True,True,True,True,True,False,False,True,keep,0.001006214567241,3.37542581558228,304,1,False,False,
swerve_right,True,True,True,True,True,False,False,True,swerve_left,0.001006214567241,3.41359186172485,304,1,False,False,*
swerve_right,True,True,True,True,True,False,False,True,cruise,0.007320733635138,3.40642023086548,304,2,False,False,
swerve_right,True,True,True,True,True,False,False,True,swerve_right,0.008233505698275,3.38527512550354,304,3,False,True,
swerve_right,True,True,True,True,True,False,False,True,change_to_right,0.999473694560026,3.3685827255249,304,4,False,True,
swerve_right,True,True,True,True,True,False,False,True,change_to_left,0.999480549304475,3.39537572860718,304,5,False,True,
swerve_right,True,False,False,False,False,True,False,True,keep,0.001000240297353,3.37228965759277,305,1,False,False,*
swerve_right,True,False,False,False,False,True,False,True,swerve_right,0.001424055353965,3.36646842956543,305,2,False,True,
swerve_right,True,False,False,False,False,True,False,True,swerve_left,0.500106210537019,3.39965867996216,305,3,False,False,
swerve_right,True,False,False,False,False,True,False,True,change_to_left,0.999211606868884,3.39944267272949,305,4,False,True,
swerve_right,True,False,False,False,False,True,False,True,change_to_right,0.999211606868884,3.35364532470703,305,4,False,True,
swerve_right,True,False,False,False,False,True,False,True,cruise,0.99921173291509,3.39442491531372,305,5,False,True,
swerve_right,True,True,False,False,False,True,False,True,swerve_left,0.001000449173219,3.38890528678894,306,1,False,False,*
swerve_right,True,True,False,False,False,True,False,True,keep,0.001751729523062,3.36416339874268,306,2,False,False,
swerve_right,True,True,False,False,False,True,False,True,swerve_right,0.002450070563979,3.36238741874695,306,3,False,True,
swerve_right,True,True,False,False,False,True,False,True,change_to_left,0.999269737188833,3.38843560218811,306,4,False,True,
swerve_right,True,True,False,False,False,True,False,True,change_to_right,0.999276901410157,3.36423802375793,306,5,False,True,
swerve_right,True,True,False,False,False,True,False,True,cruise,0.999284255191812,3.40715074539185,306,6,False,True,
swerve_right,True,False,True,False,False,True,False,True,cruise,0.001000008921777,3.39239740371704,307,1,False,False,*
swerve_right,True,False,True,False,False,True,False,True,swerve_right,0.001337330741072,3.40378093719482,307,2,False,True,
swerve_right,True,False,True,False,False,True,False,True,swerve_left,0.500084455880205,3.38521122932434,307,3,False,False,
swerve_right,True,False,True,False,False,True,False,True,keep,0.500084455880205,3.41788959503174,307,4,False,False,
swerve_right,True,False,True,False,False,True,False,True,change_to_left,0.999334648249662,3.37305307388306,307,5,False,True,
swerve_right,True,False,True,False,False,True,False,True,change_to_right,0.999334648249662,3.37666296958923,307,5,False,True,
swerve_right,True,True,True,False,False,True,False,True,swerve_left,0.000999724890955,3.35835361480713,308,1,False,False,*
swerve_right,True,True,True,False,False,True,False,True,keep,0.000999724890955,3.39722347259521,308,2,False,False,
swerve_right,True,True,True,False,False,True,False,True,cruise,0.001212103642504,3.3964204788208,308,3,False,False,
swerve_right,True,True,True,False,False,True,False,True,swerve_right,0.001725064346003,3.3916711807251,308,4,False,True,
swerve_right,True,True,True,False,False,True,False,True,change_to_left,0.999390482489499,3.3740406036377,308,5,False,True,
swerve_right,True,True,True,False,False,True,False,True,change_to_right,0.999396256982567,3.41125297546387,308,6,False,True,
swerve_right,True,False,False,True,False,True,False,True,keep,0.00099902412327,3.40370321273804,309,1,False,False,*
swerve_right,True,False,False,True,False,True,False,True,swerve_left,0.500043626825164,3.36890554428101,309,2,False,False,
swerve_right,True,False,False,True,False,True,False,True,swerve_right,0.587384530104237,3.40561532974243,309,3,False,True,
swerve_right,True,False,False,True,False,True,False,True,change_to_left,0.999087422582723,3.3717246055603,309,4,False,True,
swerve_right,True,False,False,True,False,True,False,True,change_to_right,0.999087784845208,3.40535044670105,309,5,False,True,
swerve_right,True,False,False,True,False,True,False,True,cruise,0.999088460281877,3.37611436843872,309,6,False,True,
swerve_right,True,True,False,True,False,True,False,True,swerve_left,0.000999766296734,3.35808420181274,310,1,False,False,*
swerve_right,True,True,False,True,False,True,False,True,keep,0.001206484648907,3.40323066711426,310,2,False,False,
swerve_right,True,True,False,True,False,True,False,True,swerve_right,0.001766594382949,3.40534710884094,310,3,False,True,
swerve_right,True,True,False,True,False,True,False,True,change_to_left,0.999240920073652,3.38496088981628,310,4,False,True,
swerve_right,True,True,False,True,False,True,False,True,change_to_right,0.999245094007872,3.38125848770142,310,5,False,True,
swerve_right,True,True,False,True,False,True,False,True,cruise,0.99925328854194,3.35716986656189,310,6,False,True,
swerve_right,True,False,True,True,False,True,False,True,cruise,0.001000775653935,3.42701435089111,311,1,False,False,*
swerve_right,True,False,True,True,False,True,False,True,keep,0.500036901142215,3.37447381019592,311,2,False,False,
swerve_right,True,False,True,True,False,True,False,True,swerve_left,0.500036901142216,3.38614368438721,311,3,False,False,
swerve_right,True,False,True,True,False,True,False,True,swerve_right,0.573986788143352,3.40166115760803,311,4,False,True,
swerve_right,True,False,True,True,False,True,False,True,change_to_right,0.999144171967528,3.40014791488647,311,5,False,True,
swerve_right,True,False,True,True,False,True,False,True,change_to_left,0.999144171967528,3.36571168899536,311,6,False,True,
swerve_right,True,True,True,True,False,True,False,True,keep,0.000999533900497,3.36345553398132,312,1,False,False,*
swerve_right,True,True,True,True,False,True,False,True,swerve_left,0.000999533900497,3.39710879325867,312,2,False,False,
swerve_right,True,True,True,True,False,True,False,True,cruise,0.001094175523859,3.39694023132324,312,3,False,False,
swerve_right,True,True,True,True,False,True,False,True,swerve_right,0.001534034150425,3.36069631576538,312,4,False,True,
swerve_right,True,True,True,True,False,True,False,True,change_to_left,0.999371264704943,3.42130661010742,312,5,False,True,
swerve_right,True,True,True,True,False,True,False,True,change_to_right,0.99937151527952,3.37304496765137,312,6,False,True,
swerve_right,True,False,False,False,True,True,False,True,keep,0.00111347792538,3.37170267105103,313,1,False,False,*
swerve_right,True,False,False,False,True,True,False,True,swerve_right,0.001625950365292,3.35771036148071,313,2,False,True,
swerve_right,True,False,False,False,True,True,False,True,swerve_left,0.500156815670829,3.40342116355896,313,3,False,False,
swerve_right,True,False,False,False,True,True,False,True,change_to_left,0.999234469210025,3.41125750541687,313,4,False,True,
swerve_right,True,False,False,False,True,True,False,True,change_to_right,0.999234469210025,3.36456871032715,313,5,False,True,
swerve_right,True,False,False,False,True,True,False,True,cruise,0.999235881322324,3.39332509040833,313,6,False,True,
swerve_right,True,True,False,False,True,True,False,True,swerve_left,0.001000187341243,3.37494349479675,314,1,False,False,*
swerve_right,True,True,False,False,True,True,False,True,keep,0.00239698676751,3.37214231491089,314,2,False,False,
swerve_right,True,True,False,False,True,True,False,True,swerve_right,0.003168527787539,3.34622144699097,314,3,False,True,
swerve_right,True,True,False,False,True,True,False,True,change_to_left,0.999236707856749,3.39084076881409,314,4,False,True,
swerve_right,True,True,False,False,True,True,False,True,change_to_right,0.999269434113006,3.36269640922546,314,5,False,True,
swerve_right,True,True,False,False,True,True,False,True,cruise,0.999370627789751,3.38502144813538,314,6,False,True,
swerve_right,True,False,True,False,True,True,False,True,cruise,0.001167618641572,3.38646650314331,315,1,False,False,*
swerve_right,True,False,True,False,True,True,False,True,swerve_right,0.001654818938258,3.41451215744019,315,2,False,True,
swerve_right,True,False,True,False,True,True,False,True,swerve_left,0.500163872631252,3.36236429214478,315,3,False,False,
swerve_right,True,False,True,False,True,True,False,True,keep,0.500163872631252,3.4103729724884,315,4,False,False,
swerve_right,True,False,True,False,True,True,False,True,change_to_left,0.999385034512197,3.39890503883362,315,5,False,True,
swerve_right,True,False,True,False,True,True,False,True,change_to_right,0.999386497895998,3.36870002746582,315,6,False,True,
swerve_right,True,True,True,False,True,True,False,True,swerve_left,0.000999706405986,3.35645818710327,316,1,False,False,*
swerve_right,True,True,True,False,True,True,False,True,keep,0.001009405752383,3.41570067405701,316,2,False,False,
swerve_right,True,True,True,False,True,True,False,True,cruise,0.006777562223294,3.34646940231323,316,3,False,False,
swerve_right,True,True,True,False,True,True,False,True,swerve_right,0.007685699195262,3.38270711898804,316,4,False,True,
swerve_right,True,True,True,False,True,True,False,True,change_to_left,0.999472998920728,3.35628914833069,316,5,False,True,
swerve_right,True,True,True,False,True,True,False,True,change_to_right,0.999479877864605,3.40898966789246,316,6,False,True,
swerve_right,True,False,False,True,True,True,False,True,keep,0.001001454017776,3.40469980239868,317,1,False,False,*
swerve_right,True,False,False,True,True,True,False,True,swerve_left,0.500044679862769,3.37313461303711,317,2,False,False,
swerve_right,True,False,False,True,True,True,False,True,swerve_right,0.589493764410476,3.39469838142395,317,3,False,True,
swerve_right,True,False,False,True,True,True,False,True,change_to_left,0.999087734423288,3.35263156890869,317,4,False,True,
swerve_right,True,False,False,True,True,True,False,True,change_to_right,0.999088147259853,3.4186897277832,317,5,False,True,
swerve_right,True,False,False,True,True,True,False,True,cruise,0.999088665084472,3.34428381919861,317,6,False,True,
swerve_right,True,True,False,True,True,True,False,True,swerve_left,0.000999863632232,3.35790657997131,318,1,False,False,*
swerve_right,True,True,False,True,True,True,False,True,keep,0.001278025687168,3.36884546279907,318,2,False,False,
swerve_right,True,True,False,True,True,True,False,True,swerve_right,0.001864153933698,3.36317563056946,318,3,False,True,
swerve_right,True,True,False,True,True,True,False,True,change_to_right,0.999218583026774,3.39970350265503,318,4,False,True,
swerve_right,True,True,False,True,True,True,False,True,change_to_left,0.999227599534742,3.38736033439636,318,5,False,True,
swerve_right,True,True,False,True,True,True,False,True,cruise,0.999314662871258,3.34527969360352,318,6,False,True,
swerve_right,True,False,True,True,True,True,False,True,cruise,0.001066906137839,3.42616724967957,319,1,False,False,*
swerve_right,True,False,True,True,True,True,False,True,keep,0.500063158812071,3.34425187110901,319,2,False,False,
swerve_right,True,False,True,True,True,True,False,True,swerve_left,0.500063158812071,3.47736310958862,319,2,False,False,
swerve_right,True,False,True,True,True,True,False,True,swerve_right,0.626633414780631,3.35344171524048,319,3,False,True,
swerve_right,True,False,True,True,True,True,False,True,change_to_left,0.999144405728043,3.34867882728577,319,4,False,True,
swerve_right,True,False,True,True,True,True,False,True,change_to_right,0.999147028258275,3.38451814651489,319,5,False,True,
swerve_right,True,True,True,True,True,True,False,True,keep,0.001005908817128,3.35896611213684,320,1,False,False,*
swerve_right,True,True,True,True,True,True,False,True,swerve_left,0.001005908817128,3.39838576316833,320,2,False,False,
swerve_right,True,True,True,True,True,True,False,True,cruise,0.007021053258271,3.40181517601013,320,3,False,False,
swerve_right,True,True,True,True,True,True,False,True,swerve_right,0.007933932302105,3.36188864707947,320,4,False,True,
swerve_right,True,True,True,True,True,True,False,True,change_to_right,0.999474954413301,3.37176489830017,320,5,False,True,
swerve_right,True,True,True,True,True,True,False,True,change_to_left,0.999478587313024,3.40409445762634,320,6,False,True,
swerve_right,True,False,False,False,False,False,True,True,keep,0.000999422929816,3.36752843856812,321,1,False,False,*
swerve_right,True,False,False,False,False,False,True,True,swerve_left,0.000999422929816,3.40266728401184,321,1,False,False,
swerve_right,True,False,False,False,False,False,True,True,swerve_right,0.001422619367958,3.35554194450378,321,2,False,True,
swerve_right,True,False,False,False,False,False,True,True,change_to_left,0.999211544733183,3.3925416469574,321,3,False,True,
swerve_right,True,False,False,False,False,False,True,True,change_to_right,0.999211544733183,3.37759828567505,321,3,False,True,
swerve_right,True,False,False,False,False,False,True,True,cruise,0.999211544733183,3.39179086685181,321,3,False,True,
swerve_right,True,True,False,False,False,False,True,True,keep,0.000999057165199,3.36065101623535,322,1,False,False,*
swerve_right,True,True,False,False,False,False,True,True,swerve_left,0.000999422576446,3.38916301727295,322,2,False,False,
swerve_right,True,True,False,False,False,False,True,True,swerve_right,0.001421842593758,3.37703061103821,322,3,False,True,
swerve_right,True,True,False,False,False,False,True,True,cruise,0.999211220961282,3.38271689414978,322,4,False,True,
swerve_right,True,True,False,False,False,False,True,True,change_to_right,0.999211220961282,3.35700678825378,322,5,False,True,
swerve_right,True,True,False,False,False,False,True,True,change_to_left,0.999211851053885,3.39898777008057,322,6,False,True,
swerve_right,True,False,True,False,False,False,True,True,cruise,0.000999144625917,3.40388822555542,323,1,False,False,
swerve_right,True,False,True,False,False,False,True,True,keep,0.000999144625917,3.41830945014954,323,1,False,False,*
swerve_right,True,False,True,False,False,False,True,True,swerve_left,0.000999144625917,3.39393854141235,323,1,False,False,
swerve_right,True,False,True,False,False,False,True,True,swerve_right,0.572244413401304,3.42430448532104,323,2,False,True,
swerve_right,True,False,True,False,False,False,True,True,change_to_left,0.999143914072609,3.37919783592224,323,3,False,True,
swerve_right,True,False,True,False,False,False,True,True,change_to_right,0.999143914072609,3.34020590782166,323,3,False,True,
swerve_right,True,True,True,False,False,False,True,True,keep,0.00099952833819,3.41622042655945,324,1,False,False,*
swerve_right,True,True,True,False,False,False,True,True,swerve_left,0.00099952833819,3.35193538665771,324,1,False,False,
swerve_right,True,True,True,False,False,False,True,True,cruise,0.001091042090609,3.35561203956604,324,2,False,False,
swerve_right,True,True,True,False,False,False,True,True,swerve_right,0.001528449583515,3.4030601978302,324,3,False,True,
swerve_right,True,True,True,False,False,False,True,True,change_to_right,0.999370597716384,3.39279317855835,324,4,False,True,
swerve_right,True,True,True,False,False,False,True,True,change_to_left,0.999370597716384,3.37572121620178,324,5,False,True,
swerve_right,True,False,False,True,False,False,True,True,change_to_left,0.000999336317732,3.37558436393738,325,1,False,False,*
swerve_right,True,False,False,True,False,False,True,True,keep,0.000999336317732,3.38883185386658,325,1,False,False,
swerve_right,True,False,False,True,False,False,True,True,swerve_left,0.000999336317732,3.3612368106842,325,1,False,False,
swerve_right,True,False,False,True,False,False,True,True,swerve_right,0.001335996338648,3.40143084526062,325,2,False,True,
swerve_right,True,False,False,True,False,False,True,True,cruise,0.999334655817487,3.34277105331421,325,3,False,True,
swerve_right,True,False,False,True,False,False,True,True,change_to_right,0.999334655817487,3.38673996925354,325,4,False,True,
swerve_right,True,True,False,True,False,False,True,True,keep,0.000999337522955,3.4010705947876,326,1,False,False,*
swerve_right,True,True,False,True,False,False,True,True,swerve_left,0.000999337522955,3.35232543945312,326,1,False,False,
swerve_right,True,True,False,True,False,False,True,True,change_to_left,0.000999672301249,3.35387277603149,326,2,False,False,
swerve_right,True,True,False,True,False,False,True,True,swerve_right,0.001336533857686,3.38021564483643,326,3,False,True,
swerve_right,True,True,False,True,False,False,True,True,change_to_right,0.999334787613765,3.38454508781433,326,4,False,True,
swerve_right,True,True,False,True,False,False,True,True,cruise,0.999334787613765,3.37041449546814,326,4,False,True,
swerve_right,True,False,True,True,False,False,True,True,change_to_left,0.000999005266107,3.33944129943848,327,1,False,False,*
swerve_right,True,False,True,True,False,False,True,True,keep,0.000999005266107,3.3513810634613,327,1,False,False,
swerve_right,True,False,True,True,False,False,True,True,swerve_left,0.000999005266107,3.40733075141907,327,1,False,False,
swerve_right,True,False,True,True,False,False,True,True,cruise,0.00099901629684,3.40063619613647,327,2,False,False,
swerve_right,True,False,True,True,False,False,True,True,swerve_right,0.50214586919055,3.39785766601562,327,3,False,True,
swerve_right,True,False,True,True,False,False,True,True,change_to_right,0.999498352989481,3.38025546073914,327,4,False,True,
swerve_right,True,True,True,True,False,False,True,True,keep,0.000999231718776,3.38290023803711,328,1,False,False,*
swerve_right,True,True,True,True,False,False,True,True,swerve_left,0.001000370086669,3.41206383705139,328,2,False,False,
swerve_right,True,True,True,True,False,False,True,True,change_to_left,0.001006153319504,3.40096640586853,328,3,False,False,
swerve_right,True,True,True,True,False,False,True,True,cruise,0.001782045825556,3.40356135368347,328,4,False,False,
swerve_right,True,True,True,True,False,False,True,True,swerve_right,0.00237082584086,3.36182880401611,328,5,False,True,
swerve_right,True,True,True,True,False,False,True,True,change_to_right,0.999996265287829,3.35999298095703,328,6,False,True,
swerve_right,True,False,False,False,True,False,True,True,swerve_left,0.000999169636094,3.41839599609375,329,1,False,False,*
swerve_right,True,False,False,False,True,False,True,True,keep,0.000999422815342,3.36527419090271,329,2,False,False,
swerve_right,True,False,False,False,True,False,True,True,swerve_right,0.001422082206679,3.36726355552673,329,3,False,True,
swerve_right,True,False,False,False,True,False,True,True,change_to_right,0.999211424037429,3.37720966339111,329,4,False,True,
swerve_right,True,False,False,False,True,False,True,True,cruise,0.999211424037429,3.44461250305176,329,4,False,True,
swerve_right,True,False,False,False,True,False,True,True,change_to_left,0.999211550098364,3.41247057914734,329,5,False,True,
swerve_right,True,True,False,False,True,False,True,True,swerve_left,0.00099935125179,3.4007580280304,330,1,False,False,*
swerve_right,True,True,False,False,True,False,True,True,keep,0.001219511328131,3.38438200950623,330,2,False,False,
swerve_right,True,True,False,False,True,False,True,True,swerve_right,0.001783507778898,3.35469460487366,330,3,False,True,
swerve_right,True,True,False,False,True,False,True,True,change_to_right,0.999226569934495,3.40722346305847,330,4,False,True,
swerve_right,True,True,False,False,True,False,True,True,cruise,0.999250219834516,3.40053963661194,330,5,False,True,
swerve_right,True,True,False,False,True,False,True,True,change_to_left,0.999266402357051,3.39245462417603,330,6,False,True,
swerve_right,True,False,True,False,True,False,True,True,keep,0.00099914568052,3.41840887069702,331,1,False,False,*
swerve_right,True,False,True,False,True,False,True,True,swerve_left,0.00099914568052,3.37548518180847,331,2,False,False,
swerve_right,True,False,True,False,True,False,True,True,cruise,0.000999548706233,3.38431239128113,331,3,False,False,
swerve_right,True,False,True,False,True,False,True,True,swerve_right,0.572702393390605,3.43694829940796,331,4,False,True,
swerve_right,True,False,True,False,True,False,True,True,change_to_left,0.999144022990735,3.38408303260803,331,5,False,True,
swerve_right,True,False,True,False,True,False,True,True,change_to_right,0.999144022990735,3.36121988296509,331,5,False,True,
swerve_right,True,True,True,False,True,False,True,True,keep,0.001015990432725,3.43778228759766,332,1,False,False,*
swerve_right,True,True,True,False,True,False,True,True,swerve_left,0.001015990432725,3.37819600105286,332,1,False,False,
swerve_right,True,True,True,False,True,False,True,True,cruise,0.017076793515316,3.38767433166504,332,2,False,False,
swerve_right,True,True,True,False,True,False,True,True,swerve_right,0.018054574022937,3.41101360321045,332,3,False,True,
swerve_right,True,True,True,False,True,False,True,True,change_to_right,0.999476346479343,3.3981614112854,332,4,False,True,
swerve_right,True,True,True,False,True,False,True,True,change_to_left,0.999476346479343,3.39014410972595,332,5,False,True,
swerve_right,True,False,False,True,True,False,True,True,swerve_left,0.000999070426122,3.25700902938843,333,1,False,False,*
swerve_right,True,False,False,True,True,False,True,True,keep,0.001000528380495,3.30685019493103,333,2,False,False,
swerve_right,True,False,False,True,True,False,True,True,change_to_left,0.001006013173039,3.34598422050476,333,3,False,False,
swerve_right,True,False,False,True,True,False,True,True,swerve_right,0.001355452150291,3.27213788032532,333,4,False,True,
swerve_right,True,False,False,True,True,False,True,True,change_to_right,0.99933928454093,3.39501333236694,333,5,False,True,
swerve_right,True,False,False,True,True,False,True,True,cruise,0.99933928454093,3.35704374313354,333,5,False,True,
swerve_right,True,True,False,True,True,False,True,True,swerve_left,0.001004115632073,3.26387357711792,334,1,False,False,*
swerve_right,True,True,False,True,True,False,True,True,keep,0.001464816014827,3.2860324382782,334,2,False,False,
swerve_right,True,True,False,True,True,False,True,True,change_to_left,0.002348909142231,3.26621079444885,334,3,False,False,
swerve_right,True,True,False,True,True,False,True,True,swerve_right,0.003598321806611,3.28592324256897,334,4,False,True,
swerve_right,True,True,False,True,True,False,True,True,change_to_right,0.999440690168072,3.29856872558594,334,5,False,True,
swerve_right,True,True,False,True,True,False,True,True,cruise,0.999474160492,3.25208353996277,334,6,False,True,
swerve_right,True,False,True,True,True,False,True,True,keep,0.000999224487509,3.25688362121582,335,1,False,False,
swerve_right,True,False,True,True,True,False,True,True,swerve_left,0.000999224487509,3.299396276474,335,1,False,False,*
swerve_right,True,False,True,True,True,False,True,True,cruise,0.001032855764406,3.29554009437561,335,2,False,False,
swerve_right,True,False,True,True,True,False,True,True,change_to_left,0.001046605076164,3.27545070648193,335,3,False,False,
swerve_right,True,False,True,True,True,False,True,True,swerve_right,0.612303140811822,3.24251246452332,335,4,False,True,
swerve_right,True,False,True,True,True,False,True,True,change_to_right,0.999388085939133,3.29453754425049,335,5,False,True,
swerve_right,True,True,True,True,True,False,True,True,swerve_left,0.001001561382078,3.30974078178406,336,1,False,False,*
swerve_right,True,True,True,True,True,False,True,True,keep,0.001020264987421,3.26701593399048,336,2,False,False,
swerve_right,True,True,True,True,True,False,True,True,change_to_left,0.003470056170905,3.29428672790527,336,3,False,False,
swerve_right,True,True,True,True,True,False,True,True,cruise,0.018878136701507,3.29049944877625,336,4,False,False,
swerve_right,True,True,True,True,True,False,True,True,swerve_right,0.022304051252794,3.28243803977966,336,5,False,True,
swerve_right,True,True,True,True,True,False,True,True,change_to_right,0.999956428391474,3.25784206390381,336,6,False,True,
swerve_right,True,False,False,False,False,True,True,True,swerve_left,0.000999434050935,3.2954580783844,337,1,False,False,*
swerve_right,True,False,False,False,False,True,True,True,keep,0.001004529619136,3.25151515007019,337,2,False,False,
swerve_right,True,False,False,False,False,True,True,True,swerve_right,0.001433351517275,3.26315760612488,337,3,False,True,
swerve_right,True,False,False,False,False,True,True,True,cruise,0.999213051485796,3.30998849868774,337,4,False,True,
swerve_right,True,False,False,False,False,True,True,True,change_to_right,0.999213051485796,3.24449300765991,337,5,False,True,
swerve_right,True,False,False,False,False,True,True,True,change_to_left,0.99921317778803,3.27867364883423,337,6,False,True,
swerve_right,True,True,False,False,False,True,True,True,swerve_left,0.001002227483448,3.28467965126038,338,1,False,False,*
swerve_right,True,True,False,False,False,True,True,True,keep,0.003398968833734,3.27264094352722,338,2,False,False,
swerve_right,True,True,False,False,False,True,True,True,swerve_right,0.004231726750574,3.25445985794067,338,3,False,True,
swerve_right,True,True,False,False,False,True,True,True,change_to_right,0.999288558153345,3.26970624923706,338,4,False,True,
swerve_right,True,True,False,False,False,True,True,True,cruise,0.999293055116791,3.27119112014771,338,5,False,True,
swerve_right,True,True,False,False,False,True,True,True,change_to_left,0.999326132227903,3.25643420219421,338,6,False,True,
swerve_right,True,False,True,False,False,True,True,True,keep,0.000999150971818,3.32316970825195,339,1,False,False,*
swerve_right,True,False,True,False,False,True,True,True,swerve_left,0.000999150971818,3.26489019393921,339,2,False,False,
swerve_right,True,False,True,False,False,True,True,True,cruise,0.001001962953938,3.26817488670349,339,3,False,False,
swerve_right,True,False,True,False,False,True,True,True,swerve_right,0.575361286652916,3.26421213150024,339,4,False,True,
swerve_right,True,False,True,False,False,True,True,True,change_to_left,0.999143886239341,3.25969243049622,339,5,False,True,
swerve_right,True,False,True,False,False,True,True,True,change_to_right,0.999145341489983,3.24619960784912,339,6,False,True,
swerve_right,True,True,True,False,False,True,True,True,swerve_left,0.001003928275906,3.25572228431702,340,1,False,False,*
swerve_right,True,True,True,False,False,True,True,True,keep,0.001004706677111,3.29513907432556,340,2,False,False,
swerve_right,True,True,True,False,False,True,True,True,cruise,0.005064783614582,3.27235770225525,340,3,False,False,
swerve_right,True,True,True,False,False,True,True,True,swerve_right,0.005936131452949,3.29071998596191,340,4,False,True,
swerve_right,True,True,True,False,False,True,True,True,change_to_left,0.99932437091372,3.24458527565002,340,5,False,True,
swerve_right,True,True,True,False,False,True,True,True,change_to_right,0.999624939869762,3.29587554931641,340,6,False,True,
swerve_right,True,False,False,True,False,True,True,True,change_to_left,0.000999067855854,3.25959610939026,341,1,False,False,*
swerve_right,True,False,False,True,False,True,True,True,keep,0.000999134711768,3.28382873535156,341,2,False,False,
swerve_right,True,False,False,True,False,True,True,True,swerve_left,0.000999335747611,3.2717924118042,341,3,False,False,
swerve_right,True,False,False,True,False,True,True,True,swerve_right,0.001334753186129,3.31729769706726,341,4,False,True,
swerve_right,True,False,False,True,False,True,True,True,change_to_right,0.999333818955481,3.29581260681152,341,5,False,True,
swerve_right,True,False,False,True,False,True,True,True,cruise,0.999334881026232,3.26810789108276,341,6,False,True,
swerve_right,True,True,False,True,False,True,True,True,swerve_left,0.001001919375322,3.26318454742432,342,1,False,False,*
swerve_right,True,True,False,True,False,True,True,True,change_to_left,0.001023058974732,3.25215864181519,342,2,False,False,
swerve_right,True,True,False,True,False,True,True,True,keep,0.001030079639046,3.28626012802124,342,3,False,False,
swerve_right,True,True,False,True,False,True,True,True,swerve_right,0.001462920827794,3.27908658981323,342,4,False,True,
swerve_right,True,True,False,True,False,True,True,True,change_to_right,0.999343958463204,3.30673837661743,342,5,False,True,
swerve_right,True,True,False,True,False,True,True,True,cruise,0.99937724969531,3.26118183135986,342,6,False,True,
swerve_right,True,False,True,True,False,True,True,True,keep,0.000999076006945,3.26613736152649,343,1,False,False,
swerve_right,True,False,True,True,False,True,True,True,swerve_left,0.000999076006945,3.30521154403687,343,1,False,False,*
swerve_right,True,False,True,True,False,True,True,True,cruise,0.001001420654157,3.35048031806946,343,2,False,False,
swerve_right,True,False,True,True,False,True,True,True,change_to_left,0.001006841242305,3.25219702720642,343,3,False,False,
swerve_right,True,False,True,True,False,True,True,True,swerve_right,0.537691213944668,3.27957963943481,343,4,False,True,
swerve_right,True,False,True,True,False,True,True,True,change_to_right,0.999462772233381,3.26401925086975,343,5,False,True,
swerve_right,True,True,True,True,False,True,True,True,keep,0.00099960336639,3.25945782661438,344,1,False,False,*
swerve_right,True,True,True,True,False,True,True,True,swerve_left,0.001001510862111,3.30350017547607,344,2,False,False,
swerve_right,True,True,True,True,False,True,True,True,change_to_left,0.001010546403755,3.30114507675171,344,3,False,False,
swerve_right,True,True,True,True,False,True,True,True,cruise,0.003003226307765,3.27801060676575,344,4,False,False,
swerve_right,True,True,True,True,False,True,True,True,swerve_right,0.003752859570232,3.24704027175903,344,5,False,True,
swerve_right,True,True,True,True,False,True,True,True,change_to_right,0.999993504382342,3.29043674468994,344,6,False,True,
swerve_right,True,False,False,False,True,True,True,True,swerve_left,0.001001452303625,3.27310681343079,345,1,False,False,*
swerve_right,True,False,False,False,True,True,True,True,keep,0.002662557880271,3.25167608261108,345,2,False,False,
swerve_right,True,False,False,False,True,True,True,True,swerve_right,0.003457556515689,3.25809192657471,345,3,False,True,
swerve_right,True,False,False,False,True,True,True,True,change_to_right,0.999293094292228,3.2474250793457,345,4,False,True,
swerve_right,True,False,False,False,True,True,True,True,cruise,0.999293748058689,3.28496026992798,345,5,False,True,
swerve_right,True,False,False,False,True,True,True,True,change_to_left,0.999299383119841,3.26428985595703,345,6,False,True,
swerve_right,True,True,False,False,True,True,True,True,swerve_left,0.00100181878806,3.30795812606812,346,1,False,False,*
swerve_right,True,True,False,False,True,True,True,True,keep,0.008950125110349,3.26288437843323,346,2,False,False,
swerve_right,True,True,False,False,True,True,True,True,swerve_right,0.009872209758979,3.25927686691284,346,3,False,True,
swerve_right,True,True,False,False,True,True,True,True,change_to_right,0.999224452868173,3.27157020568848,346,4,False,True,
swerve_right,True,True,False,False,True,True,True,True,change_to_left,0.999354859478004,3.29957294464111,346,5,False,True,
swerve_right,True,True,False,False,True,True,True,True,cruise,0.999370659240314,3.28549861907959,346,6,False,True,
swerve_right,True,False,True,False,True,True,True,True,swerve_left,0.000999040148619,3.25999879837036,347,1,False,False,*
swerve_right,True,False,True,False,True,True,True,True,keep,0.000999118445843,3.2949481010437,347,2,False,False,
swerve_right,True,False,True,False,True,True,True,True,cruise,0.001175488059868,3.31125664710999,347,3,False,False,
swerve_right,True,False,True,False,True,True,True,True,swerve_right,0.686730271104883,3.34333872795105,347,4,False,True,
swerve_right,True,False,True,False,True,True,True,True,change_to_left,0.999133676144818,3.304274559021,347,5,False,True,
swerve_right,True,False,True,False,True,True,True,True,change_to_right,0.999133748141874,3.25306940078735,347,6,False,True,
swerve_right,True,True,True,False,True,True,True,True,swerve_left,0.001000845124204,3.27728271484375,348,1,False,False,*
swerve_right,True,True,True,False,True,True,True,True,keep,0.001008221627097,3.28266048431396,348,2,False,False,
swerve_right,True,True,True,False,True,True,True,True,cruise,0.009717161631198,3.26416063308716,348,3,False,False,
swerve_right,True,True,True,False,True,True,True,True,swerve_right,0.010658111048339,3.29476022720337,348,4,False,True,
swerve_right,True,True,True,False,True,True,True,True,change_to_left,0.999439312661712,3.26020574569702,348,5,False,True,
swerve_right,True,True,True,False,True,True,True,True,change_to_right,0.999517967101852,3.29278445243835,348,6,False,True,
swerve_right,True,False,False,True,True,True,True,True,swerve_left,0.001004313957065,3.24892568588257,349,1,False,False,*
swerve_right,True,False,False,True,True,True,True,True,keep,0.001023931342713,3.2852463722229,349,2,False,False,
swerve_right,True,False,False,True,True,True,True,True,change_to_left,0.001845988298648,3.25161266326904,349,3,False,False,
swerve_right,True,False,False,True,True,True,True,True,swerve_right,0.002561264269735,3.290531873703,349,4,False,True,
swerve_right,True,False,False,True,True,True,True,True,change_to_right,0.999436514901749,3.29751777648926,349,5,False,True,
swerve_right,True,False,False,True,True,True,True,True,cruise,0.999438521628283,3.25477862358093,349,6,False,True,
swerve_right,True,True,False,True,True,True,True,True,swerve_left,0.001007214532933,3.24447584152222,350,1,False,False,*
swerve_right,True,True,False,True,True,True,True,True,keep,0.001151555350969,3.2984790802002,350,2,False,False,
swerve_right,True,True,False,True,True,True,True,True,change_to_left,0.001460082795038,3.26663589477539,350,3,False,False,
swerve_right,True,True,False,True,True,True,True,True,swerve_right,0.002272616069227,3.2755868434906,350,4,False,True,
swerve_right,True,True,False,True,True,True,True,True,change_to_right,0.999340173727469,3.30354261398315,350,5,False,True,
swerve_right,True,True,False,True,True,True,True,True,cruise,0.999519395036128,3.2519268989563,350,6,False,True,
swerve_right,True,False,True,True,True,True,True,True,swerve_left,0.000999061797342,3.28364825248718,351,1,False,False,*
swerve_right,True,False,True,True,True,True,True,True,keep,0.000999122594697,3.26451659202576,351,2,False,False,
swerve_right,True,False,True,True,True,True,True,True,cruise,0.001081271930677,3.31675148010254,351,3,False,False,
swerve_right,True,False,True,True,True,True,True,True,change_to_left,0.001314596266136,3.24833393096924,351,4,False,False,
swerve_right,True,False,True,True,True,True,True,True,swerve_right,0.778739113229756,3.24573945999146,351,5,False,True,
swerve_right,True,False,True,True,True,True,True,True,change_to_right,0.999221483925867,3.27830457687378,351,6,False,True,
swerve_right,True,True,True,True,True,True,True,True,keep,0.001094321363478,3.25134658813477,352,1,False,False,*
swerve_right,True,True,True,True,True,True,True,True,swerve_left,0.001339918089748,3.30089449882507,352,2,False,False,
swerve_right,True,True,True,True,True,True,True,True,change_to_left,0.002194577448448,3.32002997398376,352,3,False,False,
swerve_right,True,True,True,True,True,True,True,True,cruise,0.008005085185184,3.31265711784363,352,4,False,False,
swerve_right,True,True,True,True,True,True,True,True,swerve_right,0.01071403286797,3.25241088867188,352,5,False,True,
swerve_right,True,True,True,True,True,True,True,True,change_to_right,0.999979787167342,3.27155327796936,352,6,False,True,
swerve_left,True,False,False,False,False,False,False,True,keep,0.000999175264986,3.26027131080627,353,1,False,False,*
swerve_left,True,False,False,False,False,False,False,True,swerve_right,0.000999175264986,3.25865125656128,353,2,False,False,
swerve_left,True,False,False,False,False,False,False,True,swerve_left,0.587568675779513,3.27130389213562,353,3,False,True,
swerve_left,True,False,False,False,False,False,False,True,change_to_left,0.999087958952604,3.29698276519775,353,4,False,True,
swerve_left,True,False,False,False,False,False,False,True,change_to_right,0.999087958952604,3.24715971946716,353,5,False,True,
swerve_left,True,False,False,False,False,False,False,True,cruise,0.999087958952604,3.28439235687256,353,5,False,True,
swerve_left,True,True,False,False,False,False,False,True,keep,0.000999394772498,3.25753879547119,354,1,False,False,*
swerve_left,True,True,False,False,False,False,False,True,swerve_right,0.000999423292924,3.25290846824646,354,2,False,False,
swerve_left,True,True,False,False,False,False,False,True,swerve_left,0.001422561221463,3.28487181663513,354,3,False,True,
swerve_left,True,True,False,False,False,False,False,True,change_to_left,0.999211536222018,3.27970886230469,354,4,False,True,
swerve_left,True,True,False,False,False,False,False,True,change_to_right,0.999211536222018,3.28019285202026,354,4,False,True,
swerve_left,True,True,False,False,False,False,False,True,cruise,0.999211536222018,3.28783082962036,354,4,False,True,
swerve_left,True,False,True,False,False,False,False,True,cruise,0.000999029679861,3.29751014709473,355,1,False,False,*
swerve_left,True,False,True,False,False,False,False,True,swerve_right,0.000999144428117,3.30265021324158,355,2,False,False,
swerve_left,True,False,True,False,False,False,False,True,keep,0.500035946662999,3.29883670806885,355,3,False,False,
swerve_left,True,False,True,False,False,False,False,True,swerve_left,0.572073057365093,3.27129554748535,355,4,False,True,
swerve_left,True,False,True,False,False,False,False,True,change_to_left,0.999143801348899,3.28956341743469,355,5,False,True,
swerve_left,True,False,True,False,False,False,False,True,change_to_right,0.999143801348899,3.27656507492065,355,5,False,True,
swerve_left,True,True,True,False,False,False,False,True,keep,0.000999375968494,3.29668664932251,356,1,False,False,
swerve_left,True,True,True,False,False,False,False,True,swerve_right,0.000999375968494,3.30930638313293,356,1,False,False,*
swerve_left,True,True,True,False,False,False,False,True,cruise,0.001015148644416,3.25736594200134,356,2,False,False,
swerve_left,True,True,True,False,False,False,False,True,swerve_left,0.001375470107675,3.25707817077637,356,3,False,True,
swerve_left,True,True,True,False,False,False,False,True,change_to_left,0.99934375338081,3.25965547561646,356,4,False,True,
swerve_left,True,True,True,False,False,False,False,True,change_to_right,0.99934375338081,3.29369831085205,356,4,False,True,
swerve_left,True,False,False,True,False,False,False,True,keep,0.000999024181891,3.30420804023743,357,1,False,False,*
swerve_left,True,False,False,True,False,False,False,True,swerve_right,0.500043627052772,3.28967452049255,357,2,False,False,
swerve_left,True,False,False,True,False,False,False,True,swerve_left,0.587384986003926,3.25275254249573,357,3,False,True,
swerve_left,True,False,False,True,False,False,False,True,change_to_left,0.999087750355039,3.24850344657898,357,4,False,True,
swerve_left,True,False,False,True,False,False,False,True,cruise,0.999087958274054,3.25474047660828,357,5,False,True,
swerve_left,True,False,False,True,False,False,False,True,change_to_right,0.999087958274054,3.26770544052124,357,6,False,True,
swerve_left,True,True,False,True,False,False,False,True,keep,0.000999225761835,3.27610850334167,358,1,False,False,*
swerve_left,True,True,False,True,False,False,False,True,swerve_right,0.000999422934385,3.27394247055054,358,2,False,False,
swerve_left,True,True,False,True,False,False,False,True,swerve_left,0.001422201606506,3.26225852966309,358,3,False,True,
swerve_left,True,True,False,True,False,False,False,True,change_to_left,0.999211273625447,3.26121425628662,358,4,False,True,
swerve_left,True,True,False,True,False,False,False,True,change_to_right,0.999211399543703,3.26108264923096,358,5,False,True,
swerve_left,True,True,False,True,False,False,False,True,cruise,0.999211777599003,3.274094581604,358,6,False,True,
swerve_left,True,False,True,True,False,False,False,True,cruise,0.000999259494371,3.29404973983765,359,1,False,False,*
swerve_left,True,False,True,True,False,False,False,True,keep,0.50003605649242,3.25132822990417,359,2,False,False,
swerve_left,True,False,True,True,False,False,False,True,swerve_right,0.50003605649242,3.26205253601074,359,3,False,False,
swerve_left,True,False,True,True,False,False,False,True,swerve_left,0.572293265349452,3.28357791900635,359,4,False,True,
swerve_left,True,False,True,True,False,False,False,True,change_to_left,0.999143782755539,3.27069497108459,359,5,False,True,
swerve_left,True,False,True,True,False,False,False,True,change_to_right,0.999143782755539,3.28518605232239,359,6,False,True,
swerve_left,True,True,True,True,False,False,False,True,swerve_right,0.000999206746908,3.25822305679321,360,1,False,False,*
swerve_left,True,True,True,True,False,False,False,True,keep,0.000999742100911,3.27496218681335,360,2,False,False,
swerve_left,True,True,True,True,False,False,False,True,cruise,0.00122497972026,3.28106284141541,360,3,False,False,
swerve_left,True,True,True,True,False,False,False,True,swerve_left,0.001742325948793,3.29466772079468,360,4,False,True,
swerve_left,True,True,True,True,False,False,False,True,change_to_right,0.999394241176258,3.2738401889801,360,5,False,True,
swerve_left,True,True,True,True,False,False,False,True,change_to_left,0.999395686062935,3.29456806182861,360,6,False,True,
swerve_left,True,False,False,False,True,False,False,True,swerve_right,0.000999176597525,3.24449849128723,361,1,False,False,*
swerve_left,True,False,False,False,True,False,False,True,keep,0.000999839622254,3.2506308555603,361,2,False,False,
swerve_left,True,False,False,False,True,False,False,True,swerve_left,0.588150307832578,3.27016758918762,361,3,False,True,
swerve_left,True,False,False,False,True,False,False,True,change_to_right,0.999088007134605,3.27083301544189,361,4,False,True,
swerve_left,True,False,False,False,True,False,False,True,change_to_left,0.999088007134605,3.26833748817444,361,5,False,True,
swerve_left,True,False,False,False,True,False,False,True,cruise,0.999088111170158,3.29395651817322,361,6,False,True,
swerve_left,True,True,False,False,True,False,False,True,swerve_right,0.000999481720454,3.25387263298035,362,1,False,False,*
swerve_left,True,True,False,False,True,False,False,True,keep,0.001190308229305,3.25018739700317,362,2,False,False,
swerve_left,True,True,False,False,True,False,False,True,swerve_left,0.001741631368179,3.2834484577179,362,3,False,True,
swerve_left,True,True,False,False,True,False,False,True,change_to_right,0.999224312252604,3.27510261535645,362,4,False,True,
swerve_left,True,True,False,False,True,False,False,True,change_to_left,0.999226408121293,3.3019585609436,362,5,False,True,
swerve_left,True,True,False,False,True,False,False,True,cruise,0.999284284088289,3.26432800292969,362,6,False,True,
swerve_left,True,False,True,False,True,False,False,True,swerve_right,0.000999153051212,3.31087374687195,363,1,False,False,*
swerve_left,True,False,True,False,True,False,False,True,cruise,0.001002981497724,3.28777313232422,363,2,False,False,
swerve_left,True,False,True,False,True,False,False,True,keep,0.500038107825505,3.28362417221069,363,3,False,False,
swerve_left,True,False,True,False,True,False,False,True,swerve_left,0.576406188073564,3.24772596359253,363,4,False,True,
swerve_left,True,False,True,False,True,False,False,True,change_to_left,0.999143531645098,3.3230504989624,363,5,False,True,
swerve_left,True,False,True,False,True,False,False,True,change_to_right,0.999145977089277,3.28621554374695,363,6,False,True,
swerve_left,True,True,True,False,True,False,False,True,keep,0.001004459147793,3.29649233818054,364,1,False,False,*
swerve_left,True,True,True,False,True,False,False,True,swerve_right,0.00100630380335,3.40288305282593,364,2,False,False,
swerve_left,True,True,True,False,True,False,False,True,cruise,0.005582208232293,3.26248741149902,364,3,False,False,
swerve_left,True,True,True,False,True,False,False,True,swerve_left,0.00647300648246,3.36642551422119,364,4,False,True,
swerve_left,True,True,True,False,True,False,False,True,change_to_left,0.999473185846552,3.28074908256531,364,5,False,True,
swerve_left,True,True,True,False,True,False,False,True,change_to_right,0.99947503291036,3.30897831916809,364,6,False,True,
swerve_left,True,False,False,True,True,False,False,True,keep,0.000999279600592,3.41310238838196,365,1,False,False,*
swerve_left,True,False,False,True,True,False,False,True,swerve_right,0.500043739077858,3.40604305267334,365,2,False,False,
swerve_left,True,False,False,True,True,False,False,True,swerve_left,0.587609372248316,3.35841512680054,365,3,False,True,
swerve_left,True,False,False,True,True,False,False,True,change_to_left,0.99908783464022,3.38290643692017,365,4,False,True,
swerve_left,True,False,False,True,True,False,False,True,change_to_right,0.999087938597605,3.39437675476074,365,5,False,True,
swerve_left,True,False,False,True,True,False,False,True,cruise,0.999087990626847,3.36843538284302,365,6,False,True,
swerve_left,True,True,False,True,True,False,False,True,swerve_right,0.000999201271966,3.37914085388184,366,1,False,False,*
swerve_left,True,True,False,True,True,False,False,True,keep,0.001127333910916,3.37991070747375,366,2,False,False,
swerve_left,True,True,False,True,True,False,False,True,swerve_left,0.00164819678125,3.36374425888062,366,3,False,True,
swerve_left,True,True,False,True,True,False,False,True,change_to_right,0.999225764878388,3.38427066802979,366,4,False,True,
swerve_left,True,True,False,True,True,False,False,True,change_to_left,0.999238406496013,3.36344027519226,366,5,False,True,
swerve_left,True,True,False,True,True,False,False,True,cruise,0.999247208798408,3.36676168441772,366,6,False,True,
swerve_left,True,False,True,True,True,False,False,True,cruise,0.001038545602423,3.39642882347107,367,1,False,False,*
swerve_left,True,False,True,True,True,False,False,True,keep,0.500053421909001,3.3673038482666,367,2,False,False,
swerve_left,True,False,True,True,True,False,False,True,swerve_right,0.500053421909001,3.36013245582581,367,2,False,False,
swerve_left,True,False,True,True,True,False,False,True,swerve_left,0.607110924653359,3.39537358283997,367,3,False,True,
swerve_left,True,False,True,True,True,False,False,True,change_to_left,0.999146757852032,3.35945153236389,367,4,False,True,
swerve_left,True,False,True,True,True,False,False,True,change_to_right,0.999147346875823,3.40119910240173,367,5,False,True,
swerve_left,True,True,True,True,True,False,False,True,swerve_right,0.001002195683694,3.36356902122498,368,1,False,False,*
swerve_left,True,True,True,True,True,False,False,True,keep,0.001006214600268,3.37244892120361,368,2,False,False,
swerve_left,True,True,True,True,True,False,False,True,cruise,0.007320762578884,3.40760064125061,368,3,False,False,
swerve_left,True,True,True,True,True,False,False,True,swerve_left,0.008233538821105,3.38195300102234,368,4,False,True,
swerve_left,True,True,True,True,True,False,False,True,change_to_right,0.999473696724235,3.35368514060974,368,5,False,True,
swerve_left,True,True,True,True,True,False,False,True,change_to_left,0.999480551500068,3.42151784896851,368,6,False,True,
swerve_left,True,False,False,False,False,True,False,True,swerve_right,0.000999176029045,3.35964441299438,369,1,False,False,*
swerve_left,True,False,False,False,False,True,False,True,keep,0.000999512849801,3.35074639320374,369,2,False,False,
swerve_left,True,False,False,False,False,True,False,True,swerve_left,0.587864930001305,3.40572738647461,369,3,False,True,
swerve_left,True,False,False,False,False,True,False,True,change_to_left,0.99908798403471,3.39428305625916,369,4,False,True,
swerve_left,True,False,False,False,False,True,False,True,change_to_right,0.99908798403471,3.35886597633362,369,4,False,True,
swerve_left,True,False,False,False,False,True,False,True,cruise,0.999088036093826,3.39091730117798,369,5,False,True,
swerve_left,True,True,False,False,False,True,False,True,swerve_right,0.000999273093965,3.35179829597473,370,1,False,False,*
swerve_left,True,True,False,False,False,True,False,True,keep,0.001751731019298,3.37709331512451,370,2,False,False,
swerve_left,True,True,False,False,False,True,False,True,swerve_left,0.002450073448342,3.39124393463135,370,3,False,True,
swerve_left,True,True,False,False,False,True,False,True,change_to_left,0.999269737723016,3.38092589378357,370,4,False,True,
swerve_left,True,True,False,False,False,True,False,True,change_to_right,0.99927690195858,3.35700845718384,370,5,False,True,
swerve_left,True,True,False,False,False,True,False,True,cruise,0.999284255754852,3.40293049812317,370,6,False,True,
swerve_left,True,False,True,False,False,True,False,True,swerve_right,0.000999145338257,3.41435384750366,371,1,False,False,*
swerve_left,True,False,True,False,False,True,False,True,cruise,0.000999432720505,3.40361905097961,371,2,False,False,
swerve_left,True,False,True,False,False,True,False,True,keep,0.500036174766799,3.40941500663757,371,3,False,False,
swerve_left,True,False,True,False,False,True,False,True,swerve_left,0.572530405472387,3.3705952167511,371,4,False,True,
swerve_left,True,False,True,False,False,True,False,True,change_to_left,0.999143910684194,3.39838528633118,371,5,False,True,
swerve_left,True,False,True,False,False,True,False,True,change_to_right,0.999143910684194,3.38327717781067,371,5,False,True,
swerve_left,True,True,True,False,False,True,False,True,keep,0.000999724889757,3.40395259857178,372,1,False,False,*
swerve_left,True,True,True,False,False,True,False,True,swerve_right,0.001000420592082,3.39830303192139,372,2,False,False,
swerve_left,True,True,True,False,False,True,False,True,cruise,0.001212103289908,3.35736918449402,372,3,False,False,
swerve_left,True,True,True,False,False,True,False,True,swerve_left,0.001725063144673,3.35840725898743,372,4,False,True,
swerve_left,True,True,True,False,False,True,False,True,change_to_left,0.999390481845069,3.34717750549316,372,5,False,True,
swerve_left,True,True,True,False,False,True,False,True,change_to_right,0.999396256328583,3.40869832038879,372,6,False,True,
swerve_left,True,False,False,True,False,True,False,True,keep,0.00099902412327,3.40759062767029,373,1,False,False,*
swerve_left,True,False,False,True,False,True,False,True,swerve_right,0.500043626825164,3.38793087005615,373,2,False,False,
swerve_left,True,False,False,True,False,True,False,True,swerve_left,0.587384530104237,3.36571645736694,373,3,False,True,
swerve_left,True,False,False,True,False,True,False,True,change_to_left,0.999087422582723,3.38316941261292,373,4,False,True,
swerve_left,True,False,False,True,False,True,False,True,change_to_right,0.999087784845208,3.41357898712158,373,5,False,True,
swerve_left,True,False,False,True,False,True,False,True,cruise,0.999088460281876,3.36011528968811,373,6,False,True,
swerve_left,True,True,False,True,False,True,False,True,swerve_right,0.000999766296734,3.39112615585327,374,1,False,False,*
swerve_left,True,True,False,True,False,True,False,True,keep,0.001206484648907,3.39195609092712,374,2,False,False,
swerve_left,True,True,False,True,False,True,False,True,swerve_left,0.001766594382949,3.35495162010193,374,3,False,True,
swerve_left,True,True,False,True,False,True,False,True,change_to_left,0.999240920073652,3.37990283966064,374,4,False,True,
swerve_left,True,True,False,True,False,True,False,True,change_to_right,0.999245094007872,3.39506387710571,374,5,False,True,
swerve_left,True,True,False,True,False,True,False,True,cruise,0.99925328854194,3.37009787559509,374,6,False,True,
swerve_left,True,False,True,True,False,True,False,True,cruise,0.001000775653935,3.41103839874268,375,1,False,False,*
swerve_left,True,False,True,True,False,True,False,True,keep,0.500036901142215,3.37048721313477,375,2,False,False,
swerve_left,True,False,True,True,False,True,False,True,swerve_right,0.500036901142215,3.37042379379272,375,2,False,False,
swerve_left,True,False,True,True,False,True,False,True,swerve_left,0.573986788143352,3.40230202674866,375,3,False,True,
swerve_left,True,False,True,True,False,True,False,True,change_to_left,0.999144171967528,3.36739253997803,375,4,False,True,
swerve_left,True,False,True,True,False,True,False,True,change_to_right,0.999144171967528,3.39161419868469,375,4,False,True,
swerve_left,True,True,True,True,False,True,False,True,keep,0.000999533900497,3.3590772151947,376,1,False,False,*
swerve_left,True,True,True,True,False,True,False,True,swerve_right,0.000999533900497,3.35806345939636,376,2,False,False,
swerve_left,True,True,True,True,False,True,False,True,cruise,0.001094175523859,3.40668249130249,376,3,False,False,
swerve_left,True,True,True,True,False,True,False,True,swerve_left,0.001534034150425,3.39849233627319,376,4,False,True,
swerve_left,True,True,True,True,False,True,False,True,change_to_left,0.999371264704943,3.39785647392273,376,5,False,True,
swerve_left,True,True,True,True,False,True,False,True,change_to_right,0.99937151527952,3.35818123817444,376,6,False,True,
swerve_left,True,False,False,False,True,True,False,True,swerve_right,0.000999052891219,3.38259673118591,377,1,False,False,*
swerve_left,True,False,False,False,True,True,False,True,keep,0.001042649488495,3.37021970748901,377,2,False,False,
swerve_left,True,False,False,False,True,True,False,True,swerve_left,0.619643139573805,3.40032029151917,377,3,False,True,
swerve_left,True,False,False,False,True,True,False,True,change_to_right,0.999090018621821,3.36468124389648,377,4,False,True,
swerve_left,True,False,False,False,True,True,False,True,change_to_left,0.999090018621821,3.41191339492798,377,5,False,True,
swerve_left,True,False,False,False,True,True,False,True,cruise,0.999090557040959,3.40912890434265,377,6,False,True,
swerve_left,True,True,False,False,True,True,False,True,swerve_right,0.001000780510808,3.36586546897888,378,1,False,False,*
swerve_left,True,True,False,False,True,True,False,True,keep,0.002396985555214,3.34976387023926,378,2,False,False,
swerve_left,True,True,False,False,True,True,False,True,swerve_left,0.003168525906183,3.369295835495,378,3,False,True,
swerve_left,True,True,False,False,True,True,False,True,change_to_left,0.999236707652349,3.39017581939697,378,4,False,True,
swerve_left,True,True,False,False,True,True,False,True,change_to_right,0.999269433880227,3.36870813369751,378,5,False,True,
swerve_left,True,True,False,False,True,True,False,True,cruise,0.99937062746922,3.38458609580994,378,6,False,True,
swerve_left,True,False,True,False,True,True,False,True,swerve_right,0.000999110614908,3.39736413955688,379,1,False,False,*
swerve_left,True,False,True,False,True,True,False,True,cruise,0.001062593965099,3.39479827880859,379,2,False,False,
swerve_left,True,False,True,False,True,True,False,True,keep,0.500061803417618,3.43361568450928,379,3,False,False,
swerve_left,True,False,True,False,True,True,False,True,swerve_left,0.623792244498595,3.37775444984436,379,4,False,True,
swerve_left,True,False,True,False,True,True,False,True,change_to_left,0.999145835932369,3.38914942741394,379,5,False,True,
swerve_left,True,False,True,False,True,True,False,True,change_to_right,0.999146387837342,3.37627840042114,379,6,False,True,
swerve_left,True,True,True,False,True,True,False,True,swerve_right,0.001006584065148,3.40043592453003,380,1,False,False,*
swerve_left,True,True,True,False,True,True,False,True,keep,0.001009405670049,3.40690517425537,380,2,False,False,
swerve_left,True,True,True,False,True,True,False,True,cruise,0.006777516496957,3.35942983627319,380,3,False,False,
swerve_left,True,True,True,False,True,True,False,True,swerve_left,0.007685646282745,3.38372182846069,380,4,False,True,
swerve_left,True,True,True,False,True,True,False,True,change_to_left,0.999472995185753,3.3517701625824,380,5,False,True,
swerve_left,True,True,True,False,True,True,False,True,change_to_right,0.999479874075196,3.40648460388184,380,6,False,True,
swerve_left,True,False,False,True,True,True,False,True,keep,0.001001454017776,3.40918183326721,381,1,False,False,*
swerve_left,True,False,False,True,True,True,False,True,swerve_right,0.500044679862769,3.40458917617798,381,2,False,False,
swerve_left,True,False,False,True,True,True,False,True,swerve_left,0.589493764410476,3.36781525611877,381,3,False,True,
swerve_left,True,False,False,True,True,True,False,True,change_to_left,0.999087734423288,3.36019110679626,381,4,False,True,
swerve_left,True,False,False,True,True,True,False,True,change_to_right,0.999088147259853,3.40144896507263,381,5,False,True,
swerve_left,True,False,False,True,True,True,False,True,cruise,0.999088665084472,3.34962773323059,381,6,False,True,
swerve_left,True,True,False,True,True,True,False,True,swerve_right,0.000999863632232,3.3932318687439,382,1,False,False,*
swerve_left,True,True,False,True,True,True,False,True,keep,0.001278025687168,3.38768196105957,382,2,False,False,
swerve_left,True,True,False,True,True,True,False,True,swerve_left,0.001864153933698,3.33695936203003,382,3,False,True,
swerve_left,True,True,False,True,True,True,False,True,change_to_right,0.999218583026774,3.40548086166382,382,4,False,True,
swerve_left,True,True,False,True,True,True,False,True,change_to_left,0.999227599534742,3.37931513786316,382,5,False,True,
swerve_left,True,True,False,True,True,True,False,True,cruise,0.999314662871258,3.3727445602417,382,6,False,True,
swerve_left,True,False,True,True,True,True,False,True,cruise,0.001066906137839,3.41096496582031,383,1,False,False,*
swerve_left,True,False,True,True,True,True,False,True,keep,0.50006315881207,3.38288545608521,383,2,False,False,
swerve_left,True,False,True,True,True,True,False,True,swerve_right,0.500063158812071,3.37183284759521,383,3,False,False,
swerve_left,True,False,True,True,True,True,False,True,swerve_left,0.626633414780631,3.41181421279907,383,4,False,True,
swerve_left,True,False,True,True,True,True,False,True,change_to_left,0.999144405728043,3.34694027900696,383,5,False,True,
swerve_left,True,False,True,True,True,True,False,True,change_to_right,0.999147028258275,3.40819430351257,383,6,False,True,
swerve_left,True,True,True,True,True,True,False,True,keep,0.001005908817128,3.36955738067627,384,1,False,False,
swerve_left,True,True,True,True,True,True,False,True,swerve_right,0.001005908817128,3.35833978652954,384,1,False,False,*
swerve_left,True,True,True,True,True,True,False,True,cruise,0.007021053258271,3.42923307418823,384,2,False,False,
swerve_left,True,True,True,True,True,True,False,True,swerve_left,0.007933932302105,3.4124321937561,384,3,False,True,
swerve_left,True,True,True,True,True,True,False,True,change_to_right,0.999474954413301,3.36883282661438,384,4,False,True,
swerve_left,True,True,True,True,True,True,False,True,change_to_left,0.999478587313024,3.42232894897461,384,5,False,True,
swerve_left,True,False,False,False,False,False,True,True,keep,0.000999422929816,3.35662627220154,385,1,False,False,*
swerve_left,True,False,False,False,False,False,True,True,swerve_right,0.000999422929816,3.36766409873962,385,1,False,False,
swerve_left,True,False,False,False,False,False,True,True,swerve_left,0.001422619367958,3.40292024612427,385,2,False,True,
swerve_left,True,False,False,False,False,False,True,True,cruise,0.999211544733183,3.41199564933777,385,3,False,True,
swerve_left,True,False,False,False,False,False,True,True,change_to_left,0.999211544733183,3.4064347743988,385,4,False,True,
swerve_left,True,False,False,False,False,False,True,True,change_to_right,0.999211544733183,3.37481069564819,385,4,False,True,
swerve_left,True,True,False,False,False,False,True,True,keep,0.000999057165199,3.36607480049133,386,1,False,False,*
swerve_left,True,True,False,False,False,False,True,True,swerve_right,0.000999422576446,3.36935544013977,386,2,False,False,
swerve_left,True,True,False,False,False,False,True,True,swerve_left,0.001421842593758,3.38768267631531,386,3,False,True,
swerve_left,True,True,False,False,False,False,True,True,cruise,0.999211220961282,3.3924708366394,386,4,False,True,
swerve_left,True,True,False,False,False,False,True,True,change_to_right,0.999211220961282,3.37054800987244,386,5,False,True,
swerve_left,True,True,False,False,False,False,True,True,change_to_left,0.999211851053885,3.40114164352417,386,6,False,True,
swerve_left,True,False,True,False,False,False,True,True,cruise,0.000999336094893,3.38435196876526,387,1,False,False,
swerve_left,True,False,True,False,False,False,True,True,keep,0.000999336094893,3.41869854927063,387,1,False,False,*
swerve_left,True,False,True,False,False,False,True,True,swerve_left,0.001335772384789,3.37385225296021,387,2,False,True,
swerve_left,True,False,True,False,False,False,True,True,swerve_right,0.500083983095057,3.43065762519836,387,3,False,False,
swerve_left,True,False,True,False,False,False,True,True,change_to_left,0.999334434082943,3.4057149887085,387,4,False,True,
swerve_left,True,False,True,False,False,False,True,True,change_to_right,0.999334434082943,3.38450026512146,387,4,False,True,
swerve_left,True,True,True,False,False,False,True,True,swerve_right,0.00099952833819,3.40011429786682,388,1,False,False,*
swerve_left,True,True,True,False,False,False,True,True,keep,0.00099952833819,3.42463135719299,388,2,False,False,
swerve_left,True,True,True,False,False,False,True,True,cruise,0.001091042090609,3.37847185134888,388,3,False,False,
swerve_left,True,True,True,False,False,False,True,True,swerve_left,0.001528449583515,3.37913990020752,388,4,False,True,
swerve_left,True,True,True,False,False,False,True,True,change_to_left,0.999370597716384,3.37173914909363,388,5,False,True,
swerve_left,True,True,True,False,False,False,True,True,change_to_right,0.999370597716384,3.412602186203,388,5,False,True,
swerve_left,True,False,False,True,False,False,True,True,keep,0.000999336317732,3.39923357963562,389,1,False,False,
swerve_left,True,False,False,True,False,False,True,True,swerve_right,0.000999336317732,3.42210793495178,389,1,False,False,*
swerve_left,True,False,False,True,False,False,True,True,change_to_left,0.000999336317732,3.35280442237854,389,2,False,False,
swerve_left,True,False,False,True,False,False,True,True,swerve_left,0.001335996338648,3.38655924797058,389,3,False,True,
swerve_left,True,False,False,True,False,False,True,True,change_to_right,0.999334655817487,3.41158103942871,389,4,False,True,
swerve_left,True,False,False,True,False,False,True,True,cruise,0.999334655817487,3.4001350402832,389,4,False,True,
swerve_left,True,True,False,True,False,False,True,True,swerve_right,0.000999202390169,3.42172455787659,390,1,False,False,*
swerve_left,True,True,False,True,False,False,True,True,keep,0.000999337523135,3.37499642372131,390,2,False,False,
swerve_left,True,True,False,True,False,False,True,True,change_to_left,0.000999672301609,3.36275100708008,390,3,False,False,
swerve_left,True,True,False,True,False,False,True,True,swerve_left,0.001336534038477,3.37312602996826,390,4,False,True,
swerve_left,True,True,False,True,False,False,True,True,change_to_right,0.999334787792549,3.40304684638977,390,5,False,True,
swerve_left,True,True,False,True,False,False,True,True,cruise,0.999334787792549,3.35873174667358,390,5,False,True,
swerve_left,True,False,True,True,False,False,True,True,change_to_left,0.000999009556065,3.3624849319458,391,1,False,False,*
swerve_left,True,False,True,True,False,False,True,True,keep,0.000999009556065,3.37453675270081,391,2,False,False,
swerve_left,True,False,True,True,False,False,True,True,cruise,0.0009990316792,3.41874885559082,391,3,False,False,
swerve_left,True,False,True,True,False,False,True,True,swerve_left,0.001007599871676,3.40275120735168,391,4,False,True,
swerve_left,True,False,True,True,False,False,True,True,swerve_right,0.500002144362288,3.38031101226807,391,5,False,False,
swerve_left,True,False,True,True,False,False,True,True,change_to_right,0.999998486525084,3.39191770553589,391,6,False,True,
swerve_left,True,True,True,True,False,False,True,True,keep,0.000999231718401,3.3556444644928,392,1,False,False,*
swerve_left,True,True,True,True,False,False,True,True,swerve_right,0.001001308187505,3.35419154167175,392,2,False,False,
swerve_left,True,True,True,True,False,False,True,True,change_to_left,0.001006153307896,3.41432023048401,392,3,False,False,
swerve_left,True,True,True,True,False,False,True,True,cruise,0.001782044554771,3.39768433570862,392,4,False,False,
swerve_left,True,True,True,True,False,False,True,True,swerve_left,0.002370823614559,3.39310765266418,392,5,False,True,
swerve_left,True,True,True,True,False,False,True,True,change_to_right,0.999996263672637,3.38160157203674,392,6,False,True,
swerve_left,True,False,False,False,True,False,True,True,swerve_right,0.000999422814983,3.36859726905823,393,1,False,False,*
swerve_left,True,False,False,False,True,False,True,True,keep,0.000999422814983,3.37077593803406,393,2,False,False,
swerve_left,True,False,False,False,True,False,True,True,swerve_left,0.001422081846278,3.40098285675049,393,3,False,True,
swerve_left,True,False,False,False,True,False,True,True,change_to_right,0.99921142385818,3.36079287528992,393,4,False,True,
swerve_left,True,False,False,False,True,False,True,True,cruise,0.99921142385818,3.40042614936829,393,4,False,True,
swerve_left,True,False,False,False,True,False,True,True,change_to_left,0.999211549919007,3.40951251983643,393,5,False,True,
swerve_left,True,True,False,False,True,False,True,True,swerve_right,0.000999281201436,3.40237832069397,394,1,False,False,*
swerve_left,True,True,False,False,True,False,True,True,keep,0.001219511363283,3.36929798126221,394,2,False,False,
swerve_left,True,True,False,False,True,False,True,True,swerve_left,0.001783507903958,3.3700954914093,394,3,False,True,
swerve_left,True,True,False,False,True,False,True,True,change_to_right,0.999226569970453,3.38344550132751,394,4,False,True,
swerve_left,True,True,False,False,True,False,True,True,cruise,0.999250219874244,3.41089606285095,394,5,False,True,
swerve_left,True,True,False,False,True,False,True,True,change_to_left,0.999266402399359,3.38255929946899,394,6,False,True,
swerve_left,True,False,True,False,True,False,True,True,keep,0.0009993389157,3.39071941375732,395,1,False,False,*
swerve_left,True,False,True,False,True,False,True,True,cruise,0.001000280222217,3.39824628829956,395,2,False,False,
swerve_left,True,False,True,False,True,False,True,True,swerve_left,0.001338269029849,3.35989570617676,395,3,False,True,
swerve_left,True,False,True,False,True,False,True,True,swerve_right,0.500084690101425,3.41203188896179,395,4,False,False,
swerve_left,True,False,True,False,True,False,True,True,change_to_left,0.9993350443767,3.39958453178406,395,5,False,True,
swerve_left,True,False,True,False,True,False,True,True,change_to_right,0.9993350443767,3.37943768501282,395,6,False,True,
swerve_left,True,True,True,False,True,False,True,True,keep,0.001015990432725,3.39737582206726,396,1,False,False,
swerve_left,True,True,True,False,True,False,True,True,swerve_right,0.001015990432725,3.38718271255493,396,1,False,False,*
swerve_left,True,True,True,False,True,False,True,True,cruise,0.017076793515316,3.35726833343506,396,2,False,False,
swerve_left,True,True,True,False,True,False,True,True,swerve_left,0.018054574022937,3.36164331436157,396,3,False,True,
swerve_left,True,True,True,False,True,False,True,True,change_to_left,0.999476346479343,3.38084101676941,396,4,False,True,
swerve_left,True,True,True,False,True,False,True,True,change_to_right,0.999476346479343,3.39022278785706,396,4,False,True,
swerve_left,True,False,False,True,True,False,True,True,swerve_right,0.000999356739284,3.38313865661621,397,1,False,False,*
swerve_left,True,False,False,True,True,False,True,True,keep,0.00100052837883,3.39322638511658,397,2,False,False,
swerve_left,True,False,False,True,True,False,True,True,change_to_left,0.001006013165397,3.3717622756958,397,3,False,False,
swerve_left,True,False,False,True,True,False,True,True,swerve_left,0.00135545176182,3.3608238697052,397,4,False,True,
swerve_left,True,False,False,True,True,False,True,True,change_to_right,0.999339284172256,3.41077136993408,397,5,False,True,
swerve_left,True,False,False,True,True,False,True,True,cruise,0.999339284172256,3.35516428947449,397,5,False,True,
swerve_left,True,True,False,True,True,False,True,True,swerve_right,0.000999301862129,3.39182209968567,398,1,False,False,*
swerve_left,True,True,False,True,True,False,True,True,keep,0.00146481912207,3.36958456039429,398,2,False,False,
swerve_left,True,True,False,True,True,False,True,True,change_to_left,0.002348918146863,3.36932587623596,398,3,False,False,
swerve_left,True,True,False,True,True,False,True,True,swerve_left,0.003598339145514,3.35118079185486,398,4,False,True,
swerve_left,True,True,False,True,True,False,True,True,change_to_right,0.999440693101049,3.39507722854614,398,5,False,True,
swerve_left,True,True,False,True,True,False,True,True,cruise,0.999474163648241,3.37221217155457,398,6,False,True,
swerve_left,True,False,True,True,True,False,True,True,keep,0.000999576088309,3.35978484153748,399,1,False,False,*
swerve_left,True,False,True,True,True,False,True,True,cruise,0.001086117632593,3.40889835357666,399,2,False,False,
swerve_left,True,False,True,True,True,False,True,True,change_to_left,0.001121497992251,3.34359979629517,399,3,False,False,
swerve_left,True,False,True,True,True,False,True,True,swerve_left,0.001576390796711,3.40511894226074,399,4,False,True,
swerve_left,True,False,True,True,True,False,True,True,swerve_right,0.500144131471706,3.36189770698547,399,5,False,False,
swerve_left,True,False,True,True,True,False,True,True,change_to_right,0.999997067293114,3.40010762214661,399,6,False,True,
swerve_left,True,True,True,True,True,False,True,True,swerve_right,0.0010096082087,3.35960149765015,400,1,False,False,*
swerve_left,True,True,True,True,True,False,True,True,keep,0.001020264808111,3.37393927574158,400,2,False,False,
swerve_left,True,True,True,True,True,False,True,True,change_to_left,0.003470035333508,3.41140866279602,400,3,False,False,
swerve_left,True,True,True,True,True,False,True,True,cruise,0.018877985934072,3.42188429832458,400,4,False,False,
swerve_left,True,True,True,True,True,False,True,True,swerve_left,0.022303871596023,3.40594291687012,400,5,False,True,
swerve_left,True,True,True,True,True,False,True,True,change_to_right,0.999956420334738,3.37061047554016,400,6,False,True,
swerve_left,True,False,False,False,False,True,True,True,swerve_right,0.000999434050935,3.35896849632263,401,1,False,False,*
swerve_left,True,False,False,False,False,True,True,True,keep,0.001004529619136,3.357754945755,401,2,False,False,
swerve_left,True,False,False,False,False,True,True,True,swerve_left,0.001433351517275,3.4095606803894,401,3,False,True,
swerve_left,True,False,False,False,False,True,True,True,cruise,0.999213051485796,3.40146374702454,401,4,False,True,
swerve_left,True,False,False,False,False,True,True,True,change_to_right,0.999213051485796,3.36784386634827,401,5,False,True,
swerve_left,True,False,False,False,False,True,True,True,change_to_left,0.99921317778803,3.40489101409912,401,6,False,True,
swerve_left,True,True,False,False,False,True,True,True,swerve_right,0.000999737449792,3.35381937026978,402,1,False,False,*
swerve_left,True,True,False,False,False,True,True,True,keep,0.003398976664331,3.35754656791687,402,2,False,False,
swerve_left,True,True,False,False,False,True,True,True,swerve_left,0.004231737298287,3.38512206077576,402,3,False,True,
swerve_left,True,True,False,False,False,True,True,True,change_to_right,0.999288559091587,3.36049127578735,402,4,False,True,
swerve_left,True,True,False,False,False,True,True,True,cruise,0.999293056069706,3.38881516456604,402,5,False,True,
swerve_left,True,True,False,False,False,True,True,True,change_to_left,0.999326133288742,3.37197494506836,402,6,False,True,
swerve_left,True,False,True,False,False,True,True,True,keep,0.000999353459586,3.41238903999329,403,1,False,False,*
swerve_left,True,False,True,False,False,True,True,True,cruise,0.001005962101553,3.39410662651062,403,2,False,False,
swerve_left,True,False,True,False,False,True,True,True,swerve_left,0.001352871119222,3.35514831542969,403,3,False,True,
swerve_left,True,False,True,False,False,True,True,True,swerve_right,0.500088335161735,3.40392398834229,403,4,False,False,
swerve_left,True,False,True,False,False,True,True,True,change_to_left,0.999336807255413,3.37622451782227,403,5,False,True,
swerve_left,True,False,True,False,False,True,True,True,change_to_right,0.999340227344895,3.35244989395142,403,6,False,True,
swerve_left,True,True,True,False,False,True,True,True,swerve_right,0.001000700568723,3.39351844787598,404,1,False,False,*
swerve_left,True,True,True,False,False,True,True,True,keep,0.001004706699276,3.39793848991394,404,2,False,False,
swerve_left,True,True,True,False,False,True,True,True,cruise,0.005064799408992,3.3781361579895,404,3,False,False,
swerve_left,True,True,True,False,False,True,True,True,swerve_left,0.005936150632298,3.36839723587036,404,4,False,True,
swerve_left,True,True,True,False,False,True,True,True,change_to_left,0.999324372169924,3.38994026184082,404,5,False,True,
swerve_left,True,True,True,False,False,True,True,True,change_to_right,0.99962494229359,3.42201638221741,404,6,False,True,
swerve_left,True,False,False,True,False,True,True,True,change_to_left,0.000999067855854,3.36413264274597,405,1,False,False,*
swerve_left,True,False,False,True,False,True,True,True,keep,0.000999134711768,3.39081788063049,405,2,False,False,
swerve_left,True,False,False,True,False,True,True,True,swerve_right,0.000999335747611,3.39163041114807,405,3,False,False,
swerve_left,True,False,False,True,False,True,True,True,swerve_left,0.001334753186129,3.34929800033569,405,4,False,True,
swerve_left,True,False,False,True,False,True,True,True,change_to_right,0.999333818955481,3.38361954689026,405,5,False,True,
swerve_left,True,False,False,True,False,True,True,True,cruise,0.999334881026232,3.3510959148407,405,6,False,True,
swerve_left,True,True,False,True,False,True,True,True,swerve_right,0.000999463997429,3.38300848007202,406,1,False,False,*
swerve_left,True,True,False,True,False,True,True,True,change_to_left,0.001023059161194,3.35094571113586,406,2,False,False,
swerve_left,True,True,False,True,False,True,True,True,keep,0.001030079879922,3.3866446018219,406,3,False,False,
swerve_left,True,True,False,True,False,True,True,True,swerve_left,0.00146292442342,3.36999750137329,406,4,False,True,
swerve_left,True,True,False,True,False,True,True,True,change_to_right,0.999343961121315,3.38088822364807,406,5,False,True,
swerve_left,True,True,False,True,False,True,True,True,cruise,0.999377252611446,3.36192464828491,406,6,False,True,
swerve_left,True,False,True,True,False,True,True,True,keep,0.000999162962028,3.35807061195374,407,1,False,False,*
swerve_left,True,False,True,True,False,True,True,True,cruise,0.001004225744123,3.41634774208069,407,2,False,False,
swerve_left,True,False,True,True,False,True,True,True,change_to_left,0.001015930386285,3.36076068878174,407,3,False,False,
swerve_left,True,False,True,True,False,True,True,True,swerve_left,0.001161611196102,3.3931999206543,407,4,False,True,
swerve_left,True,False,True,True,False,True,True,True,swerve_right,0.500040591723325,3.38006091117859,407,5,False,False,
swerve_left,True,False,True,True,False,True,True,True,change_to_right,0.999998101901959,3.39548015594482,407,6,False,True,
swerve_left,True,True,True,True,False,True,True,True,keep,0.00099960336507,3.35117864608765,408,1,False,False,*
swerve_left,True,True,True,True,False,True,True,True,swerve_right,0.001003117168354,3.35656714439392,408,2,False,False,
swerve_left,True,True,True,True,False,True,True,True,change_to_left,0.001010546378456,3.40880537033081,408,3,False,False,
swerve_left,True,True,True,True,False,True,True,True,cruise,0.003003221916085,3.40761041641235,408,4,False,False,
swerve_left,True,True,True,True,False,True,True,True,swerve_left,0.003752853535947,3.39733052253723,408,5,False,True,
swerve_left,True,True,True,True,False,True,True,True,change_to_right,0.999993502207556,3.36116600036621,408,6,False,True,
swerve_left,True,False,False,False,True,True,True,True,swerve_right,0.001001452303625,3.38742804527283,409,1,False,False,*
swerve_left,True,False,False,False,True,True,True,True,keep,0.002662557880271,3.36344599723816,409,2,False,False,
swerve_left,True,False,False,False,True,True,True,True,swerve_left,0.003457556515689,3.43672680854797,409,3,False,True,
swerve_left,True,False,False,False,True,True,True,True,change_to_right,0.999293094292228,3.36408042907715,409,4,False,True,
swerve_left,True,False,False,False,True,True,True,True,cruise,0.999293748058689,3.39851832389832,409,5,False,True,
swerve_left,True,False,False,False,True,True,True,True,change_to_left,0.999299383119841,3.39385294914246,409,6,False,True,
swerve_left,True,True,False,False,True,True,True,True,swerve_right,0.001003393427823,3.36633491516113,410,1,False,False,*
swerve_left,True,True,False,False,True,True,True,True,keep,0.008950111166626,3.38654589653015,410,2,False,False,
swerve_left,True,True,False,False,True,True,True,True,swerve_left,0.009872194198216,3.38353824615479,410,3,False,True,
swerve_left,True,True,False,False,True,True,True,True,change_to_right,0.999224452476308,3.38355350494385,410,4,False,True,
swerve_left,True,True,False,False,True,True,True,True,change_to_left,0.999354858857448,3.3874614238739,410,5,False,True,
swerve_left,True,True,False,False,True,True,True,True,cruise,0.99937065859205,3.42144584655762,410,6,False,True,
swerve_left,True,False,True,False,True,True,True,True,keep,0.000999374674425,3.39271640777588,411,1,False,False,*
swerve_left,True,False,True,False,True,True,True,True,cruise,0.001560525348374,3.39176654815674,411,2,False,False,
swerve_left,True,False,True,False,True,True,True,True,swerve_left,0.002186043779706,3.35382032394409,411,3,False,True,
swerve_left,True,False,True,False,True,True,True,True,swerve_right,0.500296909001121,3.39600825309753,411,4,False,False,
swerve_left,True,False,True,False,True,True,True,True,change_to_left,0.999423132284483,3.36489653587341,411,5,False,True,
swerve_left,True,False,True,False,True,True,True,True,change_to_right,0.999423361355671,3.36241912841797,411,6,False,True,
swerve_left,True,True,True,False,True,True,True,True,keep,0.001008221461482,3.3807098865509,412,1,False,False,*
swerve_left,True,True,True,False,True,True,True,True,swerve_right,0.001017106647796,3.39526033401489,412,2,False,False,
swerve_left,True,True,True,False,True,True,True,True,cruise,0.009717005041168,3.34578728675842,412,3,False,False,
swerve_left,True,True,True,False,True,True,True,True,swerve_left,0.010657937557577,3.36224222183228,412,4,False,True,
swerve_left,True,True,True,False,True,True,True,True,change_to_left,0.999439304789021,3.37715315818787,412,5,False,True,
swerve_left,True,True,True,False,True,True,True,True,change_to_right,0.999517957816419,3.41771078109741,412,6,False,True,
swerve_left,True,False,False,True,True,True,True,True,swerve_right,0.00100056029068,3.3869423866272,413,1,False,False,*
swerve_left,True,False,False,True,True,True,True,True,keep,0.001023931496288,3.39105772972107,413,2,False,False,
swerve_left,True,False,False,True,True,True,True,True,change_to_left,0.001845993516228,3.36299872398376,413,3,False,False,
swerve_left,True,False,False,True,True,True,True,True,swerve_left,0.002561273893532,3.35602712631226,413,4,False,True,
swerve_left,True,False,False,True,True,True,True,True,change_to_right,0.999436517584592,3.38701057434082,413,5,False,True,
swerve_left,True,False,False,True,True,True,True,True,cruise,0.999438524323487,3.34256362915039,413,6,False,True,
swerve_left,True,True,False,True,True,True,True,True,swerve_right,0.001013401264154,3.37909388542175,414,1,False,False,*
swerve_left,True,True,False,True,True,True,True,True,keep,0.001151553665149,3.39120864868164,414,2,False,False,
swerve_left,True,True,False,True,True,True,True,True,change_to_left,0.001460077699797,3.36392903327942,414,3,False,False,
swerve_left,True,True,False,True,True,True,True,True,swerve_left,0.002272601994987,3.35770773887634,414,4,False,True,
swerve_left,True,True,False,True,True,True,True,True,change_to_right,0.999340169979388,3.3855242729187,414,5,False,True,
swerve_left,True,True,False,True,True,True,True,True,cruise,0.99951938930754,3.36802864074707,414,6,False,True,
swerve_left,True,False,True,True,True,True,True,True,keep,0.000999547667205,3.35521340370178,415,1,False,False,*
swerve_left,True,False,True,True,True,True,True,True,cruise,0.001368875844924,3.4007465839386,415,2,False,False,
swerve_left,True,False,True,True,True,True,True,True,change_to_left,0.002417858780748,3.35478472709656,415,3,False,False,
swerve_left,True,False,True,True,True,True,True,True,swerve_left,0.003502815894143,3.42440557479858,415,4,False,True,
swerve_left,True,False,True,True,True,True,True,True,swerve_right,0.500626266543988,3.35901021957397,415,5,False,False,
swerve_left,True,False,True,True,True,True,True,True,change_to_right,0.999992254835906,3.395756483078,415,6,False,True,
swerve_left,True,True,True,True,True,True,True,True,keep,0.001094337936786,3.35940408706665,416,1,False,False,*
swerve_left,True,True,True,True,True,True,True,True,swerve_right,0.001182471785301,3.35087037086487,416,2,False,False,
swerve_left,True,True,True,True,True,True,True,True,change_to_left,0.002194785322785,3.40730094909668,416,3,False,False,
swerve_left,True,True,True,True,True,True,True,True,cruise,0.008006303329875,3.41848540306091,416,4,False,False,
swerve_left,True,True,True,True,True,True,True,True,swerve_left,0.010715722016171,3.41625070571899,416,5,False,True,
swerve_left,True,True,True,True,True,True,True,True,change_to_right,0.999979957348624,3.36835408210754,416,6,False,True,
swerve_right,False,False,False,False,False,False,False,True,keep,0.50004362410419,3.41837954521179,417,1,False,False,*
swerve_right,False,False,False,False,False,False,False,True,swerve_left,0.50004362410419,3.40615010261536,417,1,False,False,
swerve_right,False,False,False,False,False,False,False,True,swerve_right,0.587466326537227,3.35739350318909,417,2,False,True,
swerve_right,False,False,False,False,False,False,False,True,change_to_left,0.999087857315999,3.4137167930603,417,3,False,True,
swerve_right,False,False,False,False,False,False,False,True,change_to_right,0.999087857316,3.3620753288269,417,4,False,True,
swerve_right,False,False,False,False,False,False,False,True,cruise,0.999087857316,3.41523838043213,417,4,False,True,
swerve_right,False,True,False,False,False,False,False,True,keep,0.500043624104189,3.35351538658142,418,1,False,False,
swerve_right,False,True,False,False,False,False,False,True,swerve_left,0.500043624104189,3.40419793128967,418,1,False,False,*
swerve_right,False,True,False,False,False,False,False,True,swerve_right,0.587466326537227,3.35380887985229,418,2,False,True,
swerve_right,False,True,False,False,False,False,False,True,change_to_left,0.999087857315999,3.39028286933899,418,3,False,True,
swerve_right,False,True,False,False,False,False,False,True,change_to_right,0.999087857315999,3.38260889053345,418,3,False,True,
swerve_right,False,True,False,False,False,False,False,True,cruise,0.999087857315999,3.38938856124878,418,3,False,True,
swerve_right,False,False,True,False,False,False,False,True,keep,0.000999175163112,3.41447329521179,419,1,False,False,*
swerve_right,False,False,True,False,False,False,False,True,swerve_left,0.500043649619118,3.37654662132263,419,2,False,False,
swerve_right,False,False,True,False,False,False,False,True,swerve_right,0.587517483967816,3.41205739974976,419,3,False,True,
swerve_right,False,False,True,False,False,False,False,True,change_to_left,0.999087908117231,3.41357588768005,419,4,False,True,
swerve_right,False,False,True,False,False,False,False,True,change_to_right,0.999087908117231,3.38406920433044,419,4,False,True,
swerve_right,False,False,True,False,False,False,False,True,cruise,0.999087908117231,3.39667868614197,419,4,False,True,
swerve_right,False,True,True,False,False,False,False,True,keep,0.000999058374264,3.40447521209717,420,1,False,False,*
swerve_right,False,True,True,False,False,False,False,True,change_to_right,0.000999144493136,3.39517760276794,420,2,False,False,
swerve_right,False,True,True,False,False,False,False,True,swerve_left,0.500035962958234,3.33429479598999,420,3,False,False,
swerve_right,False,True,True,False,False,False,False,True,swerve_right,0.572105729310948,3.39803600311279,420,4,False,True,
swerve_right,False,True,True,False,False,False,False,True,change_to_left,0.999143809232469,3.37278509140015,420,5,False,True,
swerve_right,False,True,True,False,False,False,False,True,cruise,0.999143809232469,3.36165738105774,420,6,False,True,
swerve_right,False,False,False,True,False,False,False,True,cruise,0.500035934835574,3.36084270477295,421,1,False,False,
swerve_right,False,False,False,True,False,False,False,True,keep,0.500035934835574,3.40473961830139,421,1,False,False,*
swerve_right,False,False,False,True,False,False,False,True,swerve_left,0.500035934835574,3.34451055526733,421,1,False,False,
swerve_right,False,False,False,True,False,False,False,True,swerve_right,0.572121217623375,3.39350128173828,421,2,False,True,
swerve_right,False,False,False,True,False,False,False,True,change_to_left,0.999143670366424,3.38794350624084,421,3,False,True,
swerve_right,False,False,False,True,False,False,False,True,change_to_right,0.999143670366424,3.40401124954224,421,4,False,True,
swerve_right,False,True,False,True,False,False,False,True,cruise,0.000999144462584,3.35820317268372,422,1,False,False,*
swerve_right,False,True,False,True,False,False,False,True,keep,0.500035955283482,3.37410020828247,422,2,False,False,
swerve_right,False,True,False,True,False,False,False,True,swerve_left,0.500035955283482,3.3786780834198,422,2,False,False,
swerve_right,False,True,False,True,False,False,False,True,swerve_right,0.572162256576532,3.36971879005432,422,3,False,True,
swerve_right,False,True,False,True,False,False,False,True,change_to_left,0.99914375154978,3.35425472259521,422,4,False,True,
swerve_right,False,True,False,True,False,False,False,True,change_to_right,0.99914375154978,3.40314126014709,422,5,False,True,
swerve_right,False,False,True,True,False,False,False,True,cruise,0.000999144462482,3.38967728614807,423,1,False,False,*
swerve_right,False,False,True,True,False,False,False,True,keep,0.500035955257708,3.36698985099792,423,2,False,False,
swerve_right,False,False,True,True,False,False,False,True,swerve_left,0.500035955257708,3.41078853607178,423,2,False,False,
swerve_right,False,False,True,True,False,False,False,True,swerve_right,0.572162204849034,3.36603236198425,423,3,False,True,
swerve_right,False,False,True,True,False,False,False,True,change_to_left,0.999143524531104,3.37047338485718,423,4,False,True,
swerve_right,False,False,True,True,False,False,False,True,change_to_right,0.999143978723278,3.4002480506897,423,5,False,True,
swerve_right,False,True,True,True,False,False,False,True,change_to_right,0.000999002070343,3.36652660369873,424,1,False,False,*
swerve_right,False,True,True,True,False,False,False,True,cruise,0.00099900367693,3.41253614425659,424,2,False,False,
swerve_right,False,True,True,True,False,False,False,True,swerve_left,0.500000670905072,3.39076924324036,424,3,False,False,
swerve_right,False,True,True,True,False,False,False,True,keep,0.500000670905072,3.3638608455658,424,4,False,False,
swerve_right,False,True,True,True,False,False,False,True,swerve_right,0.501346506529113,3.35311937332153,424,5,False,True,
swerve_right,False,True,True,True,False,False,False,True,change_to_left,0.999498655417533,3.41099405288696,424,6,False,True,
swerve_right,False,False,False,False,True,False,False,True,keep,0.50004362410419,3.38113594055176,425,1,False,False,*
swerve_right,False,False,False,False,True,False,False,True,swerve_left,0.50004362410419,3.42183375358582,425,1,False,False,
swerve_right,False,False,False,False,True,False,False,True,swerve_right,0.587466326537227,3.26134204864502,425,2,False,True,
swerve_right,False,False,False,False,True,False,False,True,change_to_right,0.999087857315999,3.38331341743469,425,3,False,True,
swerve_right,False,False,False,False,True,False,False,True,change_to_left,0.999087857315999,3.39922189712524,425,4,False,True,
swerve_right,False,False,False,False,True,False,False,True,cruise,0.999087857315999,3.39405465126038,425,4,False,True,
swerve_right,False,True,False,False,True,False,False,True,keep,0.50004362410149,3.27643036842346,426,1,False,False,
swerve_right,False,True,False,False,True,False,False,True,swerve_left,0.50004362410149,3.34132266044617,426,1,False,False,*
swerve_right,False,True,False,False,True,False,False,True,swerve_right,0.587466321123885,3.26515698432922,426,2,False,True,
swerve_right,False,True,False,False,True,False,False,True,cruise,0.99908782265042,3.28322005271912,426,3,False,True,
swerve_right,False,True,False,False,True,False,False,True,change_to_left,0.99908782265042,3.31744623184204,426,4,False,True,
swerve_right,False,True,False,False,True,False,False,True,change_to_right,0.999087926658594,3.25469303131104,426,5,False,True,
swerve_right,False,False,True,False,True,False,False,True,keep,0.000999175163112,3.28075265884399,427,1,False,False,*
swerve_right,False,False,True,False,True,False,False,True,swerve_left,0.500043649619118,3.25446224212646,427,2,False,False,
swerve_right,False,False,True,False,True,False,False,True,swerve_right,0.587517483967816,3.28137016296387,427,3,False,True,
swerve_right,False,False,True,False,True,False,False,True,change_to_left,0.999087908117231,3.28084492683411,427,4,False,True,
swerve_right,False,False,True,False,True,False,False,True,change_to_right,0.999087908117231,3.27006030082703,427,4,False,True,
swerve_right,False,False,True,False,True,False,False,True,cruise,0.999087908117231,3.27441334724426,427,4,False,True,
swerve_right,False,True,True,False,True,False,False,True,keep,0.000999147479058,3.29591178894043,428,1,False,False,*
swerve_right,False,True,True,False,True,False,False,True,change_to_right,0.001000393839501,3.28903865814209,428,2,False,False,
swerve_right,False,True,True,False,True,False,False,True,swerve_left,0.500036711304755,3.24548625946045,428,3,False,False,
swerve_right,False,True,True,False,True,False,False,True,swerve_right,0.57360616404496,3.31119656562805,428,4,False,True,
swerve_right,False,True,True,False,True,False,False,True,change_to_left,0.999144159292774,3.27930498123169,428,5,False,True,
swerve_right,False,True,True,False,True,False,False,True,cruise,0.999144159292774,3.27327609062195,428,5,False,True,
swerve_right,False,False,False,True,True,False,False,True,cruise,0.500035934835574,3.25789856910706,429,1,False,False,
swerve_right,False,False,False,True,True,False,False,True,keep,0.500035934835574,3.28750967979431,429,1,False,False,*
swerve_right,False,False,False,True,True,False,False,True,swerve_left,0.500035934835574,3.26432633399963,429,1,False,False,
swerve_right,False,False,False,True,True,False,False,True,swerve_right,0.572121217623375,3.33033418655396,429,2,False,True,
swerve_right,False,False,False,True,True,False,False,True,change_to_left,0.999143670366424,3.25204229354858,429,3,False,True,
swerve_right,False,False,False,True,True,False,False,True,change_to_right,0.999143670366424,3.29783940315247,429,4,False,True,
swerve_right,False,True,False,True,True,False,False,True,cruise,0.000999086930877,3.26338887214661,430,1,False,False,*
swerve_right,False,True,False,True,True,False,False,True,swerve_left,0.500035958662181,3.24358725547791,430,2,False,False,
swerve_right,False,True,False,True,True,False,False,True,keep,0.500035958662182,3.27147960662842,430,3,False,False,
swerve_right,False,True,False,True,True,False,False,True,swerve_right,0.572097115726415,3.26077461242676,430,4,False,True,
swerve_right,False,True,False,True,True,False,False,True,change_to_right,0.999143395350384,3.28648591041565,430,5,False,True,
swerve_right,False,True,False,True,True,False,False,True,change_to_left,0.999144076560736,3.26019406318665,430,6,False,True,
swerve_right,False,False,True,True,True,False,False,True,cruise,0.000999144462611,3.2836446762085,431,1,False,False,*
swerve_right,False,False,True,True,True,False,False,True,keep,0.50003595529005,3.26338744163513,431,2,False,False,
swerve_right,False,False,True,True,True,False,False,True,swerve_left,0.50003595529005,3.27992653846741,431,2,False,False,
swerve_right,False,False,True,True,True,False,False,True,swerve_right,0.572162269759107,3.26404762268066,431,3,False,True,
swerve_right,False,False,True,True,True,False,False,True,change_to_left,0.999143694770285,3.23755073547363,431,4,False,True,
swerve_right,False,False,True,True,True,False,False,True,change_to_right,0.999143808346864,3.28769278526306,431,5,False,True,
swerve_right,False,True,True,True,True,False,False,True,cruise,0.000999009683868,3.29406714439392,432,1,False,False,*
swerve_right,False,True,True,True,True,False,False,True,change_to_right,0.000999013157424,3.27175331115723,432,2,False,False,
swerve_right,False,True,True,True,True,False,False,True,keep,0.500001093854351,3.25983071327209,432,3,False,False,
swerve_right,False,True,True,True,True,False,False,True,swerve_left,0.500001093854351,3.28367686271667,432,3,False,False,
swerve_right,False,True,True,True,True,False,False,True,swerve_right,0.502193177915385,3.25337958335876,432,4,False,True,
swerve_right,False,True,True,True,True,False,False,True,change_to_left,0.999497806565782,3.27919459342957,432,5,False,True,
swerve_right,False,False,False,False,False,True,False,True,keep,0.50004362410419,3.26176810264587,433,1,False,False,*
swerve_right,False,False,False,False,False,True,False,True,swerve_left,0.50004362410419,3.28586626052856,433,1,False,False,
swerve_right,False,False,False,False,False,True,False,True,swerve_right,0.587466326537227,3.25773620605469,433,2,False,True,
swerve_right,False,False,False,False,False,True,False,True,change_to_left,0.999087857315999,3.29215621948242,433,3,False,True,
swerve_right,False,False,False,False,False,True,False,True,change_to_right,0.999087857316,3.25332856178284,433,4,False,True,
swerve_right,False,False,False,False,False,True,False,True,cruise,0.999087857316,3.27780270576477,433,4,False,True,
swerve_right,False,True,False,False,False,True,False,True,keep,0.50004362410419,3.26183438301086,434,1,False,False,*
swerve_right,False,True,False,False,False,True,False,True,swerve_left,0.50004362410419,3.30163884162903,434,1,False,False,
swerve_right,False,True,False,False,False,True,False,True,swerve_right,0.587466326537227,3.23841667175293,434,2,False,True,
swerve_right,False,True,False,False,False,True,False,True,change_to_left,0.999087857316,3.29546213150024,434,3,False,True,
swerve_right,False,True,False,False,False,True,False,True,change_to_right,0.999087857316,3.26042580604553,434,4,False,True,
swerve_right,False,True,False,False,False,True,False,True,cruise,0.999087857316,3.29858160018921,434,4,False,True,
swerve_right,False,False,True,False,False,True,False,True,keep,0.000999175163045,3.29680728912354,435,1,False,False,*
swerve_right,False,False,True,False,False,True,False,True,swerve_left,0.500043649602245,3.27835154533386,435,2,False,False,
swerve_right,False,False,True,False,False,True,False,True,swerve_right,0.587517450137781,3.28460001945496,435,3,False,True,
swerve_right,False,False,True,False,False,True,False,True,change_to_left,0.999087821438824,3.27633142471313,435,4,False,True,
swerve_right,False,False,True,False,False,True,False,True,cruise,0.999087821438824,3.31730580329895,435,5,False,True,
swerve_right,False,False,True,False,False,True,False,True,change_to_right,0.999088081545508,3.25843858718872,435,6,False,True,
swerve_right,False,True,True,False,False,True,False,True,keep,0.000999146699309,3.29412269592285,436,1,False,False,*
swerve_right,False,True,True,False,False,True,False,True,change_to_right,0.001000041715739,3.30063891410828,436,2,False,False,
swerve_right,False,True,True,False,False,True,False,True,swerve_left,0.500036515880293,3.26052284240723,436,3,False,False,
swerve_right,False,True,True,False,False,True,False,True,swerve_right,0.573214338009343,3.30097913742065,436,4,False,True,
swerve_right,False,True,True,False,False,True,False,True,change_to_left,0.999143843985046,3.27425193786621,436,5,False,True,
swerve_right,False,True,True,False,False,True,False,True,cruise,0.999144296433958,3.26928782463074,436,6,False,True,
swerve_right,False,False,False,True,False,True,False,True,cruise,0.500035934835574,3.2971293926239,437,1,False,False,*
swerve_right,False,False,False,True,False,True,False,True,keep,0.500035934835574,3.29973173141479,437,1,False,False,
swerve_right,False,False,False,True,False,True,False,True,swerve_left,0.500035934835574,3.25853633880615,437,2,False,False,
swerve_right,False,False,False,True,False,True,False,True,swerve_right,0.572121217623375,3.29874348640442,437,3,False,True,
swerve_right,False,False,False,True,False,True,False,True,change_to_left,0.999143670366424,3.25967741012573,437,4,False,True,
swerve_right,False,False,False,True,False,True,False,True,change_to_right,0.999143670366424,3.30105328559875,437,5,False,True,
swerve_right,False,True,False,True,False,True,False,True,cruise,0.000999144462584,3.25474667549133,438,1,False,False,*
swerve_right,False,True,False,True,False,True,False,True,keep,0.500035955283482,3.2801501750946,438,2,False,False,
swerve_right,False,True,False,True,False,True,False,True,swerve_left,0.500035955283482,3.24760508537292,438,2,False,False,
swerve_right,False,True,False,True,False,True,False,True,swerve_right,0.572162256576532,3.26305627822876,438,3,False,True,
swerve_right,False,True,False,True,False,True,False,True,change_to_left,0.99914375154978,3.27178120613098,438,4,False,True,
swerve_right,False,True,False,True,False,True,False,True,change_to_right,0.99914375154978,3.2749662399292,438,4,False,True,
swerve_right,False,False,True,True,False,True,False,True,cruise,0.000999029663537,3.29774713516235,439,1,False,False,*
swerve_right,False,False,True,True,False,True,False,True,keep,0.500035926202799,3.26370215415955,439,2,False,False,
swerve_right,False,False,True,True,False,True,False,True,swerve_left,0.500035926202799,3.28800225257874,439,2,False,False,
swerve_right,False,False,True,True,False,True,False,True,swerve_right,0.572032034667266,3.24681639671326,439,3,False,True,
swerve_right,False,False,True,True,False,True,False,True,change_to_left,0.99914372006892,3.25772190093994,439,4,False,True,
swerve_right,False,False,True,True,False,True,False,True,change_to_right,0.99914372006892,3.2719624042511,439,4,False,True,
swerve_right,False,True,True,True,False,True,False,True,cruise,0.00099902972202,3.28168368339539,440,1,False,False,*
swerve_right,False,True,True,True,False,True,False,True,change_to_right,0.000999221205526,3.23527884483337,440,2,False,False,
swerve_right,False,True,True,True,False,True,False,True,swerve_left,0.500003061738528,3.2952573299408,440,3,False,False,
swerve_right,False,True,True,True,False,True,False,True,keep,0.500003061738528,3.23934412002563,440,4,False,False,
swerve_right,False,True,True,True,False,True,False,True,swerve_right,0.506138785582622,3.26790523529053,440,5,False,True,
swerve_right,False,True,True,True,False,True,False,True,change_to_left,0.999493853107027,3.29821705818176,440,6,False,True,
swerve_right,False,False,False,False,True,True,False,True,swerve_left,0.500043624104189,3.29077076911926,441,1,False,False,*
swerve_right,False,False,False,False,True,True,False,True,keep,0.50004362410419,3.23560190200806,441,2,False,False,
swerve_right,False,False,False,False,True,True,False,True,swerve_right,0.587466326537227,3.26917600631714,441,3,False,True,
swerve_right,False,False,False,False,True,True,False,True,change_to_right,0.999087857315999,3.25658369064331,441,4,False,True,
swerve_right,False,False,False,False,True,True,False,True,change_to_left,0.999087857315999,3.28623652458191,441,5,False,True,
swerve_right,False,False,False,False,True,True,False,True,cruise,0.999087857315999,3.27544355392456,441,5,False,True,
swerve_right,False,True,False,False,True,True,False,True,keep,0.500043623717291,3.23251080513,442,1,False,False,
swerve_right,False,True,False,False,True,True,False,True,swerve_left,0.500043623717291,3.2627170085907,442,1,False,False,*
swerve_right,False,True,False,False,True,True,False,True,swerve_right,0.587465550805603,3.26706099510193,442,2,False,True,
swerve_right,False,True,False,False,True,True,False,True,change_to_left,0.999087442441167,3.27955079078674,442,3,False,True,
swerve_right,False,True,False,False,True,True,False,True,cruise,0.999087442441167,3.27057027816772,442,3,False,True,
swerve_right,False,True,False,False,True,True,False,True,change_to_right,0.999088688706333,3.25298309326172,442,4,False,True,
swerve_right,False,False,True,False,True,True,False,True,keep,0.000999256528978,3.31926226615906,443,1,False,False,*
swerve_right,False,False,True,False,True,True,False,True,swerve_left,0.500043728984404,3.28777575492859,443,2,False,False,
swerve_right,False,False,True,False,True,True,False,True,swerve_right,0.587589155060699,3.29751944541931,443,3,False,True,
swerve_right,False,False,True,False,True,True,False,True,change_to_left,0.999087918378561,3.25509524345398,443,4,False,True,
swerve_right,False,False,True,False,True,True,False,True,change_to_right,0.999087918378561,3.26090669631958,443,4,False,True,
swerve_right,False,False,True,False,True,True,False,True,cruise,0.999087918378561,3.2976016998291,443,4,False,True,
swerve_right,False,True,True,False,True,True,False,True,keep,0.000999149483263,3.2958881855011,444,1,False,False,*
swerve_right,False,True,True,False,True,True,False,True,change_to_right,0.001001310123943,3.30144309997559,444,2,False,False,
swerve_right,False,True,True,False,True,True,False,True,swerve_left,0.500037213608464,3.26713395118713,444,3,False,False,
swerve_right,False,True,True,False,True,True,False,True,swerve_right,0.574613282954155,3.29673409461975,444,4,False,True,
swerve_right,False,True,True,False,True,True,False,True,change_to_left,0.999144325102972,3.28053522109985,444,5,False,True,
swerve_right,False,True,True,False,True,True,False,True,cruise,0.99914443761622,3.26185584068298,444,6,False,True,
swerve_right,False,False,False,True,True,True,False,True,cruise,0.500035934835574,3.24830150604248,445,1,False,False,
swerve_right,False,False,False,True,True,True,False,True,keep,0.500035934835574,3.30719709396362,445,1,False,False,*
swerve_right,False,False,False,True,True,True,False,True,swerve_left,0.500035934835574,3.25862264633179,445,1,False,False,
swerve_right,False,False,False,True,True,True,False,True,swerve_right,0.572121217623375,3.30211210250854,445,2,False,True,
swerve_right,False,False,False,True,True,True,False,True,change_to_left,0.999143670366424,3.25515294075012,445,3,False,True,
swerve_right,False,False,False,True,True,True,False,True,change_to_right,0.999143670366424,3.31324529647827,445,4,False,True,
swerve_right,False,True,False,True,True,True,False,True,cruise,0.000999058284226,3.26458740234375,446,1,False,False,*
swerve_right,False,True,False,True,True,True,False,True,keep,0.50003594241456,3.27477788925171,446,2,False,False,
swerve_right,False,True,False,True,True,True,False,True,swerve_left,0.50003594241456,3.26902151107788,446,2,False,False,
swerve_right,False,True,False,True,True,True,False,True,swerve_right,0.572064539246154,3.28969931602478,446,3,False,True,
swerve_right,False,True,False,True,True,True,False,True,change_to_left,0.999143444127229,3.27788734436035,446,4,False,True,
swerve_right,False,True,False,True,True,True,False,True,change_to_right,0.999144011969934,3.30315780639648,446,5,False,True,
swerve_right,False,False,True,True,True,True,False,True,cruise,0.000999144462584,3.29932332038879,447,1,False,False,*
swerve_right,False,False,True,True,True,True,False,True,keep,0.500035955283482,3.26992058753967,447,2,False,False,
swerve_right,False,False,True,True,True,True,False,True,swerve_left,0.500035955283482,3.2947371006012,447,2,False,False,
swerve_right,False,False,True,True,True,True,False,True,swerve_right,0.572162256576532,3.25604343414307,447,3,False,True,
swerve_right,False,False,True,True,True,True,False,True,change_to_left,0.99914375154978,3.24530792236328,447,4,False,True,
swerve_right,False,False,True,True,True,True,False,True,change_to_right,0.99914375154978,3.31681537628174,447,5,False,True,
swerve_right,False,True,True,True,True,True,False,True,change_to_right,0.000999011635113,3.27313184738159,448,1,False,False,*
swerve_right,False,True,True,True,True,True,False,True,cruise,0.000999026524341,3.27152013778687,448,2,False,False,
swerve_right,False,True,True,True,True,True,False,True,keep,0.500001341773514,3.28057813644409,448,3,False,False,
swerve_right,False,True,True,True,True,True,False,True,swerve_left,0.500001341773514,3.287517786026,448,3,False,False,
swerve_right,False,True,True,True,True,True,False,True,swerve_right,0.502690255823152,3.24101376533508,448,4,False,True,
swerve_right,False,True,True,True,True,True,False,True,change_to_left,0.999497308498792,3.30931162834167,448,5,False,True,
swerve_right,False,False,False,False,False,False,True,True,swerve_left,0.000999194790922,3.27674031257629,449,1,False,False,*
swerve_right,False,False,False,False,False,False,True,True,keep,0.001010906051723,3.28971028327942,449,2,False,False,
swerve_right,False,False,False,False,False,False,True,True,swerve_right,0.597283429823532,3.26061058044434,449,3,False,True,
swerve_right,False,False,False,False,False,False,True,True,change_to_left,0.999089078887727,3.30419921875,449,4,False,True,
swerve_right,False,False,False,False,False,False,True,True,change_to_right,0.999089078887728,3.25439858436584,449,5,False,True,
swerve_right,False,False,False,False,False,False,True,True,cruise,0.999089181309987,3.31807947158813,449,6,False,True,
swerve_right,False,True,False,False,False,False,True,True,swerve_left,0.000999175866131,3.27782678604126,450,1,False,False,*
swerve_right,False,True,False,False,False,False,True,True,keep,0.000999419451804,3.24879121780396,450,2,False,False,
swerve_right,False,True,False,False,False,False,True,True,swerve_right,0.587783146996445,3.25272488594055,450,3,False,True,
swerve_right,False,True,False,False,False,False,True,True,change_to_left,0.999087920353966,3.30548858642578,450,4,False,True,
swerve_right,False,True,False,False,False,False,True,True,cruise,0.999087920353966,3.27206707000732,450,4,False,True,
swerve_right,False,True,False,False,False,False,True,True,change_to_right,0.999088128508632,3.30331373214722,450,5,False,True,
swerve_right,False,False,True,False,False,False,True,True,swerve_left,0.000999178625193,3.25837016105652,451,1,False,False,*
swerve_right,False,False,True,False,False,False,True,True,keep,0.001001014698587,3.30586981773376,451,2,False,False,
swerve_right,False,False,True,False,False,False,True,True,swerve_right,0.589168201185562,3.28679251670837,451,3,False,True,
swerve_right,False,False,True,False,False,False,True,True,change_to_right,0.999088182392244,3.26480650901794,451,4,False,True,
swerve_right,False,False,True,False,False,False,True,True,change_to_left,0.999088182392244,3.29900932312012,451,5,False,True,
swerve_right,False,False,True,False,False,False,True,True,cruise,0.999088182392244,3.28331422805786,451,5,False,True,
swerve_right,False,True,True,False,False,False,True,True,change_to_right,0.000999115806715,3.28786754608154,452,1,False,False,*
swerve_right,False,True,True,False,False,False,True,True,keep,0.000999144623233,3.28543710708618,452,2,False,False,
swerve_right,False,True,True,False,False,False,True,True,swerve_left,0.500035995563974,3.26694011688232,452,3,False,False,
swerve_right,False,True,True,False,False,False,True,True,swerve_right,0.572171103817567,3.30804800987244,452,4,False,True,
swerve_right,False,True,True,False,False,False,True,True,change_to_left,0.999143824973254,3.25900864601135,452,5,False,True,
swerve_right,False,True,True,False,False,False,True,True,cruise,0.999143824973254,3.28966522216797,452,5,False,True,
swerve_right,False,False,False,True,False,False,True,True,keep,0.000999037587543,3.30339908599854,453,1,False,False,*
swerve_right,False,False,False,True,False,False,True,True,swerve_left,0.000999037587543,3.2468888759613,453,2,False,False,
swerve_right,False,False,False,True,False,False,True,True,cruise,0.00106275291118,3.25659465789795,453,3,False,False,
swerve_right,False,False,False,True,False,False,True,True,swerve_right,0.623761980814371,3.28155946731567,453,4,False,True,
swerve_right,False,False,False,True,False,False,True,True,change_to_right,0.999146166476872,3.27698707580566,453,5,False,True,
swerve_right,False,False,False,True,False,False,True,True,change_to_left,0.999146258709893,3.27767372131348,453,6,False,True,
swerve_right,False,True,False,True,False,False,True,True,swerve_left,0.000999251454419,3.27953195571899,454,1,False,False,*
swerve_right,False,True,False,True,False,False,True,True,keep,0.000999251454419,3.25715804100037,454,2,False,False,
swerve_right,False,True,False,True,False,False,True,True,cruise,0.001065539156417,3.27847409248352,454,3,False,False,
swerve_right,False,True,False,True,False,False,True,True,swerve_right,0.62585409341331,3.28650236129761,454,4,False,True,
swerve_right,False,True,False,True,False,False,True,True,change_to_right,0.999145906131582,3.266033411026,454,5,False,True,
swerve_right,False,True,False,True,False,False,True,True,change_to_left,0.999146088966783,3.28168630599976,454,6,False,True,
swerve_right,False,False,True,True,False,False,True,True,keep,0.000999113540708,3.24933362007141,455,1,False,False,*
swerve_right,False,False,True,True,False,False,True,True,swerve_left,0.000999270347593,3.28149271011353,455,2,False,False,
swerve_right,False,False,True,True,False,False,True,True,cruise,0.001080542570577,3.28170967102051,455,3,False,False,
swerve_right,False,False,True,True,False,False,True,True,swerve_right,0.635213029096777,3.23353242874146,455,4,False,True,
swerve_right,False,False,True,True,False,False,True,True,change_to_left,0.99914465228001,3.26318621635437,455,5,False,True,
swerve_right,False,False,True,True,False,False,True,True,change_to_right,0.99914500464595,3.27860832214355,455,6,False,True,
swerve_right,False,True,True,True,False,False,True,True,keep,0.000999023546981,3.25801420211792,456,1,False,False,*
swerve_right,False,True,True,True,False,False,True,True,swerve_left,0.000999045227147,3.30020332336426,456,2,False,False,
swerve_right,False,True,True,True,False,False,True,True,cruise,0.00099908945449,3.3038592338562,456,3,False,False,
swerve_right,False,True,True,True,False,False,True,True,change_to_right,0.000999301748048,3.24573612213135,456,4,False,False,
swerve_right,False,True,True,True,False,False,True,True,swerve_right,0.001021615644657,3.37886691093445,456,5,False,True,
swerve_right,False,True,True,True,False,False,True,True,change_to_left,0.999998958828151,3.28694772720337,456,6,False,True,
swerve_right,False,False,False,False,True,False,True,True,swerve_left,0.000999188718719,3.39878940582275,457,1,False,False,*
swerve_right,False,False,False,False,True,False,True,True,keep,0.001007087757148,3.37247729301453,457,2,False,False,
swerve_right,False,False,False,False,True,False,True,True,swerve_right,0.594235171755305,3.37597918510437,457,3,False,True,
swerve_right,False,False,False,False,True,False,True,True,change_to_right,0.999087530353885,3.38678598403931,457,4,False,True,
swerve_right,False,False,False,False,True,False,True,True,cruise,0.99908849357748,3.39859557151794,457,5,False,True,
swerve_right,False,False,False,False,True,False,True,True,change_to_left,0.999090388869639,3.44047260284424,457,6,False,True,
swerve_right,False,True,False,False,True,False,True,True,swerve_left,0.000999181090682,3.39122629165649,458,1,False,False,*
swerve_right,False,True,False,False,True,False,True,True,keep,0.001002465669015,3.36699080467224,458,2,False,False,
swerve_right,False,True,False,False,True,False,True,True,swerve_right,0.590405881624844,3.37195301055908,458,3,False,True,
swerve_right,False,True,False,False,True,False,True,True,change_to_left,0.999087137983615,3.42283964157104,458,4,False,True,
swerve_right,False,True,False,False,True,False,True,True,cruise,0.999088799735964,3.38939785957336,458,5,False,True,
swerve_right,False,True,False,False,True,False,True,True,change_to_right,0.999089104103166,3.40051007270813,458,6,False,True,
swerve_right,False,False,True,False,True,False,True,True,keep,0.000999047445088,3.41190028190613,459,1,False,False,*
swerve_right,False,False,True,False,True,False,True,True,swerve_left,0.000999175215686,3.36354923248291,459,2,False,False,
swerve_right,False,False,True,False,True,False,True,True,swerve_right,0.587456622091482,3.41136693954468,459,3,False,True,
swerve_right,False,False,True,False,True,False,True,True,cruise,0.999087942777017,3.38746762275696,459,4,False,True,
swerve_right,False,False,True,False,True,False,True,True,change_to_left,0.999087942777017,3.36709523200989,459,5,False,True,
swerve_right,False,False,True,False,True,False,True,True,change_to_right,0.999087942777017,3.36353659629822,459,5,False,True,
swerve_right,False,True,True,False,True,False,True,True,keep,0.000999067179476,3.40300226211548,460,1,False,False,*
swerve_right,False,True,True,False,True,False,True,True,change_to_right,0.001024251785166,3.43326044082642,460,2,False,False,
swerve_right,False,True,True,False,True,False,True,True,swerve_left,0.500047884499467,3.39776611328125,460,3,False,False,
swerve_right,False,True,True,False,True,False,True,True,swerve_right,0.595912651663961,3.401691198349,460,4,False,True,
swerve_right,False,True,True,False,True,False,True,True,cruise,0.999146559153731,3.37571454048157,460,5,False,True,
swerve_right,False,True,True,False,True,False,True,True,change_to_left,0.999147483719505,3.3671543598175,460,6,False,True,
swerve_right,False,False,False,True,True,False,True,True,keep,0.000999428449512,3.40147066116333,461,1,False,False,
swerve_right,False,False,False,True,True,False,True,True,swerve_left,0.000999428449512,3.37660384178162,461,1,False,False,*
swerve_right,False,False,False,True,True,False,True,True,cruise,0.001233896392356,3.35409140586853,461,2,False,False,
swerve_right,False,False,False,True,True,False,True,True,swerve_right,0.714794656521129,3.40251159667969,461,3,False,True,
swerve_right,False,False,False,True,True,False,True,True,change_to_right,0.999118444288278,3.40215754508972,461,4,False,True,
swerve_right,False,False,False,True,True,False,True,True,change_to_left,0.999132183883772,3.37505769729614,461,5,False,True,
swerve_right,False,True,False,True,True,False,True,True,swerve_left,0.000999535577579,3.37231826782227,462,1,False,False,*
swerve_right,False,True,False,True,True,False,True,True,keep,0.000999535577579,3.39051032066345,462,2,False,False,
swerve_right,False,True,False,True,True,False,True,True,cruise,0.001358908216692,3.37466025352478,462,3,False,False,
swerve_right,False,True,False,True,True,False,True,True,swerve_right,0.768626830344261,3.40582370758057,462,4,False,True,
swerve_right,False,True,False,True,True,False,True,True,change_to_right,0.999079877787748,3.38962769508362,462,5,False,True,
swerve_right,False,True,False,True,True,False,True,True,change_to_left,0.99913330404012,3.37638926506042,462,6,False,True,
swerve_right,False,False,True,True,True,False,True,True,keep,0.000999263431402,3.36824321746826,463,1,False,False,*
swerve_right,False,False,True,True,True,False,True,True,swerve_left,0.000999263431402,3.409827709198,463,2,False,False,
swerve_right,False,False,True,True,True,False,True,True,cruise,0.00107499469897,3.41215348243713,463,3,False,False,
swerve_right,False,False,True,True,True,False,True,True,swerve_right,0.631872563570878,3.38960218429565,463,4,False,True,
swerve_right,False,False,True,True,True,False,True,True,change_to_right,0.999144306491353,3.41213941574097,463,5,False,True,
swerve_right,False,False,True,True,True,False,True,True,change_to_left,0.999146262075897,3.35912752151489,463,6,False,True,
swerve_right,False,True,True,True,True,False,True,True,swerve_left,0.000999047704533,3.40697693824768,464,1,False,False,*
swerve_right,False,True,True,True,True,False,True,True,change_to_right,0.000999071056812,3.37705278396606,464,2,False,False,
swerve_right,False,True,True,True,True,False,True,True,keep,0.000999281228247,3.37747478485107,464,3,False,False,
swerve_right,False,True,True,True,True,False,True,True,cruise,0.001002223775303,3.40683794021606,464,4,False,False,
swerve_right,False,True,True,True,True,False,True,True,swerve_right,0.001062037847911,3.37432026863098,464,5,False,True,
swerve_right,False,True,True,True,True,False,True,True,change_to_left,0.999998878102924,3.42171311378479,464,6,False,True,
swerve_right,False,False,False,False,False,True,True,True,swerve_left,0.000999797583592,3.38606071472168,465,1,False,False,*
swerve_right,False,False,False,False,False,True,True,True,keep,0.001704570065091,3.3725061416626,465,2,False,False,
swerve_right,False,False,False,False,False,True,True,True,swerve_right,0.899886553336431,3.3712112903595,465,3,False,True,
swerve_right,False,False,False,False,False,True,True,True,change_to_left,0.999027243937245,3.41628265380859,465,4,False,True,
swerve_right,False,False,False,False,False,True,True,True,change_to_right,0.999028101373779,3.36092615127563,465,5,False,True,
swerve_right,False,False,False,False,False,True,True,True,cruise,0.999043124277448,3.40854835510254,465,6,False,True,
swerve_right,False,True,False,False,False,True,True,True,swerve_left,0.000999867701352,3.39334583282471,466,1,False,False,*
swerve_right,False,True,False,False,False,True,True,True,keep,0.001805450138701,3.37207722663879,466,2,False,False,
swerve_right,False,True,False,False,False,True,True,True,swerve_right,0.935085808431202,3.35637497901917,466,3,False,True,
swerve_right,False,True,False,False,False,True,True,True,change_to_left,0.999018028063367,3.37604546546936,466,4,False,True,
swerve_right,False,True,False,False,False,True,True,True,change_to_right,0.999022349544883,3.39223527908325,466,5,False,True,
swerve_right,False,True,False,False,False,True,True,True,cruise,0.999025110703797,3.39778089523315,466,6,False,True,
swerve_right,False,False,True,False,False,True,True,True,swerve_left,0.000999591594163,3.36876511573792,467,1,False,False,*
swerve_right,False,False,True,False,False,True,True,True,keep,0.001424046892191,3.41365003585815,467,2,False,False,
swerve_right,False,False,True,False,False,True,True,True,swerve_right,0.796479448702521,3.39778733253479,467,3,False,True,
swerve_right,False,False,True,False,False,True,True,True,change_to_left,0.999047776704732,3.40178489685059,467,4,False,True,
swerve_right,False,False,True,False,False,True,True,True,change_to_right,0.99906390002752,3.36875915527344,467,5,False,True,
swerve_right,False,False,True,False,False,True,True,True,cruise,0.999074816022758,3.38734650611877,467,6,False,True,
swerve_right,False,True,True,False,False,True,True,True,keep,0.001060898655208,3.42617225646973,468,1,False,False,*
swerve_right,False,True,True,False,False,True,True,True,change_to_right,0.001146417050547,3.40518188476562,468,2,False,False,
swerve_right,False,True,True,False,False,True,True,True,swerve_left,0.500101032169076,3.35285711288452,468,3,False,False,
swerve_right,False,True,True,False,False,True,True,True,swerve_right,0.702367433038372,3.41754007339478,468,4,False,True,
swerve_right,False,True,True,False,False,True,True,True,change_to_left,0.999105674549984,3.38153290748596,468,5,False,True,
swerve_right,False,True,True,False,False,True,True,True,cruise,0.999153474226289,3.35655999183655,468,6,False,True,
swerve_right,False,False,False,True,False,True,True,True,keep,0.000999437628058,3.3955409526825,469,1,False,False,*
swerve_right,False,False,False,True,False,True,True,True,swerve_left,0.000999562379052,3.36688876152039,469,2,False,False,
swerve_right,False,False,False,True,False,True,True,True,cruise,0.001417090365997,3.35301518440247,469,3,False,False,
swerve_right,False,False,False,True,False,True,True,True,swerve_right,0.792402442694887,3.40973830223083,469,4,False,True,
swerve_right,False,False,False,True,False,True,True,True,change_to_right,0.999091060513254,3.40344977378845,469,5,False,True,
swerve_right,False,False,False,True,False,True,True,True,change_to_left,0.999102166640585,3.36171174049377,469,6,False,True,
swerve_right,False,True,False,True,False,True,True,True,keep,0.000999716107744,3.40033674240112,470,1,False,False,*
swerve_right,False,True,False,True,False,True,True,True,swerve_left,0.000999775700487,3.37359476089478,470,2,False,False,
swerve_right,False,True,False,True,False,True,True,True,cruise,0.001327863531512,3.39182448387146,470,3,False,False,
swerve_right,False,True,False,True,False,True,True,True,swerve_right,0.756029937265251,3.39733338356018,470,4,False,True,
swerve_right,False,True,False,True,False,True,True,True,change_to_right,0.999090892211824,3.40495944023132,470,5,False,True,
swerve_right,False,True,False,True,False,True,True,True,change_to_left,0.999131427035386,3.3934645652771,470,6,False,True,
swerve_right,False,False,True,True,False,True,True,True,keep,0.000999690724673,3.35966157913208,471,1,False,False,*
swerve_right,False,False,True,True,False,True,True,True,swerve_left,0.000999882596383,3.39752769470215,471,2,False,False,
swerve_right,False,False,True,True,False,True,True,True,cruise,0.00155689005474,3.44038486480713,471,3,False,False,
swerve_right,False,False,True,True,False,True,True,True,swerve_right,0.846231852861967,3.39251518249512,471,4,False,True,
swerve_right,False,False,True,True,False,True,True,True,change_to_left,0.999063506047262,3.39179110527039,471,5,False,True,
swerve_right,False,False,True,True,False,True,True,True,change_to_right,0.999083931763322,3.42224669456482,471,6,False,True,
swerve_right,False,True,True,True,False,True,True,True,keep,0.001006584894531,3.38204264640808,472,1,False,False,*
swerve_right,False,True,True,True,False,True,True,True,swerve_left,0.001010196275669,3.41418147087097,472,2,False,False,
swerve_right,False,True,True,True,False,True,True,True,cruise,0.00369107130122,3.42136335372925,472,3,False,False,
swerve_right,False,True,True,True,False,True,True,True,change_to_right,0.011510130627905,3.37000370025635,472,4,False,False,
swerve_right,False,True,True,True,False,True,True,True,swerve_right,0.015148461777622,3.35396528244019,472,5,False,True,
swerve_right,False,True,True,True,False,True,True,True,change_to_left,0.999970736393938,3.43089938163757,472,6,False,True,
swerve_right,False,False,False,False,True,True,True,True,swerve_left,0.000999074691983,3.39822697639465,473,1,False,False,*
swerve_right,False,False,False,False,True,True,True,True,keep,0.001445312097741,3.38364887237549,473,2,False,False,
swerve_right,False,False,False,False,True,True,True,True,swerve_right,0.804495014791066,3.36400246620178,473,3,False,True,
swerve_right,False,False,False,False,True,True,True,True,change_to_right,0.999051563821259,3.36930990219116,473,4,False,True,
swerve_right,False,False,False,False,True,True,True,True,change_to_left,0.999052364455945,3.37227153778076,473,5,False,True,
swerve_right,False,False,False,False,True,True,True,True,cruise,0.999076367075243,3.3985710144043,473,6,False,True,
swerve_right,False,True,False,False,True,True,True,True,swerve_left,0.000999118039212,3.40136766433716,474,1,False,False,*
swerve_right,False,True,False,False,True,True,True,True,keep,0.001670451402446,3.37225818634033,474,2,False,False,
swerve_right,False,True,False,False,True,True,True,True,swerve_right,0.887559938444504,3.36917400360107,474,3,False,True,
swerve_right,False,True,False,False,True,True,True,True,change_to_left,0.999029425592878,3.38157916069031,474,4,False,True,
swerve_right,False,True,False,False,True,True,True,True,change_to_right,0.999032778682583,3.36054682731628,474,5,False,True,
swerve_right,False,True,False,False,True,True,True,True,cruise,0.99904750286277,3.40067958831787,474,6,False,True,
swerve_right,False,False,True,False,True,True,True,True,swerve_left,0.000999407307476,3.37677097320557,475,1,False,False,*
swerve_right,False,False,True,False,True,True,True,True,keep,0.001202641566218,3.4307496547699,475,2,False,False,
swerve_right,False,False,True,False,True,True,True,True,swerve_right,0.703955474512855,3.40315246582031,475,3,False,True,
swerve_right,False,False,True,False,True,True,True,True,change_to_left,0.999069206923706,3.40707683563232,475,4,False,True,
swerve_right,False,False,True,False,True,True,True,True,change_to_right,0.999076607928058,3.38264560699463,475,5,False,True,
swerve_right,False,False,True,False,True,True,True,True,cruise,0.99910138248235,3.39874887466431,475,6,False,True,
swerve_right,False,True,True,False,True,True,True,True,keep,0.000999485153714,3.41780877113342,476,1,False,False,*
swerve_right,False,True,True,False,True,True,True,True,change_to_right,0.001038648381009,3.42765831947327,476,2,False,False,
swerve_right,False,True,True,False,True,True,True,True,swerve_left,0.500053306586105,3.37203741073608,476,3,False,False,
swerve_right,False,True,True,False,True,True,True,True,swerve_right,0.606773091114649,3.41238069534302,476,4,False,True,
swerve_right,False,True,True,False,True,True,True,True,change_to_left,0.999118213156052,3.37163829803467,476,5,False,True,
swerve_right,False,True,True,False,True,True,True,True,cruise,0.999178615376059,3.37085700035095,476,6,False,True,
swerve_right,False,False,False,True,True,True,True,True,swerve_left,0.000999933039999,3.3846743106842,477,1,False,False,*
swerve_right,False,False,False,True,True,True,True,True,keep,0.001000328451809,3.39815402030945,477,2,False,False,
swerve_right,False,False,False,True,True,True,True,True,cruise,0.001428783604412,3.35948085784912,477,3,False,False,
swerve_right,False,False,False,True,True,True,True,True,swerve_right,0.797462436107655,3.40715670585632,477,4,False,True,
swerve_right,False,False,False,True,True,True,True,True,change_to_right,0.999081128492646,3.39498376846313,477,5,False,True,
swerve_right,False,False,False,True,True,True,True,True,change_to_left,0.999108177929291,3.3765823841095,477,6,False,True,
swerve_right,False,True,False,True,True,True,True,True,swerve_left,0.00099971677432,3.36150121688843,478,1,False,False,*
swerve_right,False,True,False,True,True,True,True,True,keep,0.001006758075419,3.39786005020142,478,2,False,False,
swerve_right,False,True,False,True,True,True,True,True,cruise,0.001562801415886,3.35930490493774,478,3,False,False,
swerve_right,False,True,False,True,True,True,True,True,swerve_right,0.850797334313783,3.39175724983215,478,4,False,True,
swerve_right,False,True,False,True,True,True,True,True,change_to_right,0.999047524926283,3.40613460540771,478,5,False,True,
swerve_right,False,True,False,True,True,True,True,True,change_to_left,0.999096496136155,3.38138484954834,478,6,False,True,
swerve_right,False,False,True,True,True,True,True,True,swerve_left,0.000999625822787,3.42095351219177,479,1,False,False,*
swerve_right,False,False,True,True,True,True,True,True,keep,0.001000072688186,3.37629270553589,479,2,False,False,
swerve_right,False,False,True,True,True,True,True,True,cruise,0.001470608101859,3.42313408851624,479,3,False,False,
swerve_right,False,False,True,True,True,True,True,True,swerve_right,0.813633279904346,3.36105871200562,479,4,False,True,
swerve_right,False,False,True,True,True,True,True,True,change_to_right,0.999086856044132,3.41776871681213,479,5,False,True,
swerve_right,False,False,True,True,True,True,True,True,change_to_left,0.999088695638396,3.36534428596497,479,6,False,True,
swerve_right,False,True,True,True,True,True,True,True,swerve_left,0.001092079608239,3.39923810958862,480,1,False,False,*
swerve_right,False,True,True,True,True,True,True,True,keep,0.001112132098227,3.39680075645447,480,2,False,False,
swerve_right,False,True,True,True,True,True,True,True,change_to_right,0.002183683552476,3.39924311637878,480,3,False,False,
swerve_right,False,True,True,True,True,True,True,True,cruise,0.011614412605074,3.41261172294617,480,4,False,False,
swerve_right,False,True,True,True,True,True,True,True,swerve_right,0.013917118128909,3.38407850265503,480,5,False,True,
swerve_right,False,True,True,True,True,True,True,True,change_to_left,0.999973185692057,3.42781734466553,480,6,False,True,
change_to_right,False,False,False,False,False,False,False,True,keep,0.500000111048363,3.26995134353638,1,1,True,False,
change_to_right,False,False,False,False,False,False,False,True,swerve_left,0.500000111048363,3.30293440818787,1,1,True,False,
change_to_right,False,False,False,False,False,False,False,True,swerve_right,0.500000111048363,3.27856206893921,1,1,True,False,*
change_to_right,False,False,False,False,False,False,False,True,change_to_left,0.999001221101681,3.28895306587219,1,2,True,True,
change_to_right,False,False,False,False,False,False,False,True,cruise,0.999001221101681,3.29798150062561,1,3,True,True,
change_to_right,False,False,False,False,False,False,False,True,change_to_right,0.999445859065126,3.29329872131348,1,4,True,True,
cruise,False,False,False,False,False,False,False,True,keep,0.500000111048363,3.26081967353821,2,1,True,False,*
cruise,False,False,False,False,False,False,False,True,swerve_left,0.500000111048363,3.25731921195984,2,1,True,False,
cruise,False,False,False,False,False,False,False,True,swerve_right,0.500000111048363,3.26549816131592,2,1,True,False,
cruise,False,False,False,False,False,False,False,True,change_to_left,0.999001221101681,3.30604767799377,2,2,True,True,
cruise,False,False,False,False,False,False,False,True,change_to_right,0.999001221101681,3.28714942932129,2,2,True,True,
cruise,False,False,False,False,False,False,False,True,cruise,0.999445859065126,3.27707314491272,2,3,True,True,
change_to_left,False,False,False,False,False,False,False,True,swerve_right,0.500000111048363,3.29870629310608,3,1,True,False,*
change_to_left,False,False,False,False,False,False,False,True,keep,0.500000111048363,3.33198642730713,3,2,True,False,
change_to_left,False,False,False,False,False,False,False,True,swerve_left,0.500000111048363,3.29051470756531,3,2,True,False,
change_to_left,False,False,False,False,False,False,False,True,change_to_right,0.999001221101681,3.27131485939026,3,3,True,True,
change_to_left,False,False,False,False,False,False,False,True,cruise,0.999001221101681,3.29016065597534,3,3,True,True,
change_to_left,False,False,False,False,False,False,False,True,change_to_left,0.999445859065126,3.28152227401733,3,4,True,True,
change_to_right,False,False,False,False,False,False,True,True,swerve_left,0.000999001470995,3.24858236312866,4,1,True,False,*
change_to_right,False,False,False,False,False,False,True,True,keep,0.000999029934361,3.29431676864624,4,2,True,False,
change_to_right,False,False,False,False,False,False,True,True,swerve_right,0.500000118043082,3.28946256637573,4,3,True,False,
change_to_right,False,False,False,False,False,False,True,True,change_to_left,0.999001214069322,3.26071906089783,4,4,True,True,
change_to_right,False,False,False,False,False,False,True,True,cruise,0.999001214318251,3.24254894256592,4,5,True,True,
change_to_right,False,False,False,False,False,False,True,True,change_to_right,0.999473408174175,3.29310202598572,4,6,True,True,
cruise,False,False,False,False,False,False,True,True,swerve_left,0.000999001471166,3.25457072257996,5,1,True,False,*
cruise,False,False,False,False,False,False,True,True,keep,0.000999029944858,3.31147265434265,5,2,True,False,
cruise,False,False,False,False,False,False,True,True,swerve_right,0.500000118085907,3.29257082939148,5,3,True,False,
cruise,False,False,False,False,False,False,True,True,change_to_left,0.999001214146984,3.2619571685791,5,4,True,True,
cruise,False,False,False,False,False,False,True,True,change_to_right,0.999001214146984,3.29676532745361,5,4,True,True,
cruise,False,False,False,False,False,False,True,True,cruise,0.999473579559549,3.26899838447571,5,5,True,True,
change_to_left,False,False,False,False,False,False,True,True,swerve_left,0.000999001470995,3.25544142723083,6,1,True,False,*
change_to_left,False,False,False,False,False,False,True,True,keep,0.000999029934361,3.28656220436096,6,2,True,False,
change_to_left,False,False,False,False,False,False,True,True,swerve_right,0.500000118043082,3.28369235992432,6,3,True,False,
change_to_left,False,False,False,False,False,False,True,True,change_to_right,0.999001214069322,3.32174849510193,6,4,True,True,
change_to_left,False,False,False,False,False,False,True,True,cruise,0.999001214318251,3.27247190475464,6,5,True,True,
change_to_left,False,False,False,False,False,False,True,True,change_to_left,0.999473408174175,3.28436803817749,6,6,True,True,
change_to_right,False,False,False,False,False,True,False,True,swerve_right,0.500000111048363,3.26750135421753,7,1,True,False,*
change_to_right,False,False,False,False,False,True,False,True,keep,0.500000111048363,3.26855039596558,7,2,True,False,
change_to_right,False,False,False,False,False,True,False,True,swerve_left,0.500000111048363,3.31551432609558,7,2,True,False,
change_to_right,False,False,False,False,False,True,False,True,change_to_left,0.999001221101681,3.25905323028564,7,3,True,True,
change_to_right,False,False,False,False,False,True,False,True,cruise,0.999001221101681,3.31139874458313,7,3,True,True,
change_to_right,False,False,False,False,False,True,False,True,change_to_right,0.999445859065126,3.28328275680542,7,4,True,True,
cruise,False,False,False,False,False,True,False,True,swerve_right,0.500000111048363,3.27915906906128,8,1,True,False,*
cruise,False,False,False,False,False,True,False,True,keep,0.500000111048363,3.25799322128296,8,2,True,False,
cruise,False,False,False,False,False,True,False,True,swerve_left,0.500000111048363,3.33177614212036,8,2,True,False,
cruise,False,False,False,False,False,True,False,True,change_to_left,0.999001221101681,3.30996561050415,8,3,True,True,
cruise,False,False,False,False,False,True,False,True,change_to_right,0.999001221101681,3.27935481071472,8,3,True,True,
cruise,False,False,False,False,False,True,False,True,cruise,0.999445859065126,3.32137989997864,8,4,True,True,
change_to_left,False,False,False,False,False,True,False,True,swerve_left,0.500000111048363,3.29533171653748,9,1,True,False,
change_to_left,False,False,False,False,False,True,False,True,swerve_right,0.500000111048363,3.29429268836975,9,1,True,False,*
change_to_left,False,False,False,False,False,True,False,True,keep,0.500000111048363,3.26273107528687,9,2,True,False,
change_to_left,False,False,False,False,False,True,False,True,change_to_right,0.999001221101681,3.2773597240448,9,3,True,True,
change_to_left,False,False,False,False,False,True,False,True,cruise,0.999001221101681,3.29639983177185,9,3,True,True,
change_to_left,False,False,False,False,False,True,False,True,change_to_left,0.999445859065126,3.30969667434692,9,4,True,True,
change_to_right,False,False,False,False,False,True,True,True,swerve_left,0.000999001914699,3.29023790359497,10,1,True,False,*
change_to_right,False,False,False,False,False,True,True,True,keep,0.000999811188708,3.25840449333191,10,2,True,False,
change_to_right,False,False,False,False,False,True,True,True,swerve_right,0.500000229246392,3.26641440391541,10,3,True,False,
change_to_right,False,False,False,False,False,True,True,True,change_to_left,0.999001030135309,3.29373931884766,10,4,True,True,
change_to_right,False,False,False,False,False,True,True,True,cruise,0.999001048370338,3.27479982376099,10,5,True,True,
change_to_right,False,False,False,False,False,True,True,True,change_to_right,0.999918443596962,3.24707174301147,10,6,True,True,
cruise,False,False,False,False,False,True,True,True,swerve_left,0.000999001931349,3.2883129119873,11,1,True,False,*
cruise,False,False,False,False,False,True,True,True,keep,0.000999825936488,3.32484817504883,11,2,True,False,
cruise,False,False,False,False,False,True,True,True,swerve_right,0.50000023341934,3.31025719642639,11,3,True,False,
cruise,False,False,False,False,False,True,True,True,change_to_left,0.999001030683859,3.29100799560547,11,4,True,True,
cruise,False,False,False,False,False,True,True,True,change_to_right,0.999001031686355,3.26186919212341,11,5,True,True,
cruise,False,False,False,False,False,True,True,True,cruise,0.99993514372653,3.2836320400238,11,6,True,True,
change_to_left,False,False,False,False,False,True,True,True,swerve_left,0.000999001913748,3.26163125038147,12,1,True,False,*
change_to_left,False,False,False,False,False,True,True,True,keep,0.000999810346989,3.30632734298706,12,2,True,False,
change_to_left,False,False,False,False,False,True,True,True,swerve_right,0.500000229008224,3.31709456443787,12,3,True,False,
change_to_left,False,False,False,False,False,True,True,True,change_to_right,0.999001031087552,3.28837490081787,12,4,True,True,
change_to_left,False,False,False,False,False,True,True,True,cruise,0.999001048320085,3.29666924476624,12,5,True,True,
change_to_left,False,False,False,False,False,True,True,True,change_to_left,0.999917490449106,3.28535652160645,12,6,True,True,
change_to_right,False,False,False,False,True,False,False,True,keep,0.500000111048363,3.30219650268555,13,1,True,False,
change_to_right,False,False,False,False,True,False,False,True,swerve_left,0.500000111048363,3.2711923122406,13,1,True,False,*
change_to_right,False,False,False,False,True,False,False,True,swerve_right,0.500000111048363,3.33066320419312,13,1,True,False,
change_to_right,False,False,False,False,True,False,False,True,change_to_left,0.999001221101681,3.29480528831482,13,2,True,True,
change_to_right,False,False,False,False,True,False,False,True,cruise,0.999001221101681,3.28044247627258,13,3,True,True,
change_to_right,False,False,False,False,True,False,False,True,change_to_right,0.999445859065125,3.27745914459229,13,4,True,True,
cruise,False,False,False,False,True,False,False,True,swerve_right,0.500000111048363,3.26121616363525,14,1,True,False,*
cruise,False,False,False,False,True,False,False,True,keep,0.500000111048363,3.29554510116577,14,2,True,False,
cruise,False,False,False,False,True,False,False,True,swerve_left,0.500000111048363,3.27651143074036,14,2,True,False,
cruise,False,False,False,False,True,False,False,True,change_to_left,0.999001221101681,3.26523518562317,14,3,True,True,
cruise,False,False,False,False,True,False,False,True,change_to_right,0.999001221101681,3.31463766098022,14,4,True,True,
cruise,False,False,False,False,True,False,False,True,cruise,0.999445859065126,3.26754307746887,14,5,True,True,
change_to_left,False,False,False,False,True,False,False,True,keep,0.500000111048363,3.28359532356262,15,1,True,False,*
change_to_left,False,False,False,False,True,False,False,True,swerve_left,0.500000111048363,3.29585671424866,15,1,True,False,
change_to_left,False,False,False,False,True,False,False,True,swerve_right,0.500000111048363,3.25952100753784,15,1,True,False,
change_to_left,False,False,False,False,True,False,False,True,cruise,0.999001221101681,3.24685120582581,15,2,True,True,
change_to_left,False,False,False,False,True,False,False,True,change_to_right,0.999001221101681,3.26443815231323,15,3,True,True,
change_to_left,False,False,False,False,True,False,False,True,change_to_left,0.999445859065126,3.23910403251648,15,4,True,True,
change_to_right,False,False,False,False,True,False,True,True,swerve_left,0.000999001460602,3.29174518585205,16,1,True,False,*
change_to_right,False,False,False,False,True,False,True,True,keep,0.00099902084235,3.25161480903625,16,2,True,False,
change_to_right,False,False,False,False,True,False,True,True,swerve_right,0.500000115438528,3.25971865653992,16,3,True,False,
change_to_right,False,False,False,False,True,False,True,True,cruise,0.999001214681625,3.28730583190918,16,4,True,True,
change_to_right,False,False,False,False,True,False,True,True,change_to_left,0.999001219332074,3.31420469284058,16,5,True,True,
change_to_right,False,False,False,False,True,False,True,True,change_to_right,0.999462984755423,3.25247740745544,16,6,True,True,
cruise,False,False,False,False,True,False,True,True,swerve_left,0.000999001462218,3.27108144760132,17,1,True,False,*
cruise,False,False,False,False,True,False,True,True,keep,0.00099902091193,3.27615857124329,17,2,True,False,
cruise,False,False,False,False,True,False,True,True,swerve_right,0.500000115843331,3.25061535835266,17,3,True,False,
cruise,False,False,False,False,True,False,True,True,change_to_right,0.999001213062704,3.2830662727356,17,4,True,True,
cruise,False,False,False,False,True,False,True,True,change_to_left,0.999001220101195,3.33789110183716,17,5,True,True,
cruise,False,False,False,False,True,False,True,True,cruise,0.999464604774771,3.2962498664856,17,6,True,True,
change_to_left,False,False,False,False,True,False,True,True,swerve_left,0.000999001465396,3.27886843681335,18,1,True,False,*
change_to_left,False,False,False,False,True,False,True,True,keep,0.00099902104884,3.24393606185913,18,2,True,False,
change_to_left,False,False,False,False,True,False,True,True,swerve_right,0.500000116639847,3.26734209060669,18,3,True,False,
change_to_left,False,False,False,False,True,False,True,True,change_to_right,0.999001214527681,3.26408863067627,18,4,True,True,
change_to_left,False,False,False,False,True,False,True,True,cruise,0.999001216915724,3.2879946231842,18,5,True,True,
change_to_left,False,False,False,False,True,False,True,True,change_to_left,0.999467792430009,3.27440929412842,18,6,True,True,
change_to_right,False,False,False,False,True,True,False,True,swerve_left,0.500000111048363,3.293044090271,19,1,True,False,
change_to_right,False,False,False,False,True,True,False,True,swerve_right,0.500000111048363,3.31486296653748,19,1,True,False,*
change_to_right,False,False,False,False,True,True,False,True,keep,0.500000111048363,3.32601118087769,19,2,True,False,
change_to_right,False,False,False,False,True,True,False,True,change_to_left,0.999001221101681,3.28300452232361,19,3,True,True,
change_to_right,False,False,False,False,True,True,False,True,cruise,0.999001221101681,3.29226493835449,19,3,True,True,
change_to_right,False,False,False,False,True,True,False,True,change_to_right,0.999445859065126,3.27256155014038,19,4,True,True,
cruise,False,False,False,False,True,True,False,True,keep,0.500000111048363,3.30559349060059,20,1,True,False,
cruise,False,False,False,False,True,True,False,True,swerve_left,0.500000111048363,3.29029750823975,20,1,True,False,
cruise,False,False,False,False,True,True,False,True,swerve_right,0.500000111048363,3.30972290039062,20,1,True,False,*
cruise,False,False,False,False,True,True,False,True,change_to_left,0.999001221101681,3.26638007164001,20,2,True,True,
cruise,False,False,False,False,True,True,False,True,change_to_right,0.999001221101681,3.32538366317749,20,2,True,True,
cruise,False,False,False,False,True,True,False,True,cruise,0.999445859065126,3.25042200088501,20,3,True,True,
change_to_left,False,False,False,False,True,True,False,True,keep,0.500000111048363,3.27546310424805,21,1,True,False,
change_to_left,False,False,False,False,True,True,False,True,swerve_left,0.500000111048363,3.28590559959412,21,1,True,False,
change_to_left,False,False,False,False,True,True,False,True,swerve_right,0.500000111048363,3.27547574043274,21,1,True,False,*
change_to_left,False,False,False,False,True,True,False,True,change_to_right,0.999001221101681,3.28160643577576,21,2,True,True,
change_to_left,False,False,False,False,True,True,False,True,cruise,0.999001221101681,3.24414944648743,21,2,True,True,
change_to_left,False,False,False,False,True,True,False,True,change_to_left,0.999445859065126,3.2588255405426,21,3,True,True,
cruise,False,False,False,False,True,True,True,True,swerve_left,0.000999001102881,3.26287364959717,22,1,True,False,*
cruise,False,False,False,False,True,True,True,True,keep,0.000999624092304,3.28497529029846,22,2,True,False,
cruise,False,False,False,False,True,True,True,True,swerve_right,0.500000212445629,3.2891526222229,22,3,True,False,
cruise,False,False,False,False,True,True,True,True,change_to_right,0.999001070591854,3.30366635322571,22,4,True,True,
cruise,False,False,False,False,True,True,True,True,change_to_left,0.999001071709616,3.24915266036987,22,5,True,True,
cruise,False,False,False,False,True,True,True,True,cruise,0.99985035804873,3.25430202484131,22,6,True,True,
change_to_right,False,False,False,False,True,True,True,True,swerve_left,0.000999001099146,3.29194521903992,23,1,True,False,*
change_to_right,False,False,False,False,True,True,True,True,keep,0.000999601470846,3.29094886779785,23,2,True,False,
change_to_right,False,False,False,False,True,True,True,True,swerve_right,0.500000204732759,3.27397274971008,23,3,True,False,
change_to_right,False,False,False,False,True,True,True,True,change_to_left,0.999001069106188,3.26989889144897,23,4,True,True,
change_to_right,False,False,False,False,True,True,True,True,cruise,0.999001101399521,3.28347897529602,23,5,True,True,
change_to_right,False,False,False,False,True,True,True,True,change_to_right,0.999819521979324,3.27583527565002,23,6,True,True,
change_to_left,False,False,False,False,True,True,True,True,swerve_left,0.000999001099266,3.28510522842407,24,1,True,False,*
change_to_left,False,False,False,False,True,True,True,True,keep,0.000999602201032,3.26884651184082,24,2,True,False,
change_to_left,False,False,False,False,True,True,True,True,swerve_right,0.500000204981718,3.28218078613281,24,3,True,False,
change_to_left,False,False,False,False,True,True,True,True,change_to_right,0.999001068111731,3.26001381874084,24,4,True,True,
change_to_left,False,False,False,False,True,True,True,True,cruise,0.999001101522825,3.30455541610718,24,5,True,True,
change_to_left,False,False,False,False,True,True,True,True,change_to_left,0.999820517320093,3.28868937492371,24,6,True,True,
change_to_right,False,False,False,True,False,False,False,True,cruise,0.500000124872668,3.30253458023071,25,1,True,False,*
change_to_right,False,False,False,True,False,False,False,True,keep,0.500000124872668,3.26183724403381,25,1,True,False,
change_to_right,False,False,False,True,False,False,False,True,swerve_right,0.500000124872668,3.24450588226318,25,1,True,False,
change_to_right,False,False,False,True,False,False,False,True,swerve_left,0.500000124872668,3.26471543312073,25,2,True,False,
change_to_right,False,False,False,True,False,False,False,True,change_to_left,0.999001495776007,3.27124238014221,25,3,True,True,
change_to_right,False,False,False,True,False,False,False,True,change_to_right,0.999501738170024,3.2504780292511,25,4,True,True,
change_to_left,False,False,False,True,False,False,False,True,cruise,0.500000124872668,3.28318047523499,26,1,True,False,
change_to_left,False,False,False,True,False,False,False,True,swerve_left,0.500000124872668,3.26880764961243,26,1,True,False,
change_to_left,False,False,False,True,False,False,False,True,swerve_right,0.500000124872668,3.23260760307312,26,1,True,False,*
change_to_left,False,False,False,True,False,False,False,True,keep,0.500000124872668,3.28997492790222,26,2,True,False,
change_to_left,False,False,False,True,False,False,False,True,change_to_right,0.999001495776007,3.2331531047821,26,3,True,True,
change_to_left,False,False,False,True,False,False,False,True,change_to_left,0.999501738170024,3.27025246620178,26,4,True,True,
change_to_right,False,False,False,True,False,False,True,True,keep,0.00099900109301,3.28411388397217,27,1,True,False,*
change_to_right,False,False,False,True,False,False,True,True,swerve_left,0.00099900109301,3.2588677406311,27,2,True,False,
change_to_right,False,False,False,True,False,False,True,True,cruise,0.000999163065195,3.26648950576782,27,3,True,False,
change_to_right,False,False,False,True,False,False,True,True,swerve_right,0.50000015723047,3.31091332435608,27,4,True,False,
change_to_right,False,False,False,True,False,False,True,True,change_to_left,0.999001369265497,3.33362698554993,27,5,True,True,
change_to_right,False,False,False,True,False,False,True,True,change_to_right,0.999629607731719,3.25725960731506,27,6,True,True,
change_to_left,False,False,False,True,False,False,True,True,keep,0.000999001093032,3.27056264877319,28,1,True,False,*
change_to_left,False,False,False,True,False,False,True,True,swerve_left,0.000999001093032,3.25660467147827,28,1,True,False,
change_to_left,False,False,False,True,False,False,True,True,cruise,0.000999163103308,3.26445174217224,28,2,True,False,
change_to_left,False,False,False,True,False,False,True,True,swerve_right,0.500000157267446,3.27559447288513,28,3,True,False,
change_to_left,False,False,False,True,False,False,True,True,change_to_right,0.999001369117815,3.29366588592529,28,4,True,True,
change_to_left,False,False,False,True,False,False,True,True,change_to_left,0.999629755561833,3.26859164237976,28,5,True,True,
change_to_right,False,False,False,True,False,True,False,True,cruise,0.500000124872668,3.23736357688904,29,1,True,False,*
change_to_right,False,False,False,True,False,True,False,True,keep,0.500000124872668,3.28253126144409,29,1,True,False,
change_to_right,False,False,False,True,False,True,False,True,swerve_left,0.500000124872668,3.25584149360657,29,1,True,False,
change_to_right,False,False,False,True,False,True,False,True,swerve_right,0.500000124872668,3.28824734687805,29,1,True,False,
change_to_right,False,False,False,True,False,True,False,True,change_to_left,0.999001495776007,3.24376606941223,29,2,True,True,
change_to_right,False,False,False,True,False,True,False,True,change_to_right,0.999501738170024,3.27395558357239,29,3,True,True,
change_to_left,False,False,False,True,False,True,False,True,cruise,0.500000124872668,3.25283598899841,30,1,True,False,
change_to_left,False,False,False,True,False,True,False,True,keep,0.500000124872668,3.28003358840942,30,1,True,False,*
change_to_left,False,False,False,True,False,True,False,True,swerve_left,0.500000124872668,3.2558445930481,30,1,True,False,
change_to_left,False,False,False,True,False,True,False,True,swerve_right,0.500000124872668,3.27516794204712,30,1,True,False,
change_to_left,False,False,False,True,False,True,False,True,change_to_right,0.999001495776007,3.28228640556335,30,2,True,True,
change_to_left,False,False,False,True,False,True,False,True,change_to_left,0.999501738170024,3.26148915290833,30,3,True,True,
change_to_right,False,False,False,True,False,True,True,True,keep,0.000999001635548,3.29925584793091,31,1,True,False,*
change_to_right,False,False,False,True,False,True,True,True,swerve_left,0.000999001817133,3.40848875045776,31,2,True,False,
change_to_right,False,False,False,True,False,True,True,True,cruise,0.000999609562977,3.23480367660522,31,3,True,False,
change_to_right,False,False,False,True,False,True,True,True,swerve_right,0.500000212701383,3.378253698349,31,4,True,False,
change_to_right,False,False,False,True,False,True,True,True,change_to_left,0.999001147256249,3.26292133331299,31,5,True,True,
change_to_right,False,False,False,True,False,True,True,True,change_to_right,0.999851380555139,3.27144312858582,31,6,True,True,
change_to_left,False,False,False,True,False,True,True,True,keep,0.000999001646025,3.36655497550964,32,1,True,False,*
change_to_left,False,False,False,True,False,True,True,True,swerve_left,0.000999001830603,3.40176749229431,32,2,True,False,
change_to_left,False,False,False,True,False,True,True,True,cruise,0.000999619595337,3.40510439872742,32,3,True,False,
change_to_left,False,False,False,True,False,True,True,True,swerve_right,0.500000216207835,3.37973093986511,32,4,True,False,
change_to_left,False,False,False,True,False,True,True,True,change_to_right,0.999001133251448,3.36004424095154,32,5,True,True,
change_to_left,False,False,False,True,False,True,True,True,change_to_left,0.999865399357904,3.44063258171082,32,6,True,True,
change_to_right,False,False,False,True,True,False,False,True,cruise,0.500000124872668,3.4126181602478,33,1,True,False,*
change_to_right,False,False,False,True,True,False,False,True,keep,0.500000124872668,3.37659049034119,33,1,True,False,
change_to_right,False,False,False,True,True,False,False,True,swerve_right,0.500000124872668,3.35604643821716,33,1,True,False,
change_to_right,False,False,False,True,True,False,False,True,swerve_left,0.500000124872668,3.39555835723877,33,2,True,False,
change_to_right,False,False,False,True,True,False,False,True,change_to_left,0.999001495776007,3.42259311676025,33,3,True,True,
change_to_right,False,False,False,True,True,False,False,True,change_to_right,0.999501738170024,3.38639044761658,33,4,True,True,
change_to_left,False,False,False,True,True,False,False,True,cruise,0.500000124872668,3.41050148010254,34,1,True,False,*
change_to_left,False,False,False,True,True,False,False,True,swerve_left,0.500000124872668,3.40969562530518,34,1,True,False,
change_to_left,False,False,False,True,True,False,False,True,keep,0.500000124872668,3.38579821586609,34,2,True,False,
change_to_left,False,False,False,True,True,False,False,True,swerve_right,0.500000124872668,3.37851214408875,34,2,True,False,
change_to_left,False,False,False,True,True,False,False,True,change_to_right,0.999001495776007,3.36763954162598,34,3,True,True,
change_to_left,False,False,False,True,True,False,False,True,change_to_left,0.999501738170024,3.40549373626709,34,4,True,True,
change_to_right,False,False,False,True,True,False,True,True,keep,0.000999001761094,3.37468385696411,35,1,True,False,
change_to_right,False,False,False,True,True,False,True,True,swerve_left,0.000999001761094,3.41285800933838,35,1,True,False,*
change_to_right,False,False,False,True,True,False,True,True,cruise,0.000999419242404,3.40238618850708,35,2,True,False,
change_to_right,False,False,False,True,True,False,True,True,swerve_right,0.500000190749177,3.41076803207397,35,3,True,False,
change_to_right,False,False,False,True,True,False,True,True,change_to_left,0.999001233579136,3.38540482521057,35,4,True,True,
change_to_right,False,False,False,True,True,False,True,True,change_to_right,0.99976514003807,3.37518930435181,35,5,True,True,
change_to_left,False,False,False,True,True,False,True,True,keep,0.00099900178024,3.43074822425842,36,1,True,False,*
change_to_left,False,False,False,True,True,False,True,True,swerve_left,0.00099900178024,3.3863959312439,36,2,True,False,
change_to_left,False,False,False,True,True,False,True,True,cruise,0.000999429763709,3.38037586212158,36,3,True,False,
change_to_left,False,False,False,True,True,False,True,True,swerve_right,0.500000195547663,3.42781233787537,36,4,True,False,
change_to_left,False,False,False,True,True,False,True,True,change_to_right,0.999001214375634,3.41460871696472,36,5,True,True,
change_to_left,False,False,False,True,True,False,True,True,change_to_left,0.999784362743215,3.3765754699707,36,6,True,True,
change_to_right,False,False,False,True,True,True,False,True,cruise,0.500000124872668,3.36696147918701,37,1,True,False,*
change_to_right,False,False,False,True,True,True,False,True,keep,0.500000124872668,3.42543315887451,37,1,True,False,
change_to_right,False,False,False,True,True,True,False,True,swerve_left,0.500000124872668,3.38420391082764,37,1,True,False,
change_to_right,False,False,False,True,True,True,False,True,swerve_right,0.500000124872668,3.41822361946106,37,2,True,False,
change_to_right,False,False,False,True,True,True,False,True,change_to_left,0.999001495776007,3.35512113571167,37,3,True,True,
change_to_right,False,False,False,True,True,True,False,True,change_to_right,0.999501738170024,3.40041637420654,37,4,True,True,
change_to_left,False,False,False,True,True,True,False,True,cruise,0.500000124872668,3.36818909645081,38,1,True,False,
change_to_left,False,False,False,True,True,True,False,True,keep,0.500000124872668,3.41938948631287,38,1,True,False,
change_to_left,False,False,False,True,True,True,False,True,swerve_left,0.500000124872668,3.35681867599487,38,1,True,False,
change_to_left,False,False,False,True,True,True,False,True,swerve_right,0.500000124872668,3.410480260849,38,1,True,False,*
change_to_left,False,False,False,True,True,True,False,True,change_to_right,0.999001495776007,3.39036297798157,38,2,True,True,
change_to_left,False,False,False,True,True,True,False,True,change_to_left,0.999501738170024,3.37891268730164,38,3,True,True,
change_to_right,False,False,False,True,True,True,True,True,swerve_left,0.000999002325463,3.37174081802368,39,1,True,False,*
change_to_right,False,False,False,True,True,True,True,True,keep,0.000999002887782,3.39326405525208,39,2,True,False,
change_to_right,False,False,False,True,True,True,True,True,cruise,0.00099961219805,3.36625909805298,39,3,True,False,
change_to_right,False,False,False,True,True,True,True,True,swerve_right,0.500000211406419,3.41115856170654,39,4,True,False,
change_to_right,False,False,False,True,True,True,True,True,change_to_left,0.999001152418783,3.3656861782074,39,5,True,True,
change_to_right,False,False,False,True,True,True,True,True,change_to_right,0.999846203284146,3.37845349311829,39,6,True,True,
change_to_left,False,False,False,True,True,True,True,True,swerve_left,0.000999002378668,3.42483329772949,40,1,True,False,*
change_to_left,False,False,False,True,True,True,True,True,keep,0.000999002963559,3.35628175735474,40,2,True,False,
change_to_left,False,False,False,True,True,True,True,True,cruise,0.000999636731974,3.40129947662354,40,3,True,False,
change_to_left,False,False,False,True,True,True,True,True,swerve_right,0.500000219892422,3.36049151420593,40,4,True,False,
change_to_left,False,False,False,True,True,True,True,True,change_to_right,0.999001118525609,3.38433074951172,40,5,True,True,
change_to_left,False,False,False,True,True,True,True,True,change_to_left,0.999880130343764,3.40938949584961,40,6,True,True,
change_to_right,False,False,True,False,False,False,False,True,keep,0.000999001443306,3.36496472358704,41,1,True,False,*
change_to_right,False,False,True,False,False,False,False,True,swerve_left,0.500000111103663,3.40322494506836,41,2,True,False,
change_to_right,False,False,True,False,False,False,False,True,swerve_right,0.500000111103663,3.37548303604126,41,2,True,False,
change_to_right,False,False,True,False,False,False,False,True,change_to_left,0.999001221211785,3.41212558746338,41,3,True,True,
change_to_right,False,False,True,False,False,False,False,True,cruise,0.999001221211785,3.42254281044006,41,3,True,True,
change_to_right,False,False,True,False,False,False,False,True,change_to_right,0.999446080595324,3.37823581695557,41,4,True,True,
cruise,False,False,True,False,False,False,False,True,keep,0.000999001443306,3.40998506546021,42,1,True,False,*
cruise,False,False,True,False,False,False,False,True,swerve_right,0.500000111103663,3.3658492565155,42,2,True,False,
cruise,False,False,True,False,False,False,False,True,swerve_left,0.500000111103663,3.40119457244873,42,3,True,False,
cruise,False,False,True,False,False,False,False,True,change_to_left,0.999001221211785,3.41214799880981,42,4,True,True,
cruise,False,False,True,False,False,False,False,True,change_to_right,0.999001221211785,3.37578964233398,42,4,True,True,
cruise,False,False,True,False,False,False,False,True,cruise,0.999446080595324,3.39679908752441,42,5,True,True,
change_to_left,False,False,True,False,False,False,False,True,keep,0.000999001443306,3.37507963180542,43,1,True,False,*
change_to_left,False,False,True,False,False,False,False,True,swerve_left,0.500000111103663,3.38964748382568,43,2,True,False,
change_to_left,False,False,True,False,False,False,False,True,swerve_right,0.500000111103663,3.42664551734924,43,3,True,False,
change_to_left,False,False,True,False,False,False,False,True,cruise,0.999001221211785,3.39681077003479,43,4,True,True,
change_to_left,False,False,True,False,False,False,False,True,change_to_right,0.999001221211785,3.40344452857971,43,5,True,True,
change_to_left,False,False,True,False,False,False,False,True,change_to_left,0.999446080595324,3.39844632148743,43,6,True,True,
change_to_right,False,False,True,False,False,False,True,True,swerve_left,0.000999001448547,3.3770604133606,44,1,True,False,*
change_to_right,False,False,True,False,False,False,True,True,keep,0.000999006085076,3.41312313079834,44,2,True,False,
change_to_right,False,False,True,False,False,False,True,True,swerve_right,0.500000112417003,3.39967322349548,44,3,True,False,
change_to_right,False,False,True,False,False,False,True,True,change_to_left,0.999001220156608,3.35396909713745,44,4,True,True,
change_to_right,False,False,True,False,False,False,True,True,cruise,0.999001220156608,3.3659188747406,44,5,True,True,
change_to_right,False,False,True,False,False,False,True,True,change_to_right,0.999450892619052,3.41841411590576,44,6,True,True,
cruise,False,False,True,False,False,False,True,True,swerve_left,0.000999001448547,3.35685968399048,45,1,True,False,*
cruise,False,False,True,False,False,False,True,True,keep,0.000999006085076,3.40843462944031,45,2,True,False,
cruise,False,False,True,False,False,False,True,True,swerve_right,0.500000112417003,3.41174578666687,45,3,True,False,
cruise,False,False,True,False,False,False,True,True,change_to_left,0.999001220156608,3.34768223762512,45,4,True,True,
cruise,False,False,True,False,False,False,True,True,change_to_right,0.999001220156608,3.3931999206543,45,4,True,True,
cruise,False,False,True,False,False,False,True,True,cruise,0.999450892619052,3.36465191841125,45,5,True,True,
change_to_left,False,False,True,False,False,False,True,True,swerve_left,0.000999001448547,3.38481259346008,46,1,True,False,*
change_to_left,False,False,True,False,False,False,True,True,keep,0.000999006085076,3.4075756072998,46,2,True,False,
change_to_left,False,False,True,False,False,False,True,True,swerve_right,0.500000112417003,3.38486289978027,46,3,True,False,
change_to_left,False,False,True,False,False,False,True,True,change_to_right,0.999001220156608,3.45120549201965,46,4,True,True,
change_to_left,False,False,True,False,False,False,True,True,cruise,0.999001220156608,3.40535449981689,46,4,True,True,
change_to_left,False,False,True,False,False,False,True,True,change_to_left,0.999450892619052,3.3748676776886,46,5,True,True,
change_to_right,False,False,True,False,False,True,False,True,keep,0.0009990014436,3.39904427528381,47,1,True,False,*
change_to_right,False,False,True,False,False,True,False,True,swerve_left,0.500000111177282,3.38868355751038,47,2,True,False,
change_to_right,False,False,True,False,False,True,False,True,swerve_right,0.500000111177282,3.39448976516724,47,2,True,False,
change_to_right,False,False,True,False,False,True,False,True,change_to_left,0.999001221137677,3.36005544662476,47,3,True,True,
change_to_right,False,False,True,False,False,True,False,True,cruise,0.999001221137677,3.36103224754333,47,3,True,True,
change_to_right,False,False,True,False,False,True,False,True,change_to_right,0.999446375515167,3.40012812614441,47,4,True,True,
cruise,False,False,True,False,False,True,False,True,keep,0.00099900144316,3.37589263916016,48,1,True,False,*
cruise,False,False,True,False,False,True,False,True,swerve_right,0.500000111066835,3.37019467353821,48,2,True,False,
cruise,False,False,True,False,False,True,False,True,swerve_left,0.500000111066835,3.42185187339783,48,3,True,False,
cruise,False,False,True,False,False,True,False,True,change_to_left,0.99900122091799,3.41165804862976,48,4,True,True,
cruise,False,False,True,False,False,True,False,True,change_to_right,0.999001221579834,3.37221026420593,48,5,True,True,
cruise,False,False,True,False,False,True,False,True,cruise,0.999445933062242,3.42437601089478,48,6,True,True,
change_to_left,False,False,True,False,False,True,False,True,keep,0.00099900144316,3.37101984024048,49,1,True,False,*
change_to_left,False,False,True,False,False,True,False,True,swerve_left,0.500000111066835,3.40184378623962,49,2,True,False,
change_to_left,False,False,True,False,False,True,False,True,swerve_right,0.500000111066835,3.37337779998779,49,2,True,False,
change_to_left,False,False,True,False,False,True,False,True,cruise,0.99900122091799,3.41867136955261,49,3,True,True,
change_to_left,False,False,True,False,False,True,False,True,change_to_right,0.999001221579834,3.36692476272583,49,4,True,True,
change_to_left,False,False,True,False,False,True,False,True,change_to_left,0.999445933062242,3.40936660766602,49,5,True,True,
change_to_right,False,False,True,False,False,True,True,True,swerve_left,0.000999001819687,3.42148351669312,50,1,True,False,*
change_to_right,False,False,True,False,False,True,True,True,keep,0.000999590922236,3.38231468200684,50,2,True,False,
change_to_right,False,False,True,False,False,True,True,True,swerve_right,0.500000205434128,3.42073178291321,50,3,True,False,
change_to_right,False,False,True,False,False,True,True,True,change_to_left,0.999001064921503,3.40464091300964,50,4,True,True,
change_to_right,False,False,True,False,False,True,True,True,cruise,0.999001102449439,3.38508009910583,50,5,True,True,
change_to_right,False,False,True,False,False,True,True,True,change_to_right,0.999823146962005,3.37792706489563,50,6,True,True,
cruise,False,False,True,False,False,True,True,True,swerve_left,0.000999001833354,3.38533449172974,51,1,True,False,*
cruise,False,False,True,False,False,True,True,True,keep,0.000999600757901,3.3849184513092,51,2,True,False,
cruise,False,False,True,False,False,True,True,True,swerve_right,0.500000208859293,3.35865902900696,51,3,True,False,
cruise,False,False,True,False,False,True,True,True,change_to_left,0.999001066003928,3.44663882255554,51,4,True,True,
cruise,False,False,True,False,False,True,True,True,change_to_right,0.999001088754624,3.36269855499268,51,5,True,True,
cruise,False,False,True,False,False,True,True,True,cruise,0.999836854466605,3.40867018699646,51,6,True,True,
change_to_left,False,False,True,False,False,True,True,True,swerve_left,0.000999001799502,3.36060929298401,52,1,True,False,*
change_to_left,False,False,True,False,False,True,True,True,keep,0.000999576395095,3.43335723876953,52,2,True,False,
change_to_left,False,False,True,False,False,True,True,True,swerve_right,0.500000200375205,3.40017032623291,52,3,True,False,
change_to_left,False,False,True,False,False,True,True,True,change_to_right,0.999001085149317,3.42813277244568,52,4,True,True,
change_to_left,False,False,True,False,False,True,True,True,cruise,0.999001099926568,3.38245749473572,52,5,True,True,
change_to_left,False,False,True,False,False,True,True,True,change_to_left,0.999802901165704,3.43064785003662,52,6,True,True,
change_to_right,False,False,True,False,True,False,False,True,keep,0.000999001443306,3.43091225624084,53,1,True,False,*
change_to_right,False,False,True,False,True,False,False,True,swerve_left,0.500000111103663,3.3667004108429,53,2,True,False,
change_to_right,False,False,True,False,True,False,False,True,swerve_right,0.500000111103663,3.40174102783203,53,2,True,False,
change_to_right,False,False,True,False,True,False,False,True,change_to_left,0.999001221211785,3.35754680633545,53,3,True,True,
change_to_right,False,False,True,False,True,False,False,True,cruise,0.999001221211785,3.35728573799133,53,3,True,True,
change_to_right,False,False,True,False,True,False,False,True,change_to_right,0.999446080595324,3.42491292953491,53,4,True,True,
cruise,False,False,True,False,True,False,False,True,keep,0.000999001443306,3.40999913215637,54,1,True,False,*
cruise,False,False,True,False,True,False,False,True,swerve_left,0.500000111103663,3.39542174339294,54,2,True,False,
cruise,False,False,True,False,True,False,False,True,swerve_right,0.500000111103663,3.39456391334534,54,2,True,False,
cruise,False,False,True,False,True,False,False,True,change_to_left,0.999001221211785,3.35988593101501,54,3,True,True,
cruise,False,False,True,False,True,False,False,True,change_to_right,0.999001221211785,3.40995621681213,54,3,True,True,
cruise,False,False,True,False,True,False,False,True,cruise,0.999446080595324,3.37842607498169,54,4,True,True,
change_to_left,False,False,True,False,True,False,False,True,keep,0.000999001443306,3.39026522636414,55,1,True,False,*
change_to_left,False,False,True,False,True,False,False,True,swerve_right,0.500000111103663,3.4208390712738,55,2,True,False,
change_to_left,False,False,True,False,True,False,False,True,swerve_left,0.500000111103663,3.36884689331055,55,3,True,False,
change_to_left,False,False,True,False,True,False,False,True,change_to_right,0.999001221211785,3.37766146659851,55,4,True,True,
change_to_left,False,False,True,False,True,False,False,True,cruise,0.999001221211785,3.37686586380005,55,5,True,True,
change_to_left,False,False,True,False,True,False,False,True,change_to_left,0.999446080595324,3.37300968170166,55,6,True,True,
change_to_right,False,False,True,False,True,False,True,True,keep,0.000999001118274,3.38895559310913,56,1,True,False,*
change_to_right,False,False,True,False,True,False,True,True,swerve_left,0.000999001443647,3.406977891922,56,2,True,False,
change_to_right,False,False,True,False,True,False,True,True,swerve_right,0.500000111189111,3.36324453353882,56,3,True,False,
change_to_right,False,False,True,False,True,False,True,True,change_to_left,0.999001221403261,3.42699909210205,56,4,True,True,
change_to_right,False,False,True,False,True,False,True,True,cruise,0.999001221403261,3.44328188896179,56,4,True,True,
change_to_right,False,False,True,False,True,False,True,True,change_to_right,0.999445978597804,3.35837030410767,56,5,True,True,
cruise,False,False,True,False,True,False,True,True,keep,0.000999001118274,3.3712432384491,57,1,True,False,*
cruise,False,False,True,False,True,False,True,True,swerve_left,0.000999001443647,3.42337322235107,57,2,True,False,
cruise,False,False,True,False,True,False,True,True,swerve_right,0.500000111189111,3.34738111495972,57,3,True,False,
cruise,False,False,True,False,True,False,True,True,change_to_left,0.999001221403261,3.41851735115051,57,4,True,True,
cruise,False,False,True,False,True,False,True,True,change_to_right,0.999001221403261,3.38297080993652,57,4,True,True,
cruise,False,False,True,False,True,False,True,True,cruise,0.999445978597804,3.42392349243164,57,5,True,True,
change_to_left,False,False,True,False,True,False,True,True,keep,0.000999001118274,3.37569379806519,58,1,True,False,*
change_to_left,False,False,True,False,True,False,True,True,swerve_left,0.000999001443647,3.40673589706421,58,2,True,False,
change_to_left,False,False,True,False,True,False,True,True,swerve_right,0.500000111189111,3.37453150749207,58,3,True,False,
change_to_left,False,False,True,False,True,False,True,True,change_to_right,0.999001221403261,3.36210989952087,58,4,True,True,
change_to_left,False,False,True,False,True,False,True,True,cruise,0.999001221403261,3.42032790184021,58,5,True,True,
change_to_left,False,False,True,False,True,False,True,True,change_to_left,0.999445978597805,3.39466667175293,58,6,True,True,
change_to_right,False,False,True,False,True,True,False,True,keep,0.000999001650181,3.36618733406067,59,1,True,False,*
change_to_right,False,False,True,False,True,True,False,True,swerve_left,0.500000111266191,3.39940476417542,59,2,True,False,
change_to_right,False,False,True,False,True,True,False,True,swerve_right,0.500000111266191,3.36324596405029,59,3,True,False,
change_to_right,False,False,True,False,True,True,False,True,change_to_left,0.999001221159422,3.40103244781494,59,4,True,True,
change_to_right,False,False,True,False,True,True,False,True,cruise,0.999001221159422,3.39810156822205,59,4,True,True,
change_to_right,False,False,True,False,True,True,False,True,change_to_right,0.999446287071425,3.36657118797302,59,5,True,True,
cruise,False,False,True,False,True,True,False,True,keep,0.000999001650181,3.42680239677429,60,1,True,False,*
cruise,False,False,True,False,True,True,False,True,swerve_left,0.500000111266191,3.37060523033142,60,2,True,False,
cruise,False,False,True,False,True,True,False,True,swerve_right,0.500000111266191,3.4213752746582,60,2,True,False,
cruise,False,False,True,False,True,True,False,True,change_to_left,0.999001221159422,3.39800524711609,60,3,True,True,
cruise,False,False,True,False,True,True,False,True,change_to_right,0.999001221159422,3.45411920547485,60,3,True,True,
cruise,False,False,True,False,True,True,False,True,cruise,0.999446287071425,3.37135100364685,60,4,True,True,
change_to_left,False,False,True,False,True,True,False,True,keep,0.000999001650181,3.45207595825195,61,1,True,False,*
change_to_left,False,False,True,False,True,True,False,True,swerve_left,0.500000111266191,3.39751100540161,61,2,True,False,
change_to_left,False,False,True,False,True,True,False,True,swerve_right,0.500000111266191,3.41361260414124,61,2,True,False,
change_to_left,False,False,True,False,True,True,False,True,change_to_right,0.999001221159422,3.47558975219727,61,3,True,True,
change_to_left,False,False,True,False,True,True,False,True,cruise,0.999001221159422,3.38935303688049,61,4,True,True,
change_to_left,False,False,True,False,True,True,False,True,change_to_left,0.999446287071426,3.38633108139038,61,5,True,True,
change_to_right,False,False,True,False,True,True,True,True,swerve_left,0.000999001683711,3.42753577232361,62,1,True,False,*
change_to_right,False,False,True,False,True,True,True,True,keep,0.000999343674556,3.42471957206726,62,2,True,False,
change_to_right,False,False,True,False,True,True,True,True,swerve_right,0.500000171355042,3.43995451927185,62,3,True,False,
change_to_right,False,False,True,False,True,True,True,True,change_to_left,0.999001114774663,3.37780618667603,62,4,True,True,
change_to_right,False,False,True,False,True,True,True,True,cruise,0.99900116891783,3.40283632278442,62,5,True,True,
change_to_right,False,False,True,False,True,True,True,True,change_to_right,0.99968672320911,3.41892576217651,62,6,True,True,
cruise,False,False,True,False,True,True,True,True,swerve_left,0.000999001718798,3.39081192016602,63,1,True,False,*
cruise,False,False,True,False,True,True,True,True,keep,0.000999361260031,3.39706230163574,63,2,True,False,
cruise,False,False,True,False,True,True,True,True,swerve_right,0.500000180148691,3.4095356464386,63,3,True,False,
cruise,False,False,True,False,True,True,True,True,change_to_left,0.999001120664703,3.38850712776184,63,4,True,True,
cruise,False,False,True,False,True,True,True,True,change_to_right,0.999001133757802,3.40558123588562,63,5,True,True,
cruise,False,False,True,False,True,True,True,True,cruise,0.999721913357004,3.38412809371948,63,6,True,True,
change_to_left,False,False,True,False,True,True,True,True,swerve_left,0.00099900167323,3.40467286109924,64,1,True,False,*
change_to_left,False,False,True,False,True,True,True,True,keep,0.000999338421415,3.40420007705688,64,2,True,False,
change_to_left,False,False,True,False,True,True,True,True,swerve_right,0.500000168728199,3.36400771141052,64,3,True,False,
change_to_left,False,False,True,False,True,True,True,True,change_to_right,0.999001125278251,3.38095307350159,64,4,True,True,
change_to_left,False,False,True,False,True,True,True,True,cruise,0.999001166328349,3.42834520339966,64,5,True,True,
change_to_left,False,False,True,False,True,True,True,True,change_to_left,0.999676211192281,3.43931651115417,64,6,True,True,
change_to_right,False,False,True,True,False,False,False,True,cruise,0.000999001498888,3.42887687683105,65,1,True,False,*
change_to_right,False,False,True,True,False,False,False,True,keep,0.500000125033724,3.37514114379883,65,2,True,False,
change_to_right,False,False,True,True,False,False,False,True,swerve_left,0.500000125033724,3.42435455322266,65,2,True,False,
change_to_right,False,False,True,True,False,False,False,True,swerve_right,0.500000125033724,3.40800070762634,65,2,True,False,
change_to_right,False,False,True,True,False,False,False,True,change_to_left,0.999001495626344,3.43458604812622,65,3,True,True,
change_to_right,False,False,True,True,False,False,False,True,change_to_right,0.999502384004592,3.38716840744019,65,4,True,True,
change_to_left,False,False,True,True,False,False,False,True,cruise,0.000999001498099,3.41258144378662,66,1,True,False,*
change_to_left,False,False,True,True,False,False,False,True,keep,0.500000124835863,3.40867352485657,66,2,True,False,
change_to_left,False,False,True,True,False,False,False,True,swerve_left,0.500000124835863,3.46894216537476,66,2,True,False,
change_to_left,False,False,True,True,False,False,False,True,swerve_right,0.500000124835863,3.3849823474884,66,2,True,False,
change_to_left,False,False,True,True,False,False,False,True,change_to_right,0.999001496418977,3.38133502006531,66,3,True,True,
change_to_left,False,False,True,True,False,False,False,True,change_to_left,0.999501590580204,3.4388689994812,66,4,True,True,
change_to_right,False,False,True,True,False,False,True,True,keep,0.000999001271379,3.40929555892944,67,1,True,False,*
change_to_right,False,False,True,True,False,False,True,True,swerve_left,0.000999001649501,3.41217803955078,67,2,True,False,
change_to_right,False,False,True,True,False,False,True,True,cruise,0.000999197628255,3.42677760124207,67,3,True,False,
change_to_right,False,False,True,True,False,False,True,True,swerve_right,0.500000162781276,3.38482761383057,67,4,True,False,
change_to_right,False,False,True,True,False,False,True,True,change_to_left,0.99900134640119,3.41987824440002,67,5,True,True,
change_to_right,False,False,True,True,False,False,True,True,change_to_right,0.99965245033695,3.41744542121887,67,6,True,True,
change_to_left,False,False,True,True,False,False,True,True,keep,0.000999001271148,3.4519989490509,68,1,True,False,*
change_to_left,False,False,True,True,False,False,True,True,swerve_left,0.000999001648948,3.42724537849426,68,2,True,False,
change_to_left,False,False,True,True,False,False,True,True,cruise,0.000999197460855,3.40903615951538,68,3,True,False,
change_to_left,False,False,True,True,False,False,True,True,swerve_right,0.500000162642692,3.45581817626953,68,4,True,False,
change_to_left,False,False,True,True,False,False,True,True,change_to_right,0.999001346955249,3.44717836380005,68,5,True,True,
change_to_left,False,False,True,True,False,False,True,True,change_to_left,0.999651895724438,3.44230771064758,68,6,True,True,
change_to_right,False,False,True,True,False,True,False,True,cruise,0.000999001099699,3.39843249320984,69,1,True,False,*
change_to_right,False,False,True,True,False,True,False,True,keep,0.500000124960632,3.4452075958252,69,2,True,False,
change_to_right,False,False,True,True,False,True,False,True,swerve_left,0.500000124960632,3.38270306587219,69,2,True,False,
change_to_right,False,False,True,True,False,True,False,True,swerve_right,0.500000124960632,3.42544674873352,69,2,True,False,
change_to_right,False,False,True,True,False,True,False,True,change_to_left,0.999001496417338,3.432537317276,69,3,True,True,
change_to_right,False,False,True,True,False,True,False,True,change_to_right,0.999501591527819,3.42844343185425,69,4,True,True,
change_to_left,False,False,True,True,False,True,False,True,cruise,0.000999001099699,3.39430165290833,70,1,True,False,*
change_to_left,False,False,True,True,False,True,False,True,keep,0.500000124960632,3.42587518692017,70,2,True,False,
change_to_left,False,False,True,True,False,True,False,True,swerve_left,0.500000124960632,3.40576982498169,70,2,True,False,
change_to_left,False,False,True,True,False,True,False,True,swerve_right,0.500000124960632,3.41550445556641,70,3,True,False,
change_to_left,False,False,True,True,False,True,False,True,change_to_right,0.999001496417338,3.43600702285767,70,4,True,True,
change_to_left,False,False,True,True,False,True,False,True,change_to_left,0.999501591527819,3.39085483551025,70,5,True,True,
change_to_right,False,False,True,True,False,True,True,True,keep,0.000999001912232,3.43627262115479,71,1,True,False,*
change_to_right,False,False,True,True,False,True,True,True,swerve_left,0.000999002166002,3.39885711669922,71,2,True,False,
change_to_right,False,False,True,True,False,True,True,True,cruise,0.000999738865987,3.40379977226257,71,3,True,False,
change_to_right,False,False,True,True,False,True,True,True,swerve_right,0.500000228628263,3.41265058517456,71,4,True,False,
change_to_right,False,False,True,True,False,True,True,True,change_to_left,0.999001082670714,3.38478875160217,71,5,True,True,
change_to_right,False,False,True,True,False,True,True,True,change_to_right,0.999915939945436,3.44878816604614,71,6,True,True,
change_to_left,False,False,True,True,False,True,True,True,keep,0.000999001888159,3.41245341300964,72,1,True,False,*
change_to_left,False,False,True,True,False,True,True,True,swerve_left,0.000999002135232,3.47409796714783,72,2,True,False,
change_to_left,False,False,True,True,False,True,True,True,cruise,0.000999719394164,3.43623995780945,72,3,True,False,
change_to_left,False,False,True,True,False,True,True,True,swerve_right,0.500000222594906,3.39762783050537,72,4,True,False,
change_to_left,False,False,True,True,False,True,True,True,change_to_right,0.999001106791295,3.42549514770508,72,5,True,True,
change_to_left,False,False,True,True,False,True,True,True,change_to_left,0.999891795250619,3.4069447517395,72,6,True,True,
change_to_right,False,False,True,True,True,False,False,True,cruise,0.000999001498592,3.4384171962738,73,1,True,False,*
change_to_right,False,False,True,True,True,False,False,True,keep,0.500000124959545,3.43027067184448,73,2,True,False,
change_to_right,False,False,True,True,True,False,False,True,swerve_left,0.500000124959545,3.43085169792175,73,2,True,False,
change_to_right,False,False,True,True,True,False,False,True,swerve_right,0.500000124959545,3.40613341331482,73,2,True,False,
change_to_right,False,False,True,True,True,False,False,True,change_to_left,0.999001495923507,3.44505214691162,73,3,True,True,
change_to_right,False,False,True,True,True,False,False,True,change_to_right,0.999502086545037,3.41600108146667,73,4,True,True,
change_to_left,False,False,True,True,True,False,False,True,cruise,0.000999001498395,3.44979763031006,74,1,True,False,*
change_to_left,False,False,True,True,True,False,False,True,keep,0.500000124910067,3.38544034957886,74,2,True,False,
change_to_left,False,False,True,True,True,False,False,True,swerve_left,0.500000124910067,3.41634631156921,74,3,True,False,
change_to_left,False,False,True,True,True,False,False,True,swerve_right,0.500000124910067,3.38796329498291,74,3,True,False,
change_to_left,False,False,True,True,True,False,False,True,change_to_right,0.999001496121715,3.41513991355896,74,4,True,True,
change_to_left,False,False,True,True,True,False,False,True,change_to_left,0.999501888139115,3.43187880516052,74,5,True,True,
change_to_right,False,False,True,True,True,False,True,True,swerve_left,0.000999001640668,3.41515898704529,75,1,True,False,*
change_to_right,False,False,True,True,True,False,True,True,keep,0.000999001640668,3.39795660972595,75,2,True,False,
change_to_right,False,False,True,True,True,False,True,True,cruise,0.000999186521663,3.43881988525391,75,3,True,False,
change_to_right,False,False,True,True,True,False,True,True,swerve_right,0.500000160567309,3.40653228759766,75,4,True,False,
change_to_right,False,False,True,True,True,False,True,True,change_to_left,0.999001354624953,3.41916251182556,75,5,True,True,
change_to_right,False,False,True,True,True,False,True,True,change_to_right,0.999644231659535,3.40244722366333,75,6,True,True,
change_to_left,False,False,True,True,True,False,True,True,keep,0.00099900164375,3.45874094963074,76,1,True,False,*
change_to_left,False,False,True,True,True,False,True,True,swerve_left,0.00099900164375,3.38947677612305,76,2,True,False,
change_to_left,False,False,True,True,True,False,True,True,cruise,0.000999187414113,3.42575120925903,76,3,True,False,
change_to_left,False,False,True,True,True,False,True,True,swerve_right,0.500000161339716,3.45600485801697,76,4,True,False,
change_to_left,False,False,True,True,True,False,True,True,change_to_right,0.999001351533784,3.46140956878662,76,5,True,True,
change_to_left,False,False,True,True,True,False,True,True,change_to_left,0.999647325920196,3.45449686050415,76,6,True,True,
change_to_right,False,False,True,True,True,True,False,True,cruise,0.000999001498493,3.40804600715637,77,1,True,False,*
change_to_right,False,False,True,True,True,True,False,True,keep,0.500000124934793,3.45257949829102,77,2,True,False,
change_to_right,False,False,True,True,True,True,False,True,swerve_left,0.500000124934794,3.39021611213684,77,3,True,False,
change_to_right,False,False,True,True,True,True,False,True,swerve_right,0.500000124934794,3.41944622993469,77,3,True,False,
change_to_right,False,False,True,True,True,True,False,True,change_to_left,0.999001496022661,3.40546822547913,77,4,True,True,
change_to_right,False,False,True,True,True,True,False,True,change_to_right,0.999501987292241,3.43167614936829,77,5,True,True,
change_to_left,False,False,True,True,True,True,False,True,cruise,0.000999001498493,3.39859628677368,78,1,True,False,*
change_to_left,False,False,True,True,True,True,False,True,swerve_left,0.500000124934793,3.38656687736511,78,2,True,False,
change_to_left,False,False,True,True,True,True,False,True,keep,0.500000124934794,3.42858815193176,78,3,True,False,
change_to_left,False,False,True,True,True,True,False,True,swerve_right,0.500000124934794,3.44140553474426,78,3,True,False,
change_to_left,False,False,True,True,True,True,False,True,change_to_right,0.999001496022661,3.44655132293701,78,4,True,True,
change_to_left,False,False,True,True,True,True,False,True,change_to_left,0.99950198729224,3.39265608787537,78,5,True,True,
change_to_right,False,False,True,True,True,True,True,True,swerve_left,0.000999001872613,3.37674903869629,79,1,True,False,*
change_to_right,False,False,True,True,True,True,True,True,keep,0.000999002496694,3.42861318588257,79,2,True,False,
change_to_right,False,False,True,True,True,True,True,True,cruise,0.000999659635328,3.40041899681091,79,3,True,False,
change_to_right,False,False,True,True,True,True,True,True,swerve_right,0.50000021869863,3.42147827148438,79,4,True,False,
change_to_right,False,False,True,True,True,True,True,True,change_to_left,0.999001122473655,3.42320561408997,79,5,True,True,
change_to_right,False,False,True,True,True,True,True,True,change_to_right,0.999876150497567,3.45983195304871,79,6,True,True,
change_to_left,False,False,True,True,True,True,True,True,swerve_left,0.000999001874868,3.4400475025177,80,1,True,False,*
change_to_left,False,False,True,True,True,True,True,True,keep,0.000999002500562,3.39155340194702,80,2,True,False,
change_to_left,False,False,True,True,True,True,True,True,cruise,0.000999661337355,3.41646552085876,80,3,True,False,
change_to_left,False,False,True,True,True,True,True,True,swerve_right,0.500000219263785,3.39658546447754,80,4,True,False,
change_to_left,False,False,True,True,True,True,True,True,change_to_right,0.999001120214375,3.42461371421814,80,5,True,True,
change_to_left,False,False,True,True,True,True,True,True,change_to_left,0.999878412036314,3.38106608390808,80,6,True,True,
change_to_right,False,True,False,False,False,False,False,True,keep,0.500000111048363,3.393874168396,81,1,True,False,
change_to_right,False,True,False,False,False,False,False,True,swerve_left,0.500000111048363,3.45897221565247,81,1,True,False,*
change_to_right,False,True,False,False,False,False,False,True,swerve_right,0.500000111048363,3.43076086044312,81,1,True,False,
change_to_right,False,True,False,False,False,False,False,True,change_to_left,0.999001221101681,3.46872997283936,81,2,True,True,
change_to_right,False,True,False,False,False,False,False,True,cruise,0.999001221101681,3.43464088439941,81,2,True,True,
change_to_right,False,True,False,False,False,False,False,True,change_to_right,0.999445859065126,3.39151740074158,81,3,True,True,
cruise,False,True,False,False,False,False,False,True,keep,0.500000111048363,3.41928839683533,82,1,True,False,
cruise,False,True,False,False,False,False,False,True,swerve_left,0.500000111048363,3.44161605834961,82,1,True,False,
cruise,False,True,False,False,False,False,False,True,swerve_right,0.500000111048363,3.40499067306519,82,1,True,False,*
cruise,False,True,False,False,False,False,False,True,change_to_left,0.999001221101681,3.43698763847351,82,2,True,True,
cruise,False,True,False,False,False,False,False,True,change_to_right,0.999001221101681,3.40473961830139,82,3,True,True,
cruise,False,True,False,False,False,False,False,True,cruise,0.999445859065125,3.43268060684204,82,4,True,True,
change_to_left,False,True,False,False,False,False,False,True,swerve_right,0.500000111048363,3.40975618362427,83,1,True,False,*
change_to_left,False,True,False,False,False,False,False,True,keep,0.500000111048363,3.40760779380798,83,2,True,False,
change_to_left,False,True,False,False,False,False,False,True,swerve_left,0.500000111048363,3.43501758575439,83,2,True,False,
change_to_left,False,True,False,False,False,False,False,True,change_to_right,0.999001221101681,3.40836262702942,83,3,True,True,
change_to_left,False,True,False,False,False,False,False,True,cruise,0.999001221101681,3.42279624938965,83,3,True,True,
change_to_left,False,True,False,False,False,False,False,True,change_to_left,0.999445859065126,3.44304370880127,83,4,True,True,
change_to_right,False,True,False,False,False,False,True,True,swerve_left,0.000999001444821,3.50306868553162,84,1,True,False,*
change_to_right,False,True,False,False,False,False,True,True,keep,0.00099900206445,3.53461456298828,84,2,True,False,
change_to_right,False,True,False,False,False,False,True,True,swerve_right,0.500000111483401,3.53327250480652,84,3,True,False,
change_to_right,False,True,False,False,False,False,True,True,cruise,0.999001221106491,3.45182108879089,84,4,True,True,
change_to_right,False,True,False,False,False,False,True,True,change_to_left,0.999001221106491,3.42446565628052,84,5,True,True,
change_to_right,False,True,False,False,False,False,True,True,change_to_right,0.999447156342477,3.43417644500732,84,6,True,True,
cruise,False,True,False,False,False,False,True,True,swerve_left,0.000999001444469,3.37253403663635,85,1,True,False,*
cruise,False,True,False,False,False,False,True,True,keep,0.000999002063606,3.45127654075623,85,2,True,False,
cruise,False,True,False,False,False,False,True,True,swerve_right,0.500000111394964,3.44698262214661,85,3,True,False,
cruise,False,True,False,False,False,False,True,True,change_to_left,0.999001220931095,3.40736055374146,85,4,True,True,
cruise,False,True,False,False,False,False,True,True,change_to_right,0.999001221460175,3.44414210319519,85,5,True,True,
cruise,False,True,False,False,False,False,True,True,cruise,0.99944680242187,3.41994190216064,85,6,True,True,
change_to_left,False,True,False,False,False,False,True,True,swerve_left,0.000999001444469,3.40826678276062,86,1,True,False,*
change_to_left,False,True,False,False,False,False,True,True,keep,0.000999002063606,3.44789338111877,86,2,True,False,
change_to_left,False,True,False,False,False,False,True,True,swerve_right,0.500000111394964,3.43756198883057,86,3,True,False,
change_to_left,False,True,False,False,False,False,True,True,cruise,0.999001220931095,3.40936350822449,86,4,True,True,
change_to_left,False,True,False,False,False,False,True,True,change_to_right,0.999001221460175,3.42022299766541,86,5,True,True,
change_to_left,False,True,False,False,False,False,True,True,change_to_left,0.99944680242187,3.39617967605591,86,6,True,True,
change_to_right,False,True,False,False,False,True,False,True,keep,0.500000111048363,3.42439103126526,87,1,True,False,
change_to_right,False,True,False,False,False,True,False,True,swerve_left,0.500000111048363,3.39701581001282,87,1,True,False,*
change_to_right,False,True,False,False,False,True,False,True,swerve_right,0.500000111048363,3.42266535758972,87,1,True,False,
change_to_right,False,True,False,False,False,True,False,True,change_to_left,0.999001221101681,3.40154433250427,87,2,True,True,
change_to_right,False,True,False,False,False,True,False,True,cruise,0.999001221101681,3.39072442054749,87,3,True,True,
change_to_right,False,True,False,False,False,True,False,True,change_to_right,0.999445859065126,3.43709444999695,87,4,True,True,
cruise,False,True,False,False,False,True,False,True,keep,0.500000111048363,3.43171358108521,88,1,True,False,
cruise,False,True,False,False,False,True,False,True,swerve_left,0.500000111048363,3.45428228378296,88,1,True,False,
cruise,False,True,False,False,False,True,False,True,swerve_right,0.500000111048363,3.40045809745789,88,1,True,False,*
cruise,False,True,False,False,False,True,False,True,change_to_left,0.999001221101681,3.38071274757385,88,2,True,True,
cruise,False,True,False,False,False,True,False,True,change_to_right,0.999001221101681,3.41315317153931,88,3,True,True,
cruise,False,True,False,False,False,True,False,True,cruise,0.999445859065126,3.37674307823181,88,4,True,True,
change_to_left,False,True,False,False,False,True,False,True,keep,0.500000111048363,3.41342759132385,89,1,True,False,
change_to_left,False,True,False,False,False,True,False,True,swerve_left,0.500000111048363,3.47894978523254,89,1,True,False,
change_to_left,False,True,False,False,False,True,False,True,swerve_right,0.500000111048363,3.41119313240051,89,1,True,False,*
change_to_left,False,True,False,False,False,True,False,True,change_to_right,0.999001221101681,3.39726042747498,89,2,True,True,
change_to_left,False,True,False,False,False,True,False,True,cruise,0.999001221101681,3.46627807617188,89,2,True,True,
change_to_left,False,True,False,False,False,True,False,True,change_to_left,0.999445859065126,3.44665241241455,89,3,True,True,
change_to_right,False,True,False,False,False,True,True,True,swerve_left,0.000999001949112,3.41976046562195,90,1,True,False,*
change_to_right,False,True,False,False,False,True,True,True,keep,0.000999884130813,3.37593984603882,90,2,True,False,
change_to_right,False,True,False,False,False,True,True,True,swerve_right,0.50000023787129,3.40739440917969,90,3,True,False,
change_to_right,False,True,False,False,False,True,True,True,change_to_left,0.999001018647187,3.43710374832153,90,4,True,True,
change_to_right,False,True,False,False,False,True,True,True,cruise,0.999001026403284,3.40708494186401,90,5,True,True,
change_to_right,False,True,False,False,False,True,True,True,change_to_right,0.999952960419604,3.40817761421204,90,6,True,True,
cruise,False,True,False,False,False,True,True,True,swerve_left,0.000999001952057,3.38875150680542,91,1,True,False,*
cruise,False,True,False,False,False,True,True,True,keep,0.000999886871275,3.37069439888,91,2,True,False,
cruise,False,True,False,False,False,True,True,True,swerve_right,0.500000238609433,3.36334824562073,91,3,True,False,
cruise,False,True,False,False,False,True,True,True,change_to_left,0.999001018705051,3.48538947105408,91,4,True,True,
cruise,False,True,False,False,False,True,True,True,change_to_right,0.999001023452128,3.4686393737793,91,5,True,True,
cruise,False,True,False,False,False,True,True,True,cruise,0.999955914468434,3.45183706283569,91,6,True,True,
change_to_left,False,True,False,False,False,True,True,True,swerve_left,0.000999001944503,3.35345768928528,92,1,True,False,*
change_to_left,False,True,False,False,False,True,True,True,keep,0.000999879841756,3.4205014705658,92,2,True,False,
change_to_left,False,True,False,False,False,True,True,True,swerve_right,0.500000236716032,3.40884494781494,92,3,True,False,
change_to_left,False,True,False,False,False,True,True,True,change_to_right,0.999001023266032,3.37962603569031,92,4,True,True,
change_to_left,False,True,False,False,False,True,True,True,cruise,0.999001026275052,3.49682068824768,92,5,True,True,
change_to_left,False,True,False,False,False,True,True,True,change_to_left,0.999948337081697,3.40676736831665,92,6,True,True,
change_to_right,False,True,False,False,True,False,False,True,keep,0.500000111077807,3.42391467094421,93,1,True,False,*
change_to_right,False,True,False,False,True,False,False,True,swerve_left,0.500000111077807,3.37190437316895,93,2,True,False,
change_to_right,False,True,False,False,True,False,False,True,swerve_right,0.500000111077807,3.42773199081421,93,2,True,False,
change_to_right,False,True,False,False,True,False,False,True,change_to_left,0.999001221072051,3.36739325523376,93,3,True,True,
change_to_right,False,True,False,False,True,False,False,True,cruise,0.999001221072051,3.36819219589233,93,4,True,True,
change_to_right,False,True,False,False,True,False,False,True,change_to_right,0.999445977015843,3.43957924842834,93,5,True,True,
cruise,False,True,False,False,True,False,False,True,keep,0.500000111033638,3.39760255813599,94,1,True,False,*
cruise,False,True,False,False,True,False,False,True,swerve_left,0.500000111033638,3.37390780448914,94,1,True,False,
cruise,False,True,False,False,True,False,False,True,swerve_right,0.500000111033638,3.3938136100769,94,1,True,False,
cruise,False,True,False,False,True,False,False,True,change_to_left,0.999001220984145,3.37132906913757,94,2,True,True,
cruise,False,True,False,False,True,False,False,True,change_to_right,0.99900122124887,3.43166661262512,94,3,True,True,
cruise,False,True,False,False,True,False,False,True,cruise,0.999445800078056,3.36592173576355,94,4,True,True,
change_to_left,False,True,False,False,True,False,False,True,keep,0.500000111033638,3.3968198299408,95,1,True,False,*
change_to_left,False,True,False,False,True,False,False,True,swerve_left,0.500000111033638,3.36587500572205,95,1,True,False,
change_to_left,False,True,False,False,True,False,False,True,swerve_right,0.500000111033638,3.41654753684998,95,1,True,False,
change_to_left,False,True,False,False,True,False,False,True,cruise,0.999001220984145,3.37615394592285,95,2,True,True,
change_to_left,False,True,False,False,True,False,False,True,change_to_right,0.99900122124887,3.40772533416748,95,3,True,True,
change_to_left,False,True,False,False,True,False,False,True,change_to_left,0.999445800078056,3.43665266036987,95,4,True,True,
change_to_right,False,True,False,False,True,False,True,True,swerve_left,0.000999001453335,3.4342257976532,96,1,True,False,*
change_to_right,False,True,False,False,True,False,True,True,keep,0.000999009721468,3.38670301437378,96,2,True,False,
change_to_right,False,True,False,False,True,False,True,True,swerve_right,0.500000113617063,3.41567420959473,96,3,True,False,
change_to_right,False,True,False,False,True,False,True,True,change_to_left,0.999001216831574,3.36155986785889,96,4,True,True,
change_to_right,False,True,False,False,True,False,True,True,cruise,0.999001221014634,3.38627338409424,96,5,True,True,
change_to_right,False,True,False,False,True,False,True,True,change_to_right,0.999455695257795,3.41345429420471,96,6,True,True,
cruise,False,True,False,False,True,False,True,True,swerve_left,0.000999001452821,3.42236185073853,97,1,True,False,*
cruise,False,True,False,False,True,False,True,True,keep,0.000999009711585,3.37320017814636,97,2,True,False,
cruise,False,True,False,False,True,False,True,True,swerve_right,0.500000113488323,3.34275841712952,97,3,True,False,
cruise,False,True,False,False,True,False,True,True,change_to_left,0.99900121658588,3.43172550201416,97,4,True,True,
cruise,False,True,False,False,True,False,True,True,change_to_right,0.999001221529503,3.38382029533386,97,5,True,True,
cruise,False,True,False,False,True,False,True,True,cruise,0.999455180039404,3.39784669876099,97,6,True,True,
change_to_left,False,True,False,False,True,False,True,True,swerve_left,0.000999001450017,3.39340734481812,98,1,True,False,*
change_to_left,False,True,False,False,True,False,True,True,keep,0.000999009657631,3.35763359069824,98,2,True,False,
change_to_left,False,True,False,False,True,False,True,True,swerve_right,0.500000112785443,3.37064933776855,98,3,True,False,
change_to_left,False,True,False,False,True,False,True,True,cruise,0.999001219396916,3.40271902084351,98,4,True,True,
change_to_left,False,True,False,False,True,False,True,True,change_to_right,0.999001220157479,3.36305928230286,98,5,True,True,
change_to_left,False,True,False,False,True,False,True,True,change_to_left,0.999452367113067,3.41853070259094,98,6,True,True,
change_to_right,False,True,False,False,True,True,False,True,swerve_right,0.500000111400912,3.35301208496094,99,1,True,False,*
change_to_right,False,True,False,False,True,True,False,True,keep,0.500000111400912,3.3755784034729,99,2,True,False,
change_to_right,False,True,False,False,True,True,False,True,swerve_left,0.500000111400912,3.41406273841858,99,2,True,False,
change_to_right,False,True,False,False,True,True,False,True,change_to_left,0.99900122074613,3.40704894065857,99,3,True,True,
change_to_right,False,True,False,False,True,True,False,True,cruise,0.99900122074613,3.41000270843506,99,4,True,True,
change_to_right,False,True,False,False,True,True,False,True,change_to_right,0.999447271373783,3.38692140579224,99,5,True,True,
cruise,False,True,False,False,True,True,False,True,keep,0.50000011087167,3.41923928260803,100,1,True,False,*
cruise,False,True,False,False,True,True,False,True,swerve_left,0.50000011087167,3.3866400718689,100,1,True,False,
cruise,False,True,False,False,True,True,False,True,swerve_right,0.50000011087167,3.41424751281738,100,1,True,False,
cruise,False,True,False,False,True,True,False,True,change_to_left,0.999001219697413,3.39148664474487,100,2,True,True,
cruise,False,True,False,False,True,True,False,True,change_to_right,0.999001222864853,3.38762259483337,100,3,True,True,
cruise,False,True,False,False,True,True,False,True,cruise,0.999445151234322,3.4112024307251,100,4,True,True,
change_to_left,False,True,False,False,True,True,False,True,keep,0.50000011087167,3.47616791725159,101,1,True,False,*
change_to_left,False,True,False,False,True,True,False,True,swerve_left,0.50000011087167,3.43426084518433,101,1,True,False,
change_to_left,False,True,False,False,True,True,False,True,swerve_right,0.50000011087167,3.50600171089172,101,1,True,False,
change_to_left,False,True,False,False,True,True,False,True,cruise,0.999001219697413,3.37618899345398,101,2,True,True,
change_to_left,False,True,False,False,True,True,False,True,change_to_right,0.999001222864853,3.42632532119751,101,3,True,True,
change_to_left,False,True,False,False,True,True,False,True,change_to_left,0.999445151234322,3.39145064353943,101,4,True,True,
cruise,False,True,False,False,True,True,True,True,swerve_left,0.000999001139705,3.26795196533203,102,1,True,False,*
cruise,False,True,False,False,True,True,True,True,keep,0.000999802483467,3.28379964828491,102,2,True,False,
cruise,False,True,False,False,True,True,True,True,swerve_right,0.500000231191797,3.27957820892334,102,3,True,False,
cruise,False,True,False,False,True,True,True,True,change_to_left,0.999001033930492,3.54988622665405,102,4,True,True,
cruise,False,True,False,False,True,True,True,True,change_to_right,0.999001037932941,3.28721594810486,102,5,True,True,
cruise,False,True,False,False,True,True,True,True,cruise,0.999925305264445,3.29024124145508,102,6,True,True,
change_to_right,False,True,False,False,True,True,True,True,swerve_left,0.000999001137197,3.25318670272827,103,1,True,False,*
change_to_right,False,True,False,False,True,True,True,True,keep,0.000999788093574,3.29650282859802,103,2,True,False,
change_to_right,False,True,False,False,True,True,True,True,swerve_right,0.500000227040962,3.28042602539062,103,3,True,False,
change_to_right,False,True,False,False,True,True,True,True,change_to_left,0.999001033321302,3.26817274093628,103,4,True,True,
change_to_right,False,True,False,False,True,True,True,True,cruise,0.999001054512,3.2757875919342,103,5,True,True,
change_to_right,False,True,False,False,True,True,True,True,change_to_right,0.999908710219405,3.28463196754456,103,6,True,True,
change_to_left,False,True,False,False,True,True,True,True,swerve_left,0.000999001136626,3.30905055999756,104,1,True,False,*
change_to_left,False,True,False,False,True,True,True,True,keep,0.000999784816677,3.27731990814209,104,2,True,False,
change_to_left,False,True,False,False,True,True,True,True,swerve_right,0.500000226095725,3.27733421325684,104,3,True,False,
change_to_left,False,True,False,False,True,True,True,True,change_to_right,0.9990010370968,3.29804229736328,104,4,True,True,
change_to_left,False,True,False,False,True,True,True,True,cruise,0.999001054285051,3.266934633255,104,5,True,True,
change_to_left,False,True,False,False,True,True,True,True,change_to_left,0.999904931160729,3.27518439292908,104,6,True,True,
change_to_right,False,True,False,True,False,False,False,True,cruise,0.000999001498493,3.26947689056396,105,1,True,False,*
change_to_right,False,True,False,True,False,False,False,True,keep,0.500000124934793,3.27547907829285,105,2,True,False,
change_to_right,False,True,False,True,False,False,False,True,swerve_left,0.500000124934793,3.27422761917114,105,2,True,False,
change_to_right,False,True,False,True,False,False,False,True,swerve_right,0.500000124934793,3.28265452384949,105,2,True,False,
change_to_right,False,True,False,True,False,False,False,True,change_to_left,0.999001496022661,3.28274965286255,105,3,True,True,
change_to_right,False,True,False,True,False,False,False,True,change_to_right,0.99950198729224,3.28264379501343,105,4,True,True,
change_to_left,False,True,False,True,False,False,False,True,cruise,0.000999001498493,3.27281832695007,106,1,True,False,*
change_to_left,False,True,False,True,False,False,False,True,keep,0.500000124934793,3.25624370574951,106,2,True,False,
change_to_left,False,True,False,True,False,False,False,True,swerve_left,0.500000124934793,3.27117967605591,106,2,True,False,
change_to_left,False,True,False,True,False,False,False,True,swerve_right,0.500000124934793,3.27446317672729,106,2,True,False,
change_to_left,False,True,False,True,False,False,False,True,change_to_right,0.999001496022661,3.25329852104187,106,3,True,True,
change_to_left,False,True,False,True,False,False,False,True,change_to_left,0.99950198729224,3.27282071113586,106,4,True,True,
change_to_right,False,True,False,True,False,False,True,True,swerve_left,0.000999001630245,3.28620433807373,107,1,True,False,*
change_to_right,False,True,False,True,False,False,True,True,keep,0.000999001630245,3.2732400894165,107,2,True,False,
change_to_right,False,True,False,True,False,False,True,True,cruise,0.000999168437006,3.30435752868652,107,3,True,False,
change_to_right,False,True,False,True,False,False,True,True,swerve_right,0.500000157955104,3.24884080886841,107,4,True,False,
change_to_right,False,True,False,True,False,False,True,True,change_to_left,0.999001365102724,3.30214071273804,107,5,True,True,
change_to_right,False,True,False,True,False,False,True,True,change_to_right,0.999633767185218,3.25568675994873,107,6,True,True,
change_to_left,False,True,False,True,False,False,True,True,swerve_left,0.000999001630536,3.32494640350342,108,1,True,False,*
change_to_left,False,True,False,True,False,False,True,True,keep,0.000999001630536,3.30112051963806,108,2,True,False,
change_to_left,False,True,False,True,False,False,True,True,cruise,0.00099916851429,3.30152368545532,108,3,True,False,
change_to_left,False,True,False,True,False,False,True,True,swerve_right,0.500000158028013,3.29741740226746,108,4,True,False,
change_to_left,False,True,False,True,False,False,True,True,change_to_right,0.999001364810946,3.27029037475586,108,5,True,True,
change_to_left,False,True,False,True,False,False,True,True,change_to_left,0.999634059254715,3.28197050094604,108,6,True,True,
change_to_right,False,True,False,True,False,True,False,True,cruise,0.000999001498493,3.28654170036316,109,1,True,False,*
change_to_right,False,True,False,True,False,True,False,True,keep,0.500000124934793,3.30335211753845,109,2,True,False,
change_to_right,False,True,False,True,False,True,False,True,swerve_left,0.500000124934793,3.25644159317017,109,2,True,False,
change_to_right,False,True,False,True,False,True,False,True,swerve_right,0.500000124934793,3.30716276168823,109,2,True,False,
change_to_right,False,True,False,True,False,True,False,True,change_to_left,0.999001496022661,3.27946281433105,109,3,True,True,
change_to_right,False,True,False,True,False,True,False,True,change_to_right,0.99950198729224,3.30466151237488,109,4,True,True,
change_to_left,False,True,False,True,False,True,False,True,cruise,0.000999001498493,3.27213382720947,110,1,True,False,*
change_to_left,False,True,False,True,False,True,False,True,keep,0.500000124934793,3.28702163696289,110,2,True,False,
change_to_left,False,True,False,True,False,True,False,True,swerve_left,0.500000124934793,3.28204560279846,110,2,True,False,
change_to_left,False,True,False,True,False,True,False,True,swerve_right,0.500000124934793,3.30081391334534,110,2,True,False,
change_to_left,False,True,False,True,False,True,False,True,change_to_right,0.999001496022661,3.31443953514099,110,3,True,True,
change_to_left,False,True,False,True,False,True,False,True,change_to_left,0.99950198729224,3.28349494934082,110,4,True,True,
change_to_right,False,True,False,True,False,True,True,True,keep,0.000999002111303,3.29030466079712,111,1,True,False,*
change_to_right,False,True,False,True,False,True,True,True,swerve_left,0.000999002203912,3.29874873161316,111,2,True,False,
change_to_right,False,True,False,True,False,True,True,True,cruise,0.000999512064196,3.27156901359558,111,3,True,False,
change_to_right,False,True,False,True,False,True,True,True,swerve_right,0.500000198840443,3.2705225944519,111,4,True,False,
change_to_right,False,True,False,True,False,True,True,True,change_to_left,0.999001202688302,3.26713132858276,111,5,True,True,
change_to_right,False,True,False,True,False,True,True,True,change_to_right,0.999795964489413,3.31876969337463,111,6,True,True,
change_to_left,False,True,False,True,False,True,True,True,keep,0.000999002186264,3.32344007492065,112,1,True,False,*
change_to_left,False,True,False,True,False,True,True,True,swerve_left,0.000999002285121,3.29153847694397,112,2,True,False,
change_to_left,False,True,False,True,False,True,True,True,cruise,0.000999546537282,3.26740717887878,112,3,True,False,
change_to_left,False,True,False,True,False,True,True,True,swerve_right,0.500000212252934,3.25584316253662,112,4,True,False,
change_to_left,False,True,False,True,False,True,True,True,change_to_right,0.999001149118699,3.31580948829651,112,5,True,True,
change_to_left,False,True,False,True,False,True,True,True,change_to_left,0.999849587653675,3.24083518981934,112,6,True,True,
change_to_right,False,True,False,True,True,False,False,True,cruise,0.000999001298383,3.30464363098145,113,1,True,False,*
change_to_right,False,True,False,True,True,False,False,True,keep,0.500000124861503,3.2760968208313,113,2,True,False,
change_to_right,False,True,False,True,True,False,False,True,swerve_left,0.500000124861503,3.30607104301453,113,2,True,False,
change_to_right,False,True,False,True,True,False,False,True,swerve_right,0.500000124861503,3.27309846878052,113,2,True,False,
change_to_right,False,True,False,True,True,False,False,True,change_to_left,0.999001496813654,3.30063915252686,113,3,True,True,
change_to_right,False,True,False,True,True,False,False,True,change_to_right,0.999501194418208,3.25966811180115,113,4,True,True,
change_to_left,False,True,False,True,True,False,False,True,cruise,0.000999001299093,3.30685973167419,114,1,True,False,*
change_to_left,False,True,False,True,True,False,False,True,keep,0.500000125158591,3.27112245559692,114,2,True,False,
change_to_left,False,True,False,True,True,False,False,True,swerve_left,0.500000125158591,3.30684280395508,114,2,True,False,
change_to_left,False,True,False,True,True,False,False,True,swerve_right,0.500000125158591,3.28203511238098,114,3,True,False,
change_to_left,False,True,False,True,True,False,False,True,change_to_right,0.999001495624708,3.26741147041321,114,4,True,True,
change_to_left,False,True,False,True,True,False,False,True,change_to_left,0.999502384553019,3.29229116439819,114,5,True,True,
change_to_right,False,True,False,True,True,False,True,True,keep,0.000999001797153,3.2620952129364,115,1,True,False,*
change_to_right,False,True,False,True,True,False,True,True,swerve_left,0.000999001797153,3.30501365661621,115,2,True,False,
change_to_right,False,True,False,True,True,False,True,True,cruise,0.000999537687386,3.2907407283783,115,3,True,False,
change_to_right,False,True,False,True,True,False,True,True,swerve_right,0.50000019978637,3.27383542060852,115,4,True,False,
change_to_right,False,True,False,True,True,False,True,True,change_to_left,0.999001197289485,3.31775712966919,115,5,True,True,
change_to_right,False,True,False,True,True,False,True,True,change_to_right,0.999801342979022,3.27628755569458,115,6,True,True,
change_to_left,False,True,False,True,True,False,True,True,swerve_left,0.000999001866396,3.28856253623962,116,1,True,False,*
change_to_left,False,True,False,True,True,False,True,True,keep,0.000999001866396,3.23619651794434,116,2,True,False,
change_to_left,False,True,False,True,True,False,True,True,cruise,0.000999584306023,3.27101922035217,116,3,True,False,
change_to_left,False,True,False,True,True,False,True,True,swerve_right,0.500000217140547,3.28646087646484,116,4,True,False,
change_to_left,False,True,False,True,True,False,True,True,change_to_right,0.999001127838194,3.23993158340454,116,5,True,True,
change_to_left,False,True,False,True,True,False,True,True,change_to_left,0.999870863709277,3.2869017124176,116,6,True,True,
change_to_right,False,True,False,True,True,True,False,True,cruise,0.000999001199396,3.27391266822815,117,1,True,False,*
change_to_right,False,True,False,True,True,True,False,True,keep,0.500000125109163,3.31795978546143,117,2,True,False,
change_to_right,False,True,False,True,True,True,False,True,swerve_left,0.500000125109163,3.26515746116638,117,2,True,False,
change_to_right,False,True,False,True,True,True,False,True,swerve_right,0.500000125109163,3.29136753082275,117,2,True,False,
change_to_right,False,True,False,True,True,True,False,True,change_to_left,0.999001495822716,3.25628709793091,117,3,True,True,
change_to_right,False,True,False,True,True,True,False,True,change_to_right,0.999502186545777,3.3160183429718,117,4,True,True,
change_to_left,False,True,False,True,True,True,False,True,cruise,0.000999001199002,3.27838730812073,118,1,True,False,*
change_to_left,False,True,False,True,True,True,False,True,swerve_left,0.500000124861503,3.25065565109253,118,2,True,False,
change_to_left,False,True,False,True,True,True,False,True,swerve_right,0.500000124861503,3.28661251068115,118,2,True,False,
change_to_left,False,True,False,True,True,True,False,True,keep,0.500000124861503,3.30817294120789,118,3,True,False,
change_to_left,False,True,False,True,True,True,False,True,change_to_right,0.999001496813853,3.30245184898376,118,4,True,True,
change_to_left,False,True,False,True,True,True,False,True,change_to_left,0.999501194417988,3.31672334671021,118,5,True,True,
change_to_right,False,True,False,True,True,True,True,True,swerve_left,0.000999001896586,3.25717711448669,119,1,True,False,*
change_to_right,False,True,False,True,True,True,True,True,keep,0.000999010716586,3.33642649650574,119,2,True,False,
change_to_right,False,True,False,True,True,True,True,True,cruise,0.000999707221704,3.26038861274719,119,3,True,False,
change_to_right,False,True,False,True,True,True,True,True,swerve_right,0.500000219596222,3.28156876564026,119,4,True,False,
change_to_right,False,True,False,True,True,True,True,True,change_to_left,0.999001119619358,3.28734564781189,119,5,True,True,
change_to_right,False,True,False,True,True,True,True,True,change_to_right,0.999878946135711,3.29022836685181,119,6,True,True,
change_to_left,False,True,False,True,True,True,True,True,swerve_left,0.000999001955385,3.27052640914917,120,1,True,False,*
change_to_left,False,True,False,True,True,True,True,True,keep,0.000999011353817,3.27588200569153,120,2,True,False,
change_to_left,False,True,False,True,True,True,True,True,cruise,0.000999753537043,3.2632462978363,120,3,True,False,
change_to_left,False,True,False,True,True,True,True,True,swerve_right,0.500000233997753,3.3013436794281,120,4,True,False,
change_to_left,False,True,False,True,True,True,True,True,change_to_right,0.999001062099511,3.30010581016541,120,5,True,True,
change_to_left,False,True,False,True,True,True,True,True,change_to_left,0.999936523484198,3.27600789070129,120,6,True,True,
cruise,False,True,True,False,False,False,False,True,keep,0.000999001199497,3.26414632797241,121,1,True,False,*
cruise,False,True,True,False,False,False,False,True,change_to_right,0.000999001498943,3.26629662513733,121,2,True,False,
cruise,False,True,True,False,False,False,False,True,swerve_right,0.500000125047626,3.26807141304016,121,3,True,False,
cruise,False,True,True,False,False,False,False,True,swerve_left,0.500000125047626,3.32015824317932,121,4,True,False,
cruise,False,True,True,False,False,False,False,True,change_to_left,0.999001496565255,3.29509282112122,121,5,True,True,
cruise,False,True,True,False,False,False,False,True,cruise,0.999501940027811,3.29725766181946,121,6,True,True,
change_to_left,False,True,True,False,False,False,False,True,keep,0.000999001199497,3.25842881202698,122,1,True,False,*
change_to_left,False,True,True,False,False,False,False,True,change_to_right,0.000999001498943,3.27729082107544,122,2,True,False,
change_to_left,False,True,True,False,False,False,False,True,swerve_left,0.500000125047626,3.28048300743103,122,3,True,False,
change_to_left,False,True,True,False,False,False,False,True,swerve_right,0.500000125047626,3.24903321266174,122,4,True,False,
change_to_left,False,True,True,False,False,False,False,True,cruise,0.999001496565255,3.30545496940613,122,5,True,True,
change_to_left,False,True,True,False,False,False,False,True,change_to_left,0.999501940027811,3.29063105583191,122,6,True,True,
cruise,False,True,True,False,False,False,True,True,change_to_right,0.000999001398993,3.29226684570312,123,1,True,False,*
cruise,False,True,True,False,False,False,True,True,keep,0.000999001499141,3.26703834533691,123,2,True,False,
cruise,False,True,True,False,False,False,True,True,swerve_left,0.500000125097153,3.2982280254364,123,3,True,False,
cruise,False,True,True,False,False,False,True,True,swerve_right,0.500000125097153,3.28740930557251,123,3,True,False,
cruise,False,True,True,False,False,False,True,True,change_to_left,0.999001496366651,3.29977345466614,123,4,True,True,
cruise,False,True,True,False,False,False,True,True,cruise,0.999502138432519,3.29608869552612,123,5,True,True,
change_to_left,False,True,True,False,False,False,True,True,change_to_right,0.000999001398993,3.30099534988403,124,1,True,False,*
change_to_left,False,True,True,False,False,False,True,True,keep,0.000999001499141,3.26629900932312,124,2,True,False,
change_to_left,False,True,True,False,False,False,True,True,swerve_left,0.500000125097153,3.29820251464844,124,3,True,False,
change_to_left,False,True,True,False,False,False,True,True,swerve_right,0.500000125097153,3.28329372406006,124,3,True,False,
change_to_left,False,True,True,False,False,False,True,True,cruise,0.999001496366651,3.28948950767517,124,4,True,True,
change_to_left,False,True,True,False,False,False,True,True,change_to_left,0.999502138432518,3.29764604568481,124,5,True,True,
cruise,False,True,True,False,False,True,False,True,keep,0.000999001502671,3.31242108345032,125,1,True,False,*
cruise,False,True,True,False,False,True,False,True,change_to_right,0.000999004590528,3.29548144340515,125,2,True,False,
cruise,False,True,True,False,False,True,False,True,swerve_left,0.500000125981848,3.24803376197815,125,3,True,False,
cruise,False,True,True,False,False,True,False,True,swerve_right,0.500000125981848,3.30328345298767,125,3,True,False,
cruise,False,True,True,False,False,True,False,True,change_to_left,0.999001492819809,3.2987322807312,125,4,True,True,
cruise,False,True,True,False,False,True,False,True,cruise,0.999505682512969,3.27000069618225,125,5,True,True,
change_to_left,False,True,True,False,False,True,False,True,keep,0.000999001501885,3.28990769386292,126,1,True,False,*
change_to_left,False,True,True,False,False,True,False,True,change_to_right,0.000999004584915,3.30283355712891,126,2,True,False,
change_to_left,False,True,True,False,False,True,False,True,swerve_left,0.500000125784909,3.26211094856262,126,3,True,False,
change_to_left,False,True,True,False,False,True,False,True,swerve_right,0.500000125784909,3.29994559288025,126,3,True,False,
change_to_left,False,True,True,False,False,True,False,True,cruise,0.999001493607954,3.27045845985413,126,4,True,True,
change_to_left,False,True,True,False,False,True,False,True,change_to_left,0.99950489357979,3.26470446586609,126,5,True,True,
cruise,False,True,True,False,False,True,True,True,keep,0.000999122274453,3.31566333770752,127,1,True,False,*
cruise,False,True,True,False,False,True,True,True,change_to_right,0.000999289828402,3.29667782783508,127,2,True,False,
cruise,False,True,True,False,False,True,True,True,swerve_left,0.50000019794968,3.27973008155823,127,3,True,False,
cruise,False,True,True,False,False,True,True,True,swerve_right,0.50000019794968,3.28244638442993,127,3,True,False,
cruise,False,True,True,False,False,True,True,True,change_to_left,0.999001205086101,3.28131294250488,127,4,True,True,
cruise,False,True,True,False,False,True,True,True,cruise,0.999793194216214,3.2944176197052,127,5,True,True,
change_to_left,False,True,True,False,False,True,True,True,keep,0.000999111855925,3.32073974609375,128,1,True,False,*
change_to_left,False,True,True,False,False,True,True,True,change_to_right,0.000999265015537,3.29478669166565,128,2,True,False,
change_to_left,False,True,True,False,False,True,True,True,swerve_left,0.500000180944085,3.26338458061218,128,3,True,False,
change_to_left,False,True,True,False,False,True,True,True,swerve_right,0.500000180944085,3.28499364852905,128,3,True,False,
change_to_left,False,True,True,False,False,True,True,True,cruise,0.999001273074503,3.26602387428284,128,4,True,True,
change_to_left,False,True,True,False,False,True,True,True,change_to_left,0.999725137860918,3.27557921409607,128,5,True,True,
cruise,False,True,True,False,True,False,False,True,keep,0.000999001503448,3.24771690368652,129,1,True,False,*
cruise,False,True,True,False,True,False,False,True,change_to_right,0.000999005787184,3.25981116294861,129,2,True,False,
cruise,False,True,True,False,True,False,False,True,swerve_left,0.500000126176622,3.29688811302185,129,3,True,False,
cruise,False,True,True,False,True,False,False,True,swerve_right,0.500000126176622,3.28057050704956,129,3,True,False,
cruise,False,True,True,False,True,False,False,True,change_to_left,0.999001492037973,3.27763056755066,129,4,True,True,
cruise,False,True,True,False,True,False,False,True,cruise,0.999506462778108,3.2692437171936,129,5,True,True,
change_to_left,False,True,True,False,True,False,False,True,keep,0.000999001503448,3.25671195983887,130,1,True,False,*
change_to_left,False,True,True,False,True,False,False,True,change_to_right,0.000999005787184,3.25504636764526,130,2,True,False,
change_to_left,False,True,True,False,True,False,False,True,swerve_right,0.500000126176622,3.27280640602112,130,3,True,False,
change_to_left,False,True,True,False,True,False,False,True,swerve_left,0.500000126176622,3.30847716331482,130,4,True,False,
change_to_left,False,True,True,False,True,False,False,True,cruise,0.999001492037973,3.32459497451782,130,5,True,True,
change_to_left,False,True,True,False,True,False,False,True,change_to_left,0.999506462778108,3.31516790390015,130,6,True,True,
cruise,False,True,True,False,True,False,True,True,keep,0.000999001195228,3.25838422775269,131,1,True,False,*
cruise,False,True,True,False,True,False,True,True,change_to_right,0.000999075489213,3.2533483505249,131,2,True,False,
cruise,False,True,True,False,True,False,True,True,swerve_left,0.500000141258129,3.29836702346802,131,3,True,False,
cruise,False,True,True,False,True,False,True,True,swerve_right,0.500000141258129,3.27470016479492,131,4,True,False,
cruise,False,True,True,False,True,False,True,True,change_to_left,0.999001432123472,3.2903892993927,131,5,True,True,
cruise,False,True,True,False,True,False,True,True,cruise,0.999566314746242,3.28617119789124,131,6,True,True,
change_to_left,False,True,True,False,True,False,True,True,keep,0.000999001195763,3.26488971710205,132,1,True,False,*
change_to_left,False,True,True,False,True,False,True,True,change_to_right,0.000999075693574,3.24716973304749,132,2,True,False,
change_to_left,False,True,True,False,True,False,True,True,swerve_left,0.500000141645672,3.29215455055237,132,3,True,False,
change_to_left,False,True,True,False,True,False,True,True,swerve_right,0.500000141645672,3.37181854248047,132,4,True,False,
change_to_left,False,True,True,False,True,False,True,True,cruise,0.999001430574076,3.28858327865601,132,5,True,True,
change_to_left,False,True,True,False,True,False,True,True,change_to_left,0.9995678656913,3.28655219078064,132,6,True,True,
cruise,False,True,True,False,True,True,False,True,keep,0.000999001506534,3.40748858451843,133,1,True,False,*
cruise,False,True,True,False,True,True,False,True,change_to_right,0.000999008877311,3.43696808815002,133,2,True,False,
cruise,False,True,True,False,True,True,False,True,swerve_left,0.500000126949949,3.37596392631531,133,3,True,False,
cruise,False,True,True,False,True,True,False,True,swerve_right,0.500000126949949,3.41260743141174,133,3,True,False,
cruise,False,True,True,False,True,True,False,True,change_to_left,0.99900148893712,3.41443085670471,133,4,True,True,
cruise,False,True,True,False,True,True,False,True,cruise,0.999509560722318,3.36674070358276,133,5,True,True,
change_to_left,False,True,True,False,True,True,False,True,keep,0.000999001506339,3.41425514221191,134,1,True,False,*
change_to_left,False,True,True,False,True,True,False,True,change_to_right,0.00099900887428,3.42022228240967,134,2,True,False,
change_to_left,False,True,True,False,True,True,False,True,swerve_left,0.500000126901094,3.36776566505432,134,3,True,False,
change_to_left,False,True,True,False,True,True,False,True,swerve_right,0.500000126901094,3.38600993156433,134,4,True,False,
change_to_left,False,True,True,False,True,True,False,True,cruise,0.999001489132637,3.34659361839294,134,5,True,True,
change_to_left,False,True,True,False,True,True,False,True,change_to_left,0.999509365009466,3.36780261993408,134,6,True,True,
cruise,False,True,True,False,True,True,True,True,keep,0.00099900246099,3.38458108901978,135,1,True,False,*
cruise,False,True,True,False,True,True,True,True,change_to_right,0.000999120640547,3.39280009269714,135,2,True,False,
cruise,False,True,True,False,True,True,True,True,swerve_left,0.500000160858775,3.37930130958557,135,3,True,False,
cruise,False,True,True,False,True,True,True,True,swerve_right,0.500000160858775,3.37528395652771,135,3,True,False,
cruise,False,True,True,False,True,True,True,True,change_to_left,0.999001353704224,3.37416172027588,135,4,True,True,
cruise,False,True,True,False,True,True,True,True,cruise,0.999644756490762,3.35799956321716,135,5,True,True,
change_to_left,False,True,True,False,True,True,True,True,keep,0.000999002235141,3.39031648635864,136,1,True,False,*
change_to_left,False,True,True,False,True,True,True,True,change_to_right,0.000999102145782,3.41067862510681,136,2,True,False,
change_to_left,False,True,True,False,True,True,True,True,swerve_left,0.500000135992245,3.34284257888794,136,3,True,False,
change_to_left,False,True,True,False,True,True,True,True,swerve_right,0.500000135992245,3.4036922454834,136,3,True,False,
change_to_left,False,True,True,False,True,True,True,True,cruise,0.999001453120628,3.3567521572113,136,4,True,True,
change_to_left,False,True,True,False,True,True,True,True,change_to_left,0.99954524068924,3.34124565124512,136,5,True,True,
change_to_left,False,True,True,True,False,False,False,True,change_to_right,0.000999001396857,3.36637806892395,137,1,True,False,*
change_to_left,False,True,True,True,False,False,False,True,cruise,0.00099900199254,3.4351212978363,137,2,True,False,
change_to_left,False,True,True,True,False,False,False,True,keep,0.500000248755058,3.37870955467224,137,3,True,False,
change_to_left,False,True,True,True,False,False,False,True,swerve_left,0.500000248755058,3.40264892578125,137,3,True,False,
change_to_left,False,True,True,True,False,False,False,True,swerve_right,0.500000248755058,3.36526846885681,137,3,True,False,
change_to_left,False,True,True,True,False,False,False,True,change_to_left,0.999998505333003,3.39085555076599,137,4,True,True,
change_to_left,False,True,True,True,False,False,True,True,keep,0.00099900199599,3.36320853233337,138,1,True,False,*
change_to_left,False,True,True,True,False,False,True,True,swerve_right,0.00099900199599,3.36887407302856,138,1,True,False,
change_to_left,False,True,True,True,False,False,True,True,swerve_left,0.000999002953689,3.42838406562805,138,2,True,False,
change_to_left,False,True,True,True,False,False,True,True,cruise,0.000999004907387,3.39302396774292,138,3,True,False,
change_to_left,False,True,True,True,False,False,True,True,change_to_right,0.000999014285238,3.36382150650024,138,4,True,False,
change_to_left,False,True,True,True,False,False,True,True,change_to_left,0.999999978840443,3.38911509513855,138,5,True,True,
change_to_left,False,True,True,True,False,True,False,True,cruise,0.000999003335839,3.39402318000793,139,1,True,False,*
change_to_left,False,True,True,True,False,True,False,True,change_to_right,0.000999018908375,3.36781454086304,139,2,True,False,
change_to_left,False,True,True,True,False,True,False,True,swerve_left,0.500000248998125,3.38297581672668,139,3,True,False,
change_to_left,False,True,True,True,False,True,False,True,swerve_right,0.500000248998125,3.36459517478943,139,3,True,False,
change_to_left,False,True,True,True,False,True,False,True,keep,0.500000248998125,3.36816883087158,139,4,True,False,
change_to_left,False,True,True,True,False,True,False,True,change_to_left,0.999998484971156,3.40339279174805,139,5,True,True,
change_to_left,False,True,True,True,False,True,True,True,keep,0.000999001534948,3.34960269927979,140,1,True,False,*
change_to_left,False,True,True,True,False,True,True,True,swerve_left,0.000999001789685,3.37377142906189,140,2,True,False,
change_to_left,False,True,True,True,False,True,True,True,swerve_right,0.000999001996073,3.35989499092102,140,3,True,False,
change_to_left,False,True,True,True,False,True,True,True,cruise,0.00099919089147,3.39724063873291,140,4,True,False,
change_to_left,False,True,True,True,False,True,True,True,change_to_right,0.000999742427093,3.36362862586975,140,5,True,False,
change_to_left,False,True,True,True,False,True,True,True,change_to_left,0.999999065283717,3.39662170410156,140,6,True,True,
change_to_left,False,True,True,True,True,False,False,True,cruise,0.000999002976772,3.36792516708374,141,1,True,False,*
change_to_left,False,True,True,True,True,False,False,True,change_to_right,0.000999003767483,3.39173078536987,141,2,True,False,
change_to_left,False,True,True,True,True,False,False,True,keep,0.500000249001998,3.41268181800842,141,3,True,False,
change_to_left,False,True,True,True,True,False,False,True,swerve_left,0.500000249001998,3.36401510238647,141,3,True,False,
change_to_left,False,True,True,True,True,False,False,True,swerve_right,0.500000249001998,3.41758823394775,141,3,True,False,
change_to_left,False,True,True,True,True,False,False,True,change_to_left,0.99999850048663,3.3854022026062,141,4,True,True,
change_to_left,False,True,True,True,True,False,True,True,swerve_left,0.000999001740124,3.38962626457214,142,1,True,False,*
change_to_left,False,True,True,True,True,False,True,True,swerve_right,0.000999001996948,3.39509415626526,142,2,True,False,
change_to_left,False,True,True,True,True,False,True,True,change_to_right,0.000999002110187,3.40281939506531,142,3,True,False,
change_to_left,False,True,True,True,True,False,True,True,keep,0.000999005440762,3.42345690727234,142,4,True,False,
change_to_left,False,True,True,True,True,False,True,True,cruise,0.000999052071149,3.35877466201782,142,5,True,False,
change_to_left,False,True,True,True,True,False,True,True,change_to_left,0.999999941582082,3.3692741394043,142,6,True,True,
change_to_left,False,True,True,True,True,True,False,True,change_to_right,0.000999002973626,3.39550375938416,143,1,True,False,*
change_to_left,False,True,True,True,True,True,False,True,cruise,0.000999005736715,3.38324236869812,143,2,True,False,
change_to_left,False,True,True,True,True,True,False,True,keep,0.500000249001507,3.39447951316833,143,3,True,False,
change_to_left,False,True,True,True,True,True,False,True,swerve_left,0.500000249001507,3.36450099945068,143,3,True,False,
change_to_left,False,True,True,True,True,True,False,True,swerve_right,0.500000249001507,3.3907995223999,143,3,True,False,
change_to_left,False,True,True,True,True,True,False,True,change_to_left,0.999998498518576,3.35077786445618,143,4,True,True,
change_to_left,False,True,True,True,True,True,True,True,swerve_right,0.000999001277479,3.38205337524414,144,1,True,False,*
change_to_left,False,True,True,True,True,True,True,True,swerve_left,0.000999008191378,3.36098670959473,144,2,True,False,
change_to_left,False,True,True,True,True,True,True,True,keep,0.000999009740661,3.38583874702454,144,3,True,False,
change_to_left,False,True,True,True,True,True,True,True,change_to_right,0.000999092530165,3.38191175460815,144,4,True,False,
change_to_left,False,True,True,True,True,True,True,True,cruise,0.000999821160959,3.3689136505127,144,5,True,False,
change_to_left,False,True,True,True,True,True,True,True,change_to_left,0.999999071081277,3.38085079193115,144,6,True,True,
change_to_left,True,False,False,False,False,False,False,True,keep,0.000999001443527,3.35878467559814,145,1,True,False,*
change_to_left,True,False,False,False,False,False,False,True,swerve_right,0.000999001443527,3.36128377914429,145,1,True,False,
change_to_left,True,False,False,False,False,False,False,True,swerve_left,0.50000011115899,3.41584420204163,145,2,True,False,
change_to_left,True,False,False,False,False,False,False,True,change_to_right,0.999001221321944,3.40871715545654,145,3,True,True,
change_to_left,True,False,False,False,False,False,False,True,cruise,0.999001221321944,3.41096448898315,145,3,True,True,
change_to_left,True,False,False,False,False,False,False,True,change_to_left,0.999446302235889,3.37121319770813,145,4,True,True,
cruise,True,False,False,False,False,False,False,True,keep,0.000999001443527,3.38068008422852,146,1,True,False,*
cruise,True,False,False,False,False,False,False,True,swerve_right,0.000999001443527,3.34507250785828,146,2,True,False,
cruise,True,False,False,False,False,False,False,True,swerve_left,0.50000011115899,3.41102576255798,146,3,True,False,
cruise,True,False,False,False,False,False,False,True,change_to_left,0.999001221321943,3.40289711952209,146,4,True,True,
cruise,True,False,False,False,False,False,False,True,change_to_right,0.999001221321944,3.37681698799133,146,5,True,True,
cruise,True,False,False,False,False,False,False,True,cruise,0.999446302235889,3.41759848594666,146,6,True,True,
change_to_right,True,False,False,False,False,False,False,True,keep,0.000999001443527,3.36191296577454,147,1,True,False,*
change_to_right,True,False,False,False,False,False,False,True,swerve_right,0.000999001443527,3.36690473556519,147,2,True,False,
change_to_right,True,False,False,False,False,False,False,True,swerve_left,0.50000011115899,3.38835167884827,147,3,True,False,
change_to_right,True,False,False,False,False,False,False,True,change_to_left,0.999001221321943,3.41043186187744,147,4,True,True,
change_to_right,True,False,False,False,False,False,False,True,cruise,0.999001221321944,3.40107035636902,147,5,True,True,
change_to_right,True,False,False,False,False,False,False,True,change_to_right,0.999446302235889,3.35779047012329,147,6,True,True,
change_to_left,True,False,False,False,False,False,True,True,keep,0.000999001443748,3.37330961227417,148,1,True,False,*
change_to_left,True,False,False,False,False,False,True,True,swerve_left,0.000999001443748,3.40190458297729,148,2,True,False,
change_to_left,True,False,False,False,False,False,True,True,swerve_right,0.000999001443748,3.3636269569397,148,2,True,False,
change_to_left,True,False,False,False,False,False,True,True,change_to_right,0.999001221432157,3.36224913597107,148,3,True,True,
change_to_left,True,False,False,False,False,False,True,True,cruise,0.999001221432157,3.39049363136292,148,3,True,True,
change_to_left,True,False,False,False,False,False,True,True,change_to_left,0.999446523986875,3.40852355957031,148,4,True,True,
cruise,True,False,False,False,False,False,True,True,keep,0.000999001443748,3.399493932724,149,1,True,False,*
cruise,True,False,False,False,False,False,True,True,swerve_left,0.000999001443748,3.41277694702148,149,2,True,False,
cruise,True,False,False,False,False,False,True,True,swerve_right,0.000999001443748,3.79020833969116,149,2,True,False,
cruise,True,False,False,False,False,False,True,True,change_to_right,0.999001221432157,3.40730619430542,149,3,True,True,
cruise,True,False,False,False,False,False,True,True,change_to_left,0.999001221432157,3.39890456199646,149,4,True,True,
cruise,True,False,False,False,False,False,True,True,cruise,0.999446523986875,3.40044760704041,149,5,True,True,
change_to_right,True,False,False,False,False,False,True,True,keep,0.000999001443748,5.42314052581787,150,1,True,False,
change_to_right,True,False,False,False,False,False,True,True,swerve_left,0.000999001443748,5.34209036827087,150,1,True,False,*
change_to_right,True,False,False,False,False,False,True,True,swerve_right,0.000999001443748,5.37868428230286,150,2,True,False,
change_to_right,True,False,False,False,False,False,True,True,change_to_left,0.999001221432157,5.36285185813904,150,3,True,True,
change_to_right,True,False,False,False,False,False,True,True,cruise,0.999001221432157,5.35638809204102,150,4,True,True,
change_to_right,True,False,False,False,False,False,True,True,change_to_right,0.999446523986875,5.3928918838501,150,5,True,True,
change_to_left,True,False,False,False,False,True,False,True,swerve_right,0.000999001444792,5.38946199417114,151,1,True,False,*
change_to_left,True,False,False,False,False,True,False,True,keep,0.000999002300736,5.37489080429077,151,2,True,False,
change_to_left,True,False,False,False,False,True,False,True,swerve_left,0.500000111475925,5.35963869094849,151,3,True,False,
change_to_left,True,False,False,False,False,True,False,True,change_to_right,0.999001221047706,5.41417336463928,151,4,True,True,
change_to_left,True,False,False,False,False,True,False,True,cruise,0.99900122118,5.33987545967102,151,5,True,True,
change_to_left,True,False,False,False,False,True,False,True,change_to_left,0.999447126425333,5.36212038993835,151,6,True,True,
cruise,True,False,False,False,False,True,False,True,swerve_right,0.00099900144488,3.39548420906067,152,1,True,False,*
cruise,True,False,False,False,False,True,False,True,keep,0.000999002300994,3.39076137542725,152,2,True,False,
cruise,True,False,False,False,False,True,False,True,swerve_left,0.500000111498039,3.34694480895996,152,3,True,False,
cruise,True,False,False,False,False,True,False,True,change_to_left,0.999001221091557,5.37586569786072,152,4,True,True,
cruise,True,False,False,False,False,True,False,True,change_to_right,0.999001221091557,5.37889075279236,152,5,True,True,
cruise,True,False,False,False,False,True,False,True,cruise,0.999447214927975,5.30585241317749,152,6,True,True,
change_to_right,True,False,False,False,False,True,False,True,swerve_right,0.000999001444792,3.35507845878601,153,1,True,False,*
change_to_right,True,False,False,False,False,True,False,True,keep,0.000999002300736,3.35467052459717,153,2,True,False,
change_to_right,True,False,False,False,False,True,False,True,swerve_left,0.500000111475925,3.40510129928589,153,3,True,False,
change_to_right,True,False,False,False,False,True,False,True,change_to_left,0.999001221047706,3.4127414226532,153,4,True,True,
change_to_right,True,False,False,False,False,True,False,True,cruise,0.99900122118,3.40789604187012,153,5,True,True,
change_to_right,True,False,False,False,False,True,False,True,change_to_right,0.999447126425333,3.3717885017395,153,6,True,True,
change_to_left,True,False,False,False,False,True,True,True,swerve_right,0.000999001449464,3.36568069458008,154,1,True,False,*
change_to_left,True,False,False,False,False,True,True,True,swerve_left,0.000999001449464,3.41170811653137,154,2,True,False,
change_to_left,True,False,False,False,False,True,True,True,keep,0.000999006738155,3.36975359916687,154,3,True,False,
change_to_left,True,False,False,False,False,True,True,True,change_to_right,0.999001220088295,3.37119698524475,154,4,True,True,
change_to_left,True,False,False,False,False,True,True,True,cruise,0.999001220088295,3.4044303894043,154,4,True,True,
change_to_left,True,False,False,False,False,True,True,True,change_to_left,0.999451812519229,3.4087553024292,154,5,True,True,
cruise,True,False,False,False,False,True,True,True,swerve_left,0.000999001449376,3.40250301361084,155,1,True,False,*
cruise,True,False,False,False,False,True,True,True,swerve_right,0.000999001449376,3.37482142448425,155,1,True,False,
cruise,True,False,False,False,False,True,True,True,keep,0.000999006737034,3.36556148529053,155,2,True,False,
cruise,True,False,False,False,False,True,True,True,change_to_right,0.99900122004528,3.34955978393555,155,3,True,True,
cruise,True,False,False,False,False,True,True,True,change_to_left,0.999001220176343,3.39824175834656,155,4,True,True,
cruise,True,False,False,False,False,True,True,True,cruise,0.999451724411167,3.40980792045593,155,5,True,True,
change_to_right,True,False,False,False,False,True,True,True,swerve_left,0.000999001449376,3.41435289382935,156,1,True,False,
change_to_right,True,False,False,False,False,True,True,True,swerve_right,0.000999001449376,3.36728358268738,156,1,True,False,*
change_to_right,True,False,False,False,False,True,True,True,keep,0.000999006737034,3.36547589302063,156,2,True,False,
change_to_right,True,False,False,False,False,True,True,True,cruise,0.99900122004528,3.39846801757812,156,3,True,True,
change_to_right,True,False,False,False,False,True,True,True,change_to_left,0.999001220176343,3.39002585411072,156,4,True,True,
change_to_right,True,False,False,False,False,True,True,True,change_to_right,0.999451724411167,3.35921192169189,156,5,True,True,
change_to_left,True,False,False,False,True,False,False,True,swerve_right,0.000999001445581,3.40479946136475,157,1,True,False,*
change_to_left,True,False,False,False,True,False,False,True,keep,0.000999003128014,3.42720675468445,157,2,True,False,
change_to_left,True,False,False,False,True,False,False,True,swerve_left,0.500000111673715,3.36292028427124,157,3,True,False,
change_to_left,True,False,False,False,True,False,False,True,change_to_right,0.999001220781634,3.41060400009155,157,4,True,True,
change_to_left,True,False,False,False,True,False,False,True,cruise,0.999001221045626,3.36054992675781,157,5,True,True,
change_to_left,True,False,False,False,True,False,False,True,change_to_left,0.99944791798233,3.39582133293152,157,6,True,True,
cruise,True,False,False,False,True,False,False,True,swerve_right,0.000999001445757,3.28780698776245,158,1,True,False,*
cruise,True,False,False,False,True,False,False,True,keep,0.000999003128856,3.30377960205078,158,2,True,False,
cruise,True,False,False,False,True,False,False,True,swerve_left,0.500000111717888,3.25951361656189,158,3,True,False,
cruise,True,False,False,False,True,False,False,True,change_to_left,0.999001220868965,3.35670495033264,158,4,True,True,
cruise,True,False,False,False,True,False,False,True,change_to_right,0.999001220868965,3.40088891983032,158,5,True,True,
cruise,True,False,False,False,True,False,False,True,cruise,0.999448094761533,3.29256629943848,158,6,True,True,
change_to_right,True,False,False,False,True,False,False,True,swerve_right,0.000999001445581,3.28151082992554,159,1,True,False,*
change_to_right,True,False,False,False,True,False,False,True,keep,0.000999003128014,3.29663467407227,159,2,True,False,
change_to_right,True,False,False,False,True,False,False,True,swerve_left,0.500000111673715,3.26484608650208,159,3,True,False,
change_to_right,True,False,False,False,True,False,False,True,change_to_left,0.999001220781634,3.24369359016418,159,4,True,True,
change_to_right,True,False,False,False,True,False,False,True,cruise,0.999001221045626,3.26434016227722,159,5,True,True,
change_to_right,True,False,False,False,True,False,False,True,change_to_right,0.99944791798233,3.30211615562439,159,6,True,True,
change_to_left,True,False,False,False,True,False,True,True,swerve_left,0.0009990011775,3.26744222640991,160,1,True,False,*
change_to_left,True,False,False,False,True,False,True,True,swerve_right,0.000999001443986,3.30478429794312,160,2,True,False,
change_to_left,True,False,False,False,True,False,True,True,keep,0.000999001443986,3.283616065979,160,3,True,False,
change_to_left,True,False,False,False,True,False,True,True,change_to_right,0.999001221483964,3.27624154090881,160,4,True,True,
change_to_left,True,False,False,False,True,False,True,True,cruise,0.999001221483964,3.2656569480896,160,4,True,True,
change_to_left,True,False,False,False,True,False,True,True,change_to_left,0.999446318433825,3.26992559432983,160,5,True,True,
cruise,True,False,False,False,True,False,True,True,swerve_left,0.000999001177464,3.33419346809387,161,1,True,False,*
cruise,True,False,False,False,True,False,True,True,keep,0.000999001443898,3.27707481384277,161,2,True,False,
cruise,True,False,False,False,True,False,True,True,swerve_right,0.000999001443898,3.26494193077087,161,2,True,False,
cruise,True,False,False,False,True,False,True,True,change_to_right,0.99900122143988,3.27967548370361,161,3,True,True,
cruise,True,False,False,False,True,False,True,True,change_to_left,0.999001221572541,3.26229858398438,161,4,True,True,
cruise,True,False,False,False,True,False,True,True,cruise,0.999446229798188,3.32105088233948,161,5,True,True,
change_to_right,True,False,False,False,True,False,True,True,swerve_left,0.000999001177464,3.31516337394714,162,1,True,False,*
change_to_right,True,False,False,False,True,False,True,True,keep,0.000999001443898,3.2534487247467,162,2,True,False,
change_to_right,True,False,False,False,True,False,True,True,swerve_right,0.000999001443898,3.26823496818542,162,2,True,False,
change_to_right,True,False,False,False,True,False,True,True,cruise,0.99900122143988,3.31155586242676,162,3,True,True,
change_to_right,True,False,False,False,True,False,True,True,change_to_left,0.999001221572541,3.31684637069702,162,4,True,True,
change_to_right,True,False,False,False,True,False,True,True,change_to_right,0.999446229798188,3.2553083896637,162,5,True,True,
change_to_left,True,False,False,False,True,True,False,True,swerve_right,0.000999001114817,3.26401305198669,163,1,True,False,*
change_to_left,True,False,False,False,True,True,False,True,keep,0.000999097579149,3.28998374938965,163,2,True,False,
change_to_left,True,False,False,False,True,True,False,True,swerve_left,0.500000132298488,3.27390027046204,163,3,True,False,
change_to_left,True,False,False,False,True,True,False,True,change_to_right,0.999001196967709,3.27060222625732,163,4,True,True,
change_to_left,True,False,False,False,True,True,False,True,cruise,0.999001198159046,3.27425622940063,163,5,True,True,
change_to_left,True,False,False,False,True,True,False,True,change_to_left,0.999529929617581,3.27813291549683,163,6,True,True,
cruise,True,False,False,False,True,True,False,True,swerve_right,0.000999001115006,3.26045775413513,164,1,True,False,*
cruise,True,False,False,False,True,True,False,True,keep,0.000999097737738,3.26013255119324,164,2,True,False,
cruise,True,False,False,False,True,True,False,True,swerve_left,0.50000013251573,3.28282570838928,164,3,True,False,
cruise,True,False,False,False,True,True,False,True,change_to_left,0.999001197291142,3.27329754829407,164,4,True,True,
cruise,True,False,False,False,True,True,False,True,change_to_right,0.999001197291142,3.26952147483826,164,4,True,True,
cruise,True,False,False,False,True,True,False,True,cruise,0.99953079815377,3.28437471389771,164,5,True,True,
change_to_right,True,False,False,False,True,True,False,True,swerve_right,0.000999001114817,3.31253886222839,165,1,True,False,*
change_to_right,True,False,False,False,True,True,False,True,keep,0.000999097579149,3.29313087463379,165,2,True,False,
change_to_right,True,False,False,False,True,True,False,True,swerve_left,0.500000132298488,3.27568697929382,165,3,True,False,
change_to_right,True,False,False,False,True,True,False,True,change_to_left,0.999001196967709,3.29100847244263,165,4,True,True,
change_to_right,True,False,False,False,True,True,False,True,cruise,0.999001198159046,3.30074834823608,165,5,True,True,
change_to_right,True,False,False,False,True,True,False,True,change_to_right,0.999529929617581,3.26405310630798,165,6,True,True,
change_to_left,True,False,False,False,True,True,True,True,swerve_right,0.000999001794852,3.29512119293213,166,1,True,False,*
change_to_left,True,False,False,False,True,True,True,True,swerve_left,0.000999001794852,3.24085187911987,166,2,True,False,
change_to_left,True,False,False,False,True,True,True,True,keep,0.000999540419919,3.33135890960693,166,3,True,False,
change_to_left,True,False,False,False,True,True,True,True,change_to_right,0.999001094713611,3.29495215415955,166,4,True,True,
change_to_left,True,False,False,False,True,True,True,True,cruise,0.999001094925599,3.27134537696838,166,5,True,True,
change_to_left,True,False,False,False,True,True,True,True,change_to_left,0.999798203770118,3.26219582557678,166,6,True,True,
cruise,True,False,False,False,True,True,True,True,swerve_left,0.000999001793226,3.25163292884827,167,1,True,False,
cruise,True,False,False,False,True,True,True,True,swerve_right,0.000999001793226,3.29634237289429,167,1,True,False,*
cruise,True,False,False,False,True,True,True,True,keep,0.000999539316489,3.27170038223267,167,2,True,False,
cruise,True,False,False,False,True,True,True,True,change_to_right,0.999001094519866,3.28337359428406,167,3,True,True,
cruise,True,False,False,False,True,True,True,True,change_to_left,0.999001096554891,3.25565218925476,167,4,True,True,
cruise,True,False,False,False,True,True,True,True,cruise,0.999796573021623,3.25168085098267,167,5,True,True,
change_to_right,True,False,False,False,True,True,True,True,swerve_left,0.000999001793038,3.27658176422119,168,1,True,False,*
change_to_right,True,False,False,False,True,True,True,True,swerve_right,0.000999001793038,3.30187296867371,168,1,True,False,
change_to_right,True,False,False,False,True,True,True,True,keep,0.000999539188472,3.2752046585083,168,2,True,False,
change_to_right,True,False,False,False,True,True,True,True,cruise,0.999001094708893,3.26968884468079,168,3,True,True,
change_to_right,True,False,False,False,True,True,True,True,change_to_left,0.99900109653193,3.25281357765198,168,4,True,True,
change_to_right,True,False,False,False,True,True,True,True,change_to_right,0.999796383826386,3.2713418006897,168,5,True,True,
cruise,True,False,False,True,False,False,False,True,keep,0.00099900105906,3.25725483894348,169,1,True,False,*
cruise,True,False,False,True,False,False,False,True,swerve_left,0.500000111148416,3.28089618682861,169,2,True,False,
cruise,True,False,False,True,False,False,False,True,swerve_right,0.500000111148416,3.26329874992371,169,3,True,False,
cruise,True,False,False,True,False,False,False,True,change_to_left,0.999001221013429,3.278400182724,169,4,True,True,
cruise,True,False,False,True,False,False,False,True,change_to_right,0.999001221543143,3.30159759521484,169,5,True,True,
cruise,True,False,False,True,False,False,False,True,cruise,0.999445815734342,3.3383424282074,169,6,True,True,
change_to_left,True,False,False,True,False,False,False,True,keep,0.000999001059013,3.25005173683167,170,1,True,False,*
change_to_left,True,False,False,True,False,False,False,True,swerve_left,0.50000011106002,3.28453969955444,170,2,True,False,
change_to_left,True,False,False,True,False,False,False,True,swerve_right,0.50000011106002,3.25696039199829,170,2,True,False,
change_to_left,True,False,False,True,False,False,False,True,change_to_right,0.999001221366951,3.25452470779419,170,3,True,True,
change_to_left,True,False,False,True,False,False,False,True,cruise,0.999001221366951,3.28726387023926,170,3,True,True,
change_to_left,True,False,False,True,False,False,False,True,change_to_left,0.999445461975722,3.28857612609863,170,4,True,True,
change_to_right,True,False,False,True,False,False,False,True,keep,0.00099900105906,3.26358532905579,171,1,True,False,*
change_to_right,True,False,False,True,False,False,False,True,swerve_left,0.500000111148416,3.27369332313538,171,2,True,False,
change_to_right,True,False,False,True,False,False,False,True,swerve_right,0.500000111148416,3.2550003528595,171,2,True,False,
change_to_right,True,False,False,True,False,False,False,True,change_to_left,0.999001221013429,3.30189681053162,171,3,True,True,
change_to_right,True,False,False,True,False,False,False,True,cruise,0.999001221543143,3.27618360519409,171,4,True,True,
change_to_right,True,False,False,True,False,False,False,True,change_to_right,0.999445815734342,3.26860165596008,171,5,True,True,
cruise,True,False,False,True,False,False,True,True,swerve_right,0.000999001499238,3.23951411247253,172,1,True,False,*
cruise,True,False,False,True,False,False,True,True,change_to_left,0.000999001499238,3.28014993667603,172,2,True,False,
cruise,True,False,False,True,False,False,True,True,keep,0.000999001499238,3.26693511009216,172,2,True,False,
cruise,True,False,False,True,False,False,True,True,swerve_left,0.000999001499238,3.29305911064148,172,2,True,False,
cruise,True,False,False,True,False,False,True,True,change_to_right,0.999001496763358,3.28465533256531,172,3,True,True,
cruise,True,False,False,True,False,False,True,True,cruise,0.999502735403155,3.2881920337677,172,4,True,True,
change_to_right,True,False,False,True,False,False,True,True,change_to_left,0.000999001499238,3.29106545448303,173,1,True,False,
change_to_right,True,False,False,True,False,False,True,True,keep,0.000999001499238,3.27948212623596,173,1,True,False,*
change_to_right,True,False,False,True,False,False,True,True,swerve_left,0.000999001499238,3.28635287284851,173,1,True,False,
change_to_right,True,False,False,True,False,False,True,True,swerve_right,0.000999001499238,3.30129456520081,173,1,True,False,
change_to_right,True,False,False,True,False,False,True,True,cruise,0.999001496763358,3.30237579345703,173,2,True,True,
change_to_right,True,False,False,True,False,False,True,True,change_to_right,0.999502735403155,3.2555935382843,173,3,True,True,
change_to_left,True,False,False,True,False,True,False,True,keep,0.00099900105879,3.28208637237549,174,1,True,False,*
change_to_left,True,False,False,True,False,True,False,True,swerve_left,0.500000110920369,3.24515080451965,174,2,True,False,
change_to_left,True,False,False,True,False,True,False,True,swerve_right,0.500000110920369,3.31102633476257,174,2,True,False,
change_to_left,True,False,False,True,False,True,False,True,change_to_right,0.99900122064881,3.26965141296387,174,3,True,True,
change_to_left,True,False,False,True,False,True,False,True,cruise,0.999001222366094,3.26855993270874,174,4,True,True,
change_to_left,True,False,False,True,False,True,False,True,change_to_left,0.999444903091086,3.24947285652161,174,5,True,True,
change_to_right,True,False,False,True,False,True,False,True,keep,0.000999001058872,3.26991701126099,175,1,True,False,*
change_to_right,True,False,False,True,False,True,False,True,swerve_left,0.500000111074382,3.23915886878967,175,2,True,False,
change_to_right,True,False,False,True,False,True,False,True,swerve_right,0.500000111074382,3.27789545059204,175,2,True,False,
change_to_right,True,False,False,True,False,True,False,True,change_to_left,0.999001220032857,3.25732111930847,175,3,True,True,
change_to_right,True,False,False,True,False,True,False,True,cruise,0.999001222674851,3.26159715652466,175,4,True,True,
change_to_right,True,False,False,True,False,True,False,True,change_to_right,0.999445519453504,3.29602980613708,175,5,True,True,
cruise,True,False,False,True,False,True,False,True,keep,0.000999001059024,3.29046440124512,176,1,True,False,*
cruise,True,False,False,True,False,True,False,True,swerve_left,0.500000111361541,3.26772284507751,176,2,True,False,
cruise,True,False,False,True,False,True,False,True,swerve_right,0.500000111361541,3.3028838634491,176,2,True,False,
cruise,True,False,False,True,False,True,False,True,change_to_left,0.999001220601704,3.25878691673279,176,3,True,True,
cruise,True,False,False,True,False,True,False,True,change_to_right,0.999001221526413,3.28693842887878,176,4,True,True,
cruise,True,False,False,True,False,True,False,True,cruise,0.999446668660308,3.24956202507019,176,5,True,True,
cruise,True,False,False,True,False,True,True,True,change_to_left,0.000999001099848,3.26404666900635,177,1,True,False,*
cruise,True,False,False,True,False,True,True,True,keep,0.000999001199696,3.264328956604,177,2,True,False,
cruise,True,False,False,True,False,True,True,True,swerve_left,0.00099900149994,3.31032609939575,177,3,True,False,
cruise,True,False,False,True,False,True,True,True,swerve_right,0.00099900149994,3.25199675559998,177,3,True,False,
cruise,True,False,False,True,False,True,True,True,change_to_right,0.999001497059561,3.2586305141449,177,4,True,True,
cruise,True,False,False,True,False,True,True,True,cruise,0.999502440291931,3.32462668418884,177,5,True,True,
change_to_right,True,False,False,True,False,True,True,True,change_to_left,0.00099900109969,3.33704257011414,178,1,True,False,*
change_to_right,True,False,False,True,False,True,True,True,keep,0.000999001199379,3.29337763786316,178,2,True,False,
change_to_right,True,False,False,True,False,True,True,True,swerve_left,0.000999001499147,3.30911898612976,178,3,True,False,
change_to_right,True,False,False,True,False,True,True,True,swerve_right,0.000999001499147,3.26501250267029,178,3,True,False,
change_to_right,True,False,False,True,False,True,True,True,cruise,0.999001497854473,3.29493808746338,178,4,True,True,
change_to_right,True,False,False,True,False,True,True,True,change_to_right,0.999501644584344,3.24780082702637,178,5,True,True,
cruise,True,False,False,True,True,False,False,True,keep,0.000999001709002,3.2618625164032,179,1,True,False,*
cruise,True,False,False,True,True,False,False,True,swerve_left,0.500000111310232,3.26457571983337,179,2,True,False,
cruise,True,False,False,True,True,False,False,True,swerve_right,0.500000111310232,3.25190496444702,179,2,True,False,
cruise,True,False,False,True,True,False,False,True,change_to_left,0.999001220982801,3.29449081420898,179,3,True,True,
cruise,True,False,False,True,True,False,False,True,change_to_right,0.99900122124736,3.25897860527039,179,4,True,True,
cruise,True,False,False,True,True,False,False,True,cruise,0.999446463323527,3.31440281867981,179,5,True,True,
change_to_left,True,False,False,True,True,False,False,True,keep,0.00099900170858,3.25888442993164,180,1,True,False,*
change_to_left,True,False,False,True,True,False,False,True,swerve_left,0.500000111243941,3.26685118675232,180,2,True,False,
change_to_left,True,False,False,True,True,False,False,True,swerve_right,0.500000111243941,3.24412131309509,180,3,True,False,
change_to_left,True,False,False,True,True,False,False,True,change_to_right,0.999001221115594,3.24103879928589,180,4,True,True,
change_to_left,True,False,False,True,True,False,False,True,cruise,0.999001221247923,3.28444170951843,180,5,True,True,
change_to_left,True,False,False,True,True,False,False,True,change_to_left,0.999446198024951,3.27522873878479,180,6,True,True,
change_to_right,True,False,False,True,True,False,False,True,keep,0.000999001708861,3.29728603363037,181,1,True,False,*
change_to_right,True,False,False,True,True,False,False,True,swerve_left,0.500000111288121,3.2646336555481,181,2,True,False,
change_to_right,True,False,False,True,True,False,False,True,swerve_right,0.500000111288121,3.28361344337463,181,2,True,False,
change_to_right,True,False,False,True,True,False,False,True,change_to_left,0.999001220938904,3.26946926116943,181,3,True,True,
change_to_right,True,False,False,True,True,False,False,True,cruise,0.999001221335791,3.27974486351013,181,4,True,True,
change_to_right,True,False,False,True,True,False,False,True,change_to_right,0.999446374833336,3.26451349258423,181,5,True,True,
cruise,True,False,False,True,True,False,True,True,swerve_left,0.000999001099781,3.2434196472168,182,1,True,False,*
cruise,True,False,False,True,True,False,True,True,swerve_right,0.000999001511276,3.28276300430298,182,2,True,False,
cruise,True,False,False,True,True,False,True,True,keep,0.000999003195182,3.30301523208618,182,3,True,False,
cruise,True,False,False,True,True,False,True,True,change_to_left,0.000999011078037,3.27265763282776,182,4,True,False,
cruise,True,False,False,True,True,False,True,True,change_to_right,0.999001486189384,3.33015894889832,182,5,True,True,
cruise,True,False,False,True,True,False,True,True,cruise,0.999513298802602,3.24040055274963,182,6,True,True,
change_to_right,True,False,False,True,True,False,True,True,swerve_left,0.000999001099781,3.2606999874115,183,1,True,False,*
change_to_right,True,False,False,True,True,False,True,True,swerve_right,0.000999001511276,3.30498456954956,183,2,True,False,
change_to_right,True,False,False,True,True,False,True,True,keep,0.000999003195182,3.31864261627197,183,3,True,False,
change_to_right,True,False,False,True,True,False,True,True,change_to_left,0.000999011078037,3.25830388069153,183,4,True,False,
change_to_right,True,False,False,True,True,False,True,True,cruise,0.999001486189384,3.25935673713684,183,5,True,True,
change_to_right,True,False,False,True,True,False,True,True,change_to_right,0.999513298802602,3.28256440162659,183,6,True,True,
change_to_left,True,False,False,True,True,True,False,True,keep,0.000999007173228,3.28655529022217,184,1,True,False,*
change_to_left,True,False,False,True,True,True,False,True,swerve_right,0.500000112440677,3.28428649902344,184,2,True,False,
change_to_left,True,False,False,True,True,True,False,True,swerve_left,0.500000112440677,3.26172876358032,184,3,True,False,
change_to_left,True,False,False,True,True,True,False,True,change_to_right,0.999001219313496,3.31579613685608,184,4,True,True,
change_to_left,True,False,False,True,True,True,False,True,cruise,0.999001220616646,3.25546979904175,184,5,True,True,
change_to_left,True,False,False,True,True,True,False,True,change_to_left,0.999450987362766,3.23752164840698,184,6,True,True,
cruise,True,False,False,True,True,True,False,True,keep,0.000999007194873,3.27770161628723,185,1,True,False,*
cruise,True,False,False,True,True,True,False,True,swerve_left,0.500000112834932,3.30146598815918,185,2,True,False,
cruise,True,False,False,True,True,True,False,True,swerve_right,0.500000112834932,3.24659991264343,185,3,True,False,
cruise,True,False,False,True,True,True,False,True,change_to_left,0.999001219039901,3.2437424659729,185,4,True,True,
cruise,True,False,False,True,True,True,False,True,change_to_right,0.999001220082482,3.2798388004303,185,5,True,True,
cruise,True,False,False,True,True,True,False,True,cruise,0.999452565167965,3.26830863952637,185,6,True,True,
change_to_right,True,False,False,True,True,True,False,True,keep,0.00099900718283,3.28524947166443,186,1,True,False,*
change_to_right,True,False,False,True,True,True,False,True,swerve_right,0.500000112615566,3.25577807426453,186,2,True,False,
change_to_right,True,False,False,True,True,True,False,True,swerve_left,0.500000112615566,3.29353737831116,186,3,True,False,
change_to_right,True,False,False,True,True,True,False,True,change_to_left,0.99900121861406,3.31567621231079,186,4,True,True,
change_to_right,True,False,False,True,True,True,False,True,cruise,0.999001220959791,3.3115701675415,186,5,True,True,
change_to_right,True,False,False,True,True,True,False,True,change_to_right,0.999451687268507,3.28565835952759,186,6,True,True,
cruise,True,False,False,True,True,True,True,True,swerve_right,0.000999001779118,3.25100088119507,187,1,True,False,*
cruise,True,False,False,True,True,True,True,True,swerve_left,0.000999003654699,3.27939796447754,187,2,True,False,
cruise,True,False,False,True,True,True,True,True,keep,0.000999013456823,3.25774836540222,187,3,True,False,
cruise,True,False,False,True,True,True,True,True,change_to_left,0.000999424210018,3.29030132293701,187,4,True,False,
cruise,True,False,False,True,True,True,True,True,change_to_right,0.99900121761161,3.24411368370056,187,5,True,True,
cruise,True,False,False,True,True,True,True,True,cruise,0.99978160847862,3.28673768043518,187,6,True,True,
change_to_right,True,False,False,True,True,True,True,True,swerve_right,0.000999001778336,3.24948930740356,188,1,True,False,*
change_to_right,True,False,False,True,True,True,True,True,swerve_left,0.000999003652033,3.27931189537048,188,2,True,False,
change_to_right,True,False,False,True,True,True,True,True,keep,0.000999013444313,3.25790643692017,188,3,True,False,
change_to_right,True,False,False,True,True,True,True,True,change_to_left,0.000999423785007,3.28962111473083,188,4,True,False,
change_to_right,True,False,False,True,True,True,True,True,cruise,0.999001218394756,3.38224577903748,188,5,True,True,
change_to_right,True,False,False,True,True,True,True,True,change_to_right,0.999780824548425,3.25778865814209,188,6,True,True,
change_to_left,True,False,True,False,False,False,False,True,cruise,0.000999001099749,3.26340341567993,189,1,True,False,*
change_to_left,True,False,True,False,False,False,False,True,swerve_right,0.000999001498844,3.41139149665833,189,2,True,False,
change_to_left,True,False,True,False,False,False,False,True,keep,0.500000125022863,3.39392924308777,189,3,True,False,
change_to_left,True,False,True,False,False,False,False,True,swerve_left,0.500000125022863,3.40826654434204,189,3,True,False,
change_to_left,True,False,True,False,False,False,False,True,change_to_right,0.999001496664557,3.25203704833984,189,4,True,True,
change_to_left,True,False,True,False,False,False,False,True,change_to_left,0.999501840825487,3.27718687057495,189,5,True,True,
change_to_right,True,False,True,False,False,False,False,True,cruise,0.000999001099749,3.38226675987244,190,1,True,False,*
change_to_right,True,False,True,False,False,False,False,True,swerve_right,0.000999001498844,3.40885376930237,190,2,True,False,
change_to_right,True,False,True,False,False,False,False,True,keep,0.500000125022863,3.40208649635315,190,3,True,False,
change_to_right,True,False,True,False,False,False,False,True,swerve_left,0.500000125022863,3.36750864982605,190,3,True,False,
change_to_right,True,False,True,False,False,False,False,True,change_to_left,0.999001496664557,3.34997391700745,190,4,True,True,
change_to_right,True,False,True,False,False,False,False,True,change_to_right,0.999501840825487,3.42774724960327,190,5,True,True,
change_to_left,True,False,True,False,False,False,True,True,cruise,0.000999001498989,3.3599271774292,191,1,True,False,*
change_to_left,True,False,True,False,False,False,True,True,keep,0.000999001498989,3.39627647399902,191,1,True,False,
change_to_left,True,False,True,False,False,False,True,True,swerve_left,0.000999001498989,3.3830361366272,191,2,True,False,
change_to_left,True,False,True,False,False,False,True,True,swerve_right,0.500000125059137,3.39600324630737,191,3,True,False,
change_to_left,True,False,True,False,False,False,True,True,change_to_right,0.999001496516336,3.41823506355286,191,4,True,True,
change_to_left,True,False,True,False,False,False,True,True,change_to_left,0.999502485908744,3.36133694648743,191,5,True,True,
change_to_right,True,False,True,False,False,False,True,True,cruise,0.000999001498989,3.36462640762329,192,1,True,False,*
change_to_right,True,False,True,False,False,False,True,True,keep,0.000999001498989,3.40075898170471,192,1,True,False,
change_to_right,True,False,True,False,False,False,True,True,swerve_left,0.000999001498989,3.36540412902832,192,1,True,False,
change_to_right,True,False,True,False,False,False,True,True,swerve_right,0.500000125059137,3.37773275375366,192,2,True,False,
change_to_right,True,False,True,False,False,False,True,True,change_to_left,0.999001496516336,3.38271594047546,192,3,True,True,
change_to_right,True,False,True,False,False,False,True,True,change_to_right,0.999502485908744,3.38954210281372,192,4,True,True,
change_to_left,True,False,True,False,False,True,False,True,swerve_right,0.000999001500225,3.37578225135803,193,1,True,False,*
change_to_left,True,False,True,False,False,True,False,True,cruise,0.000999002496189,3.34975981712341,193,2,True,False,
change_to_left,True,False,True,False,False,True,False,True,keep,0.500000125368805,3.39785671234131,193,3,True,False,
change_to_left,True,False,True,False,False,True,False,True,swerve_left,0.500000125368805,3.41914081573486,193,3,True,False,
change_to_left,True,False,True,False,False,True,False,True,change_to_right,0.999001495277325,3.38733649253845,193,4,True,True,
change_to_left,True,False,True,False,False,True,False,True,change_to_left,0.999503226668817,3.37035036087036,193,5,True,True,
change_to_right,True,False,True,False,False,True,False,True,swerve_right,0.000999001500225,3.35113787651062,194,1,True,False,*
change_to_right,True,False,True,False,False,True,False,True,cruise,0.000999002496189,3.40323877334595,194,2,True,False,
change_to_right,True,False,True,False,False,True,False,True,keep,0.500000125368805,3.34403014183044,194,3,True,False,
change_to_right,True,False,True,False,False,True,False,True,swerve_left,0.500000125368805,3.39841938018799,194,3,True,False,
change_to_right,True,False,True,False,False,True,False,True,change_to_left,0.999001495277325,3.42665147781372,194,4,True,True,
change_to_right,True,False,True,False,False,True,False,True,change_to_right,0.999503226668817,3.37978839874268,194,5,True,True,
change_to_left,True,False,True,False,False,True,True,True,keep,0.000999001507507,3.38556456565857,195,1,True,False,*
change_to_left,True,False,True,False,False,True,True,True,swerve_left,0.000999001507507,3.3999502658844,195,2,True,False,
change_to_left,True,False,True,False,False,True,True,True,cruise,0.000999011023291,3.40145707130432,195,3,True,False,
change_to_left,True,False,True,False,False,True,True,True,swerve_right,0.500000127193814,3.38602161407471,195,4,True,False,
change_to_left,True,False,True,False,False,True,True,True,change_to_right,0.999001488453511,3.34946250915527,195,5,True,True,
change_to_left,True,False,True,False,False,True,True,True,change_to_left,0.999510537644626,3.41501665115356,195,6,True,True,
change_to_right,True,False,True,False,False,True,True,True,keep,0.000999001510025,3.36537599563599,196,1,True,False,*
change_to_right,True,False,True,False,False,True,True,True,swerve_left,0.000999001510025,3.40958428382874,196,2,True,False,
change_to_right,True,False,True,False,False,True,True,True,cruise,0.000999011073022,3.40246653556824,196,3,True,False,
change_to_right,True,False,True,False,False,True,True,True,swerve_right,0.500000127824888,3.36567425727844,196,4,True,False,
change_to_right,True,False,True,False,False,True,True,True,change_to_left,0.99900148592796,3.42322540283203,196,5,True,True,
change_to_right,True,False,True,False,False,True,True,True,change_to_right,0.999513065723043,3.38147807121277,196,6,True,True,
change_to_left,True,False,True,False,True,False,False,True,swerve_right,0.00099900150958,3.41541171073914,197,1,True,False,*
change_to_left,True,False,True,False,True,False,False,True,cruise,0.000999014340111,3.38042449951172,197,2,True,False,
change_to_left,True,False,True,False,True,False,False,True,keep,0.500000127713331,3.35546016693115,197,3,True,False,
change_to_left,True,False,True,False,True,False,False,True,swerve_left,0.500000127713331,3.40476012229919,197,3,True,False,
change_to_left,True,False,True,False,True,False,False,True,change_to_right,0.999001485871515,3.37270045280457,197,4,True,True,
change_to_left,True,False,True,False,True,False,False,True,change_to_left,0.999512618823507,3.38643264770508,197,5,True,True,
change_to_right,True,False,True,False,True,False,False,True,swerve_right,0.000999001513803,3.411536693573,198,1,True,False,*
change_to_right,True,False,True,False,True,False,False,True,cruise,0.000999014450681,3.36359453201294,198,2,True,False,
change_to_right,True,False,True,False,True,False,False,True,keep,0.500000128771889,3.40781450271606,198,3,True,False,
change_to_right,True,False,True,False,True,False,False,True,swerve_left,0.500000128771889,3.37663388252258,198,4,True,False,
change_to_right,True,False,True,False,True,False,False,True,change_to_left,0.999001481635174,3.36966705322266,198,5,True,True,
change_to_right,True,False,True,False,True,False,False,True,change_to_right,0.999516859401448,3.41678404808044,198,6,True,True,
change_to_left,True,False,True,False,True,False,True,True,keep,0.000999001500867,3.28594398498535,199,1,True,False,*
change_to_left,True,False,True,False,True,False,True,True,swerve_left,0.000999001500867,3.25343942642212,199,2,True,False,
change_to_left,True,False,True,False,True,False,True,True,cruise,0.000999002896095,3.27877926826477,199,3,True,False,
change_to_left,True,False,True,False,True,False,True,True,swerve_right,0.50000012552977,3.27161645889282,199,4,True,False,
change_to_left,True,False,True,False,True,False,True,True,change_to_right,0.999001495128867,3.40797257423401,199,5,True,True,
change_to_left,True,False,True,False,True,False,True,True,change_to_left,0.999503871495194,3.39533257484436,199,6,True,True,
change_to_right,True,False,True,False,True,False,True,True,keep,0.000999001500867,3.28779220581055,200,1,True,False,*
change_to_right,True,False,True,False,True,False,True,True,swerve_left,0.000999001500867,3.2376811504364,200,2,True,False,
change_to_right,True,False,True,False,True,False,True,True,cruise,0.000999002896095,3.26002955436707,200,3,True,False,
change_to_right,True,False,True,False,True,False,True,True,swerve_right,0.500000125529771,3.28740882873535,200,4,True,False,
change_to_right,True,False,True,False,True,False,True,True,change_to_left,0.999001495128867,3.25895619392395,200,5,True,True,
change_to_right,True,False,True,False,True,False,True,True,change_to_right,0.999503871495193,3.26675319671631,200,6,True,True,
change_to_left,True,False,True,False,True,True,False,True,swerve_right,0.000999001278381,3.27852129936218,201,1,True,False,*
change_to_left,True,False,True,False,True,True,False,True,cruise,0.000999162502556,3.25347304344177,201,2,True,False,
change_to_left,True,False,True,False,True,True,False,True,keep,0.500000156957769,3.2489230632782,201,3,True,False,
change_to_left,True,False,True,False,True,True,False,True,swerve_left,0.500000156957769,3.27405858039856,201,3,True,False,
change_to_left,True,False,True,False,True,True,False,True,change_to_right,0.999001369231208,3.26989078521729,201,4,True,True,
change_to_left,True,False,True,False,True,True,False,True,change_to_left,0.999629144672352,3.26731276512146,201,5,True,True,
change_to_right,True,False,True,False,True,True,False,True,swerve_right,0.000999001278773,3.24309778213501,202,1,True,False,*
change_to_right,True,False,True,False,True,True,False,True,cruise,0.000999162729982,3.27627491950989,202,2,True,False,
change_to_right,True,False,True,False,True,True,False,True,keep,0.500000157178795,3.26645016670227,202,3,True,False,
change_to_right,True,False,True,False,True,True,False,True,swerve_left,0.500000157178795,3.27913475036621,202,3,True,False,
change_to_right,True,False,True,False,True,True,False,True,change_to_left,0.999001368347546,3.33232498168945,202,4,True,True,
change_to_right,True,False,True,False,True,True,False,True,change_to_right,0.999630029217184,3.28077340126038,202,5,True,True,
change_to_left,True,False,True,False,True,True,True,True,swerve_left,0.000999001077221,3.29243683815002,203,1,True,False,*
change_to_left,True,False,True,False,True,True,True,True,keep,0.000999001231663,3.26534271240234,203,2,True,False,
change_to_left,True,False,True,False,True,True,True,True,cruise,0.000999349122445,3.27934956550598,203,3,True,False,
change_to_left,True,False,True,False,True,True,True,True,swerve_right,0.500000184071604,3.25132918357849,203,4,True,False,
change_to_left,True,False,True,False,True,True,True,True,change_to_right,0.999001261847003,3.26039433479309,203,5,True,True,
change_to_left,True,False,True,False,True,True,True,True,change_to_left,0.999736918639894,3.27678728103638,203,6,True,True,
change_to_right,True,False,True,False,True,True,True,True,swerve_left,0.000999001077232,3.32158374786377,204,1,True,False,*
change_to_right,True,False,True,False,True,True,True,True,keep,0.000999001231696,3.24666428565979,204,2,True,False,
change_to_right,True,False,True,False,True,True,True,True,cruise,0.000999349172038,3.28909230232239,204,3,True,False,
change_to_right,True,False,True,False,True,True,True,True,swerve_right,0.500000184097826,3.24474334716797,204,4,True,False,
change_to_right,True,False,True,False,True,True,True,True,change_to_left,0.99900126174227,3.2822699546814,204,5,True,True,
change_to_right,True,False,True,False,True,True,True,True,change_to_right,0.999737023477513,3.25997090339661,204,6,True,True,
change_to_left,True,False,True,True,False,False,False,True,cruise,0.00099900189728,3.2718071937561,205,1,True,False,*
change_to_left,True,False,True,True,False,False,False,True,keep,0.500000125158442,3.25607514381409,205,2,True,False,
change_to_left,True,False,True,True,False,False,False,True,swerve_left,0.500000125158442,3.27897214889526,205,3,True,False,
change_to_left,True,False,True,True,False,False,False,True,swerve_right,0.500000125158442,3.29432344436646,205,3,True,False,
change_to_left,True,False,True,True,False,False,False,True,change_to_right,0.999001495624116,3.2527494430542,205,4,True,True,
change_to_left,True,False,True,True,False,False,False,True,change_to_left,0.999502383954532,3.27847838401794,205,5,True,True,
change_to_right,True,False,True,True,False,False,False,True,cruise,0.00099900189728,3.26094269752502,206,1,True,False,*
change_to_right,True,False,True,True,False,False,False,True,keep,0.500000125158442,3.29470276832581,206,2,True,False,
change_to_right,True,False,True,True,False,False,False,True,swerve_left,0.500000125158442,3.28535723686218,206,3,True,False,
change_to_right,True,False,True,True,False,False,False,True,swerve_right,0.500000125158442,3.30397033691406,206,3,True,False,
change_to_right,True,False,True,True,False,False,False,True,change_to_left,0.999001495624117,3.24907541275024,206,4,True,True,
change_to_right,True,False,True,True,False,False,False,True,change_to_right,0.999502383954532,3.30123424530029,206,5,True,True,
change_to_right,True,False,True,True,False,False,True,True,change_to_left,0.000999001993525,3.26429557800293,207,1,True,False,
change_to_right,True,False,True,True,False,False,True,True,keep,0.000999001993525,3.28177547454834,207,1,True,False,*
change_to_right,True,False,True,True,False,False,True,True,swerve_left,0.000999001993525,3.27041816711426,207,2,True,False,
change_to_right,True,False,True,True,False,False,True,True,cruise,0.000999004562449,3.25679063796997,207,3,True,False,
change_to_right,True,False,True,True,False,False,True,True,swerve_right,0.500000249001968,3.32156920433044,207,4,True,False,
change_to_right,True,False,True,True,False,False,True,True,change_to_right,0.99999949544322,3.29103326797485,207,5,True,True,
change_to_left,True,False,True,True,False,True,False,True,cruise,0.000999007080238,3.2582836151123,208,1,True,False,*
change_to_left,True,False,True,True,False,True,False,True,keep,0.500000126428992,3.30452084541321,208,2,True,False,
change_to_left,True,False,True,True,False,True,False,True,swerve_left,0.500000126428992,3.26500105857849,208,2,True,False,
change_to_left,True,False,True,True,False,True,False,True,swerve_right,0.500000126428992,3.29014301300049,208,2,True,False,
change_to_left,True,False,True,True,False,True,False,True,change_to_right,0.999001490529196,3.29375553131104,208,3,True,True,
change_to_left,True,False,True,True,False,True,False,True,change_to_left,0.999507473772842,3.26863503456116,208,4,True,True,
change_to_right,True,False,True,True,False,True,False,True,cruise,0.000999007080238,3.26355695724487,209,1,True,False,*
change_to_right,True,False,True,True,False,True,False,True,keep,0.500000126428992,3.28133988380432,209,2,True,False,
change_to_right,True,False,True,True,False,True,False,True,swerve_left,0.500000126428992,3.27508425712585,209,2,True,False,
change_to_right,True,False,True,True,False,True,False,True,swerve_right,0.500000126428992,3.28353953361511,209,2,True,False,
change_to_right,True,False,True,True,False,True,False,True,change_to_left,0.999001490529196,3.26056122779846,209,3,True,True,
change_to_right,True,False,True,True,False,True,False,True,change_to_right,0.999507473772842,3.27975726127625,209,4,True,True,
change_to_right,True,False,True,True,False,True,True,True,keep,0.000999001994384,3.27123165130615,210,1,True,False,
change_to_right,True,False,True,True,False,True,True,True,swerve_left,0.000999001994384,3.30484580993652,210,1,True,False,*
change_to_right,True,False,True,True,False,True,True,True,cruise,0.000999033077896,3.31104707717896,210,2,True,False,
change_to_right,True,False,True,True,False,True,True,True,change_to_left,0.000999104939846,3.30438017845154,210,3,True,False,
change_to_right,True,False,True,True,False,True,True,True,swerve_right,0.500000249217391,3.25186228752136,210,4,True,False,
change_to_right,True,False,True,True,False,True,True,True,change_to_right,0.999999363348185,3.28002023696899,210,5,True,True,
change_to_left,True,False,True,True,True,False,False,True,cruise,0.000999110399577,3.28047251701355,211,1,True,False,*
change_to_left,True,False,True,True,True,False,False,True,keep,0.500000147790947,3.24824500083923,211,2,True,False,
change_to_left,True,False,True,True,True,False,False,True,swerve_right,0.500000147790947,3.24851751327515,211,2,True,False,
change_to_left,True,False,True,True,True,False,False,True,swerve_left,0.500000147790948,3.29866290092468,211,3,True,False,
change_to_left,True,False,True,True,True,False,False,True,change_to_right,0.99900140486654,3.25229239463806,211,4,True,True,
change_to_left,True,False,True,True,True,False,False,True,change_to_left,0.999593049634545,3.32836318016052,211,5,True,True,
change_to_right,True,False,True,True,True,False,False,True,cruise,0.000999110578797,3.27796077728271,212,1,True,False,*
change_to_right,True,False,True,True,True,False,False,True,swerve_left,0.500000148033061,3.29538226127625,212,2,True,False,
change_to_right,True,False,True,True,True,False,False,True,swerve_right,0.500000148033061,3.2678816318512,212,2,True,False,
change_to_right,True,False,True,True,True,False,False,True,keep,0.500000148033061,3.26137232780457,212,3,True,False,
change_to_right,True,False,True,True,True,False,False,True,change_to_left,0.999001403897603,3.25757312774658,212,4,True,True,
change_to_right,True,False,True,True,True,False,False,True,change_to_right,0.99959401953953,3.25481939315796,212,5,True,True,
change_to_right,True,False,True,True,True,False,True,True,keep,0.000999001994158,3.27982139587402,213,1,True,False,*
change_to_right,True,False,True,True,True,False,True,True,swerve_left,0.000999001994158,3.26856637001038,213,1,True,False,
change_to_right,True,False,True,True,True,False,True,True,cruise,0.000999151598977,3.29202795028687,213,2,True,False,
change_to_right,True,False,True,True,True,False,True,True,change_to_left,0.000999212761189,3.29518580436707,213,3,True,False,
change_to_right,True,False,True,True,True,False,True,True,swerve_right,0.500000249160826,3.3067934513092,213,4,True,False,
change_to_right,True,False,True,True,True,False,True,True,change_to_right,0.999999136750893,3.27996397018433,213,5,True,True,
change_to_left,True,False,True,True,True,True,False,True,cruise,0.000999170638214,3.27657699584961,214,1,True,False,*
change_to_left,True,False,True,True,True,True,False,True,swerve_left,0.500000157781111,3.25544285774231,214,2,True,False,
change_to_left,True,False,True,True,True,True,False,True,keep,0.500000157781111,3.31510162353516,214,3,True,False,
change_to_left,True,False,True,True,True,True,False,True,swerve_right,0.500000157781111,3.29576349258423,214,3,True,False,
change_to_left,True,False,True,True,True,True,False,True,change_to_right,0.999001364802632,3.32114148139954,214,4,True,True,
change_to_left,True,False,True,True,True,True,False,True,change_to_left,0.999633070169065,3.27040863037109,214,5,True,True,
change_to_right,True,False,True,True,True,True,False,True,cruise,0.000999171761179,3.2502293586731,215,1,True,False,*
change_to_right,True,False,True,True,True,True,False,True,keep,0.500000158825584,3.27998924255371,215,2,True,False,
change_to_right,True,False,True,True,True,True,False,True,swerve_left,0.500000158825584,3.51376390457153,215,3,True,False,
change_to_right,True,False,True,True,True,True,False,True,swerve_right,0.500000158825584,3.29934358596802,215,3,True,False,
change_to_right,True,False,True,True,True,True,False,True,change_to_left,0.999001360622656,3.26389670372009,215,4,True,True,
change_to_right,True,False,True,True,True,True,False,True,change_to_right,0.999637254321779,3.318932056427,215,5,True,True,
change_to_right,True,False,True,True,True,True,True,True,swerve_left,0.000999001108925,3.26853680610657,216,1,True,False,*
change_to_right,True,False,True,True,True,True,True,True,keep,0.00099900121785,3.28463387489319,216,2,True,False,
change_to_right,True,False,True,True,True,True,True,True,cruise,0.000999148397537,3.27419638633728,216,3,True,False,
change_to_right,True,False,True,True,True,True,True,True,change_to_left,0.000999566424074,3.26694440841675,216,4,True,False,
change_to_right,True,False,True,True,True,True,True,True,swerve_right,0.5000002495713,3.30671238899231,216,5,True,False,
change_to_right,True,False,True,True,True,True,True,True,change_to_right,0.999998786555227,3.30529570579529,216,6,True,True,
change_to_left,True,True,False,False,False,False,False,True,keep,0.000999001414165,3.27102255821228,217,1,True,False,*
change_to_left,True,True,False,False,False,False,False,True,swerve_left,0.000999001444162,3.23962068557739,217,2,True,False,
change_to_left,True,True,False,False,False,False,False,True,swerve_right,0.000999001444162,3.29744863510132,217,2,True,False,
change_to_left,True,True,False,False,False,False,False,True,change_to_right,0.99900122143937,3.28812050819397,217,3,True,True,
change_to_left,True,True,False,False,False,False,False,True,cruise,0.99900122143937,3.26918935775757,217,3,True,True,
change_to_left,True,True,False,False,False,False,False,True,change_to_left,0.999446495352768,3.26699066162109,217,4,True,True,
cruise,True,True,False,False,False,False,False,True,keep,0.000999001414165,3.26228284835815,218,1,True,False,*
cruise,True,True,False,False,False,False,False,True,swerve_left,0.000999001444162,3.29374647140503,218,2,True,False,
cruise,True,True,False,False,False,False,False,True,swerve_right,0.000999001444162,3.26036930084229,218,3,True,False,
cruise,True,True,False,False,False,False,False,True,change_to_left,0.99900122143937,3.30586957931519,218,4,True,True,
cruise,True,True,False,False,False,False,False,True,change_to_right,0.99900122143937,3.27184343338013,218,4,True,True,
cruise,True,True,False,False,False,False,False,True,cruise,0.999446495352768,3.32362627983093,218,5,True,True,
change_to_right,True,True,False,False,False,False,False,True,keep,0.000999001414165,3.24923372268677,219,1,True,False,*
change_to_right,True,True,False,False,False,False,False,True,swerve_right,0.000999001444162,3.26743030548096,219,2,True,False,
change_to_right,True,True,False,False,False,False,False,True,swerve_left,0.000999001444162,3.29862904548645,219,3,True,False,
change_to_right,True,True,False,False,False,False,False,True,change_to_left,0.99900122143937,3.27965831756592,219,4,True,True,
change_to_right,True,True,False,False,False,False,False,True,cruise,0.99900122143937,3.27064847946167,219,4,True,True,
change_to_right,True,True,False,False,False,False,False,True,change_to_right,0.999446495352768,3.26796984672546,219,5,True,True,
change_to_left,True,True,False,False,False,False,True,True,keep,0.000999001059166,3.26594614982605,220,1,True,False,*
change_to_left,True,True,False,False,False,False,True,True,swerve_left,0.000999001444104,3.28951239585876,220,2,True,False,
change_to_left,True,True,False,False,False,False,True,True,swerve_right,0.000999001444104,3.28728485107422,220,3,True,False,
change_to_left,True,True,False,False,False,False,True,True,change_to_right,0.999001221454376,3.26736783981323,220,4,True,True,
change_to_left,True,True,False,False,False,False,True,True,cruise,0.999001221454376,3.28495192527771,220,4,True,True,
change_to_left,True,True,False,False,False,False,True,True,change_to_left,0.9994464366521,3.30746722221375,220,5,True,True,
cruise,True,True,False,False,False,False,True,True,keep,0.000999001059108,3.26823282241821,221,1,True,False,*
cruise,True,True,False,False,False,False,True,True,swerve_left,0.000999001443662,3.26343774795532,221,2,True,False,
cruise,True,True,False,False,False,False,True,True,swerve_right,0.000999001443662,3.24073314666748,221,3,True,False,
cruise,True,True,False,False,False,False,True,True,change_to_right,0.999001221234081,3.28205156326294,221,4,True,True,
cruise,True,True,False,False,False,False,True,True,change_to_left,0.999001221897183,3.27925944328308,221,5,True,True,
cruise,True,True,False,False,False,False,True,True,cruise,0.999445993548416,3.28918075561523,221,6,True,True,
change_to_right,True,True,False,False,False,False,True,True,keep,0.000999001059108,3.28360915184021,222,1,True,False,*
change_to_right,True,True,False,False,False,False,True,True,swerve_right,0.000999001443662,3.29056286811829,222,2,True,False,
change_to_right,True,True,False,False,False,False,True,True,swerve_left,0.000999001443662,3.26568031311035,222,3,True,False,
change_to_right,True,True,False,False,False,False,True,True,cruise,0.999001221234081,3.25048494338989,222,4,True,True,
change_to_right,True,True,False,False,False,False,True,True,change_to_left,0.999001221897183,3.28757452964783,222,5,True,True,
change_to_right,True,True,False,False,False,False,True,True,change_to_right,0.999445993548416,3.29138517379761,222,6,True,True,
change_to_left,True,True,False,False,False,True,False,True,swerve_right,0.000999001131583,3.3026168346405,223,1,True,False,*
change_to_left,True,True,False,False,False,True,False,True,swerve_left,0.000999001700332,3.25168609619141,223,2,True,False,
change_to_left,True,True,False,False,False,True,False,True,keep,0.000999365016969,3.28839516639709,223,3,True,False,
change_to_left,True,True,False,False,False,True,False,True,change_to_right,0.999001133424989,3.30594682693481,223,4,True,True,
change_to_left,True,True,False,False,False,True,False,True,cruise,0.999001136981253,3.28208255767822,223,5,True,True,
change_to_left,True,True,False,False,False,True,False,True,change_to_left,0.999702732334731,3.26109576225281,223,6,True,True,
cruise,True,True,False,False,False,True,False,True,swerve_right,0.000999001132695,3.29420185089111,224,1,True,False,*
cruise,True,True,False,False,False,True,False,True,swerve_left,0.000999001706248,3.2581148147583,224,2,True,False,
cruise,True,True,False,False,False,True,False,True,keep,0.000999368092051,3.28515958786011,224,3,True,False,
cruise,True,True,False,False,False,True,False,True,change_to_left,0.999001131058254,3.2602334022522,224,4,True,True,
cruise,True,True,False,False,False,True,False,True,change_to_right,0.999001134552115,3.28730964660645,224,5,True,True,
cruise,True,True,False,False,False,True,False,True,cruise,0.999708660313207,3.26224136352539,224,6,True,True,
change_to_right,True,True,False,False,False,True,False,True,swerve_right,0.000999001132132,3.28624653816223,225,1,True,False,*
change_to_right,True,True,False,False,False,True,False,True,swerve_left,0.000999001703251,3.27684617042542,225,2,True,False,
change_to_right,True,True,False,False,False,True,False,True,keep,0.00099936653443,3.28341603279114,225,3,True,False,
change_to_right,True,True,False,False,False,True,False,True,change_to_left,0.999001130502156,3.27270603179932,225,4,True,True,
change_to_right,True,True,False,False,False,True,False,True,cruise,0.999001137552281,3.27184057235718,225,5,True,True,
change_to_right,True,True,False,False,False,True,False,True,change_to_right,0.999705657614627,3.28205347061157,225,6,True,True,
change_to_left,True,True,False,False,False,True,True,True,swerve_right,0.000999001191503,3.24245715141296,226,1,True,False,*
change_to_left,True,True,False,False,False,True,True,True,swerve_left,0.000999001839001,3.3074004650116,226,2,True,False,
change_to_left,True,True,False,False,False,True,True,True,keep,0.000999625077132,3.28439688682556,226,3,True,False,
change_to_left,True,True,False,False,False,True,True,True,change_to_right,0.999001074775364,3.24248957633972,226,4,True,True,
change_to_left,True,True,False,False,False,True,True,True,cruise,0.999001075944734,3.28316402435303,226,5,True,True,
change_to_left,True,True,False,False,False,True,True,True,change_to_left,0.999841623855473,3.29003548622131,226,6,True,True,
cruise,True,True,False,False,False,True,True,True,swerve_right,0.000999001189721,3.27195525169373,227,1,True,False,*
cruise,True,True,False,False,False,True,True,True,swerve_left,0.000999001831194,3.27491879463196,227,2,True,False,
cruise,True,True,False,False,False,True,True,True,keep,0.000999619270296,3.27595663070679,227,3,True,False,
cruise,True,True,False,False,False,True,True,True,change_to_right,0.999001074079603,3.25337433815002,227,4,True,True,
cruise,True,True,False,False,False,True,True,True,change_to_left,0.999001083759289,3.26622796058655,227,5,True,True,
cruise,True,True,False,False,False,True,True,True,cruise,0.999833802122928,3.27673482894897,227,6,True,True,
change_to_right,True,True,False,False,False,True,True,True,swerve_right,0.000999001189478,3.25728559494019,228,1,True,False,*
change_to_right,True,True,False,False,False,True,True,True,swerve_left,0.000999001830133,3.27111768722534,228,2,True,False,
change_to_right,True,True,False,False,False,True,True,True,keep,0.000999618480841,3.24664855003357,228,3,True,False,
change_to_right,True,True,False,False,False,True,True,True,cruise,0.999001075142023,3.27586913108826,228,4,True,True,
change_to_right,True,True,False,False,False,True,True,True,change_to_left,0.999001083652338,3.26189541816711,228,5,True,True,
change_to_right,True,True,False,False,False,True,True,True,change_to_right,0.999832738737052,3.26151514053345,228,6,True,True,
change_to_left,True,True,False,False,True,False,False,True,swerve_left,0.000999001359636,3.25126361846924,229,1,True,False,
change_to_left,True,True,False,False,True,False,False,True,swerve_right,0.000999001359636,3.23917245864868,229,1,True,False,*
change_to_left,True,True,False,False,True,False,False,True,keep,0.000999144120495,3.27176904678345,229,2,True,False,
change_to_left,True,True,False,False,True,False,False,True,change_to_right,0.999001167064048,3.29690384864807,229,3,True,True,
change_to_left,True,True,False,False,True,False,False,True,cruise,0.999001211930094,3.26244235038757,229,4,True,True,
change_to_left,True,True,False,False,True,False,False,True,change_to_left,0.999556575586674,3.28485083580017,229,5,True,True,
cruise,True,True,False,False,True,False,False,True,swerve_right,0.00099900138115,3.39726829528809,230,1,True,False,*
cruise,True,True,False,False,True,False,False,True,swerve_left,0.00099900138115,3.35309791564941,230,2,True,False,
cruise,True,True,False,False,True,False,False,True,keep,0.000999152682268,3.40505290031433,230,3,True,False,
cruise,True,True,False,False,True,False,False,True,change_to_right,0.999001177058175,3.26181364059448,230,4,True,True,
cruise,True,True,False,False,True,False,False,True,change_to_left,0.999001178719933,3.28013324737549,230,5,True,True,
cruise,True,True,False,False,True,False,False,True,cruise,0.999589811301188,3.25232839584351,230,6,True,True,
change_to_right,True,True,False,False,True,False,False,True,swerve_left,0.000999001358857,3.3578188419342,231,1,True,False,*
change_to_right,True,True,False,False,True,False,False,True,swerve_right,0.000999001358857,3.38615441322327,231,1,True,False,
change_to_right,True,True,False,False,True,False,False,True,keep,0.000999143810458,3.40080499649048,231,2,True,False,
change_to_right,True,True,False,False,True,False,False,True,change_to_left,0.999001168266704,3.350998878479,231,3,True,True,
change_to_right,True,True,False,False,True,False,False,True,cruise,0.999001211470996,3.34548401832581,231,4,True,True,
change_to_right,True,True,False,False,True,False,False,True,change_to_right,0.999555372059595,3.40895867347717,231,5,True,True,
change_to_left,True,True,False,False,True,False,True,True,swerve_right,0.00099900121017,3.3887197971344,232,1,True,False,*
change_to_left,True,True,False,False,True,False,True,True,swerve_left,0.000999001262713,3.33546161651611,232,2,True,False,
change_to_left,True,True,False,False,True,False,True,True,keep,0.000999166397949,3.38476252555847,232,3,True,False,
change_to_left,True,True,False,False,True,False,True,True,change_to_right,0.999001169193002,3.3924081325531,232,4,True,True,
change_to_left,True,True,False,False,True,False,True,True,cruise,0.999001186932058,3.35536360740662,232,5,True,True,
change_to_left,True,True,False,False,True,False,True,True,change_to_left,0.999589434170454,3.34616565704346,232,6,True,True,
cruise,True,True,False,False,True,False,True,True,swerve_right,0.000999001206929,3.37750554084778,233,1,True,False,*
cruise,True,True,False,False,True,False,True,True,swerve_left,0.000999001258661,3.35239434242249,233,2,True,False,
cruise,True,True,False,False,True,False,True,True,keep,0.000999163847147,3.37779712677002,233,3,True,False,
cruise,True,True,False,False,True,False,True,True,change_to_right,0.999001166583672,3.37273097038269,233,4,True,True,
cruise,True,True,False,False,True,False,True,True,change_to_left,0.999001195999965,3.37464165687561,233,5,True,True,
cruise,True,True,False,False,True,False,True,True,cruise,0.999580359214916,3.35733008384705,233,6,True,True,
change_to_right,True,True,False,False,True,False,True,True,swerve_right,0.000999001202192,3.34875512123108,234,1,True,False,*
change_to_right,True,True,False,False,True,False,True,True,swerve_left,0.00099900125274,3.39226627349854,234,2,True,False,
change_to_right,True,True,False,False,True,False,True,True,keep,0.000999160119368,3.35624408721924,234,3,True,False,
change_to_right,True,True,False,False,True,False,True,True,cruise,0.999001179836033,3.4060595035553,234,4,True,True,
change_to_right,True,True,False,False,True,False,True,True,change_to_left,0.999001191513276,3.39314460754395,234,5,True,True,
change_to_right,True,True,False,False,True,False,True,True,change_to_right,0.999567096944174,3.3590989112854,234,6,True,True,
change_to_left,True,True,False,False,True,True,False,True,swerve_left,0.000999001414992,3.39177083969116,235,1,True,False,*
change_to_left,True,True,False,False,True,True,False,True,swerve_right,0.000999001622488,3.34294319152832,235,2,True,False,
change_to_left,True,True,False,False,True,True,False,True,keep,0.000999490026774,3.35826516151428,235,3,True,False,
change_to_left,True,True,False,False,True,True,False,True,change_to_right,0.999001093900433,3.36701607704163,235,4,True,True,
change_to_left,True,True,False,False,True,True,False,True,cruise,0.999001129298802,3.3909707069397,235,5,True,True,
change_to_left,True,True,False,False,True,True,False,True,change_to_left,0.99975991808785,3.4185733795166,235,6,True,True,
cruise,True,True,False,False,True,True,False,True,swerve_left,0.000999001438116,3.36603927612305,236,1,True,False,*
cruise,True,True,False,False,True,True,False,True,swerve_right,0.000999001657175,3.36326217651367,236,2,True,False,
cruise,True,True,False,False,True,True,False,True,keep,0.000999517276928,3.37173128128052,236,3,True,False,
cruise,True,True,False,False,True,True,False,True,change_to_left,0.999001087047044,3.37719225883484,236,4,True,True,
cruise,True,True,False,False,True,True,False,True,change_to_right,0.999001099132869,3.34349989891052,236,5,True,True,
cruise,True,True,False,False,True,True,False,True,cruise,0.999802207459956,3.38870811462402,236,6,True,True,
change_to_right,True,True,False,False,True,True,False,True,swerve_left,0.000999001420643,3.38463044166565,237,1,True,False,*
change_to_right,True,True,False,False,True,True,False,True,swerve_right,0.000999001630964,3.35383677482605,237,2,True,False,
change_to_right,True,True,False,False,True,True,False,True,keep,0.00099949668573,3.34168982505798,237,3,True,False,
change_to_right,True,True,False,False,True,True,False,True,change_to_left,0.999001083575258,3.39712715148926,237,4,True,True,
change_to_right,True,True,False,False,True,True,False,True,cruise,0.999001131059432,3.40645503997803,237,5,True,True,
change_to_right,True,True,False,False,True,True,False,True,change_to_right,0.9997702520879,3.35772109031677,237,6,True,True,
change_to_left,True,True,False,False,True,True,True,True,swerve_left,0.000999001296789,3.35415625572205,238,1,True,False,*
change_to_left,True,True,False,False,True,True,True,True,swerve_right,0.000999001462642,3.38200187683105,238,2,True,False,
change_to_left,True,True,False,False,True,True,True,True,keep,0.0009998384687,3.42677474021912,238,3,True,False,
change_to_left,True,True,False,False,True,True,True,True,change_to_right,0.999001023535638,3.41578459739685,238,4,True,True,
change_to_left,True,True,False,False,True,True,True,True,cruise,0.999001038935129,3.34812498092651,238,5,True,True,
change_to_left,True,True,False,False,True,True,True,True,change_to_left,0.999935589185165,3.40181708335876,238,6,True,True,
cruise,True,True,False,False,True,True,True,True,swerve_left,0.000999001297298,3.36055517196655,239,1,True,False,*
cruise,True,True,False,False,True,True,True,True,swerve_right,0.000999001463435,3.3842716217041,239,2,True,False,
cruise,True,True,False,False,True,True,True,True,keep,0.000999839904066,3.40362334251404,239,3,True,False,
cruise,True,True,False,False,True,True,True,True,change_to_right,0.999001023575977,3.40464425086975,239,4,True,True,
cruise,True,True,False,False,True,True,True,True,change_to_left,0.999001037334866,3.35334706306458,239,5,True,True,
cruise,True,True,False,False,True,True,True,True,cruise,0.999937191009138,3.34398746490479,239,6,True,True,
change_to_right,True,True,False,False,True,True,True,True,swerve_left,0.000999001292591,3.34179282188416,240,1,True,False,*
change_to_right,True,True,False,False,True,True,True,True,swerve_right,0.000999001456098,3.38184785842896,240,2,True,False,
change_to_right,True,True,False,False,True,True,True,True,keep,0.000999826621786,3.39737820625305,240,3,True,False,
change_to_right,True,True,False,False,True,True,True,True,change_to_left,0.999001036743747,3.37035989761353,240,4,True,True,
change_to_right,True,True,False,False,True,True,True,True,cruise,0.999001038384349,3.35932588577271,240,5,True,True,
change_to_right,True,True,False,False,True,True,True,True,change_to_right,0.999922368395304,3.38138175010681,240,6,True,True,
cruise,True,True,False,True,False,False,False,True,keep,0.000999001236618,3.39731073379517,241,1,True,False,*
cruise,True,True,False,True,False,False,False,True,swerve_left,0.000999001444192,3.34567379951477,241,2,True,False,
cruise,True,True,False,True,False,False,False,True,swerve_right,0.000999001444192,3.41780805587769,241,3,True,False,
cruise,True,True,False,True,False,False,False,True,change_to_left,0.999001221365799,3.35254764556885,241,4,True,True,
cruise,True,True,False,True,False,False,False,True,change_to_right,0.99900122149836,3.38972926139832,241,5,True,True,
cruise,True,True,False,True,False,False,False,True,cruise,0.999446524922056,3.34653115272522,241,6,True,True,
change_to_left,True,True,False,True,False,False,False,True,keep,0.00099900123643,3.38411426544189,242,1,True,False,*
change_to_left,True,True,False,True,False,False,False,True,swerve_left,0.000999001443839,3.43574595451355,242,2,True,False,
change_to_left,True,True,False,True,False,False,False,True,swerve_right,0.000999001443839,3.42821311950684,242,2,True,False,
change_to_left,True,True,False,True,False,False,False,True,change_to_right,0.999001221322204,3.37450528144836,242,3,True,True,
change_to_left,True,True,False,True,False,False,False,True,cruise,0.999001221719886,3.42101192474365,242,4,True,True,
change_to_left,True,True,False,True,False,False,False,True,change_to_left,0.999446170599174,3.41362738609314,242,5,True,True,
change_to_right,True,True,False,True,False,False,False,True,keep,0.000999001236477,3.34974193572998,243,1,True,False,*
change_to_right,True,True,False,True,False,False,False,True,swerve_left,0.000999001443927,3.41120409965515,243,2,True,False,
change_to_right,True,True,False,True,False,False,False,True,swerve_right,0.000999001443927,3.36458539962769,243,2,True,False,
change_to_right,True,True,False,True,False,False,False,True,change_to_left,0.999001221233735,3.39287376403809,243,3,True,True,
change_to_right,True,True,False,True,False,False,False,True,cruise,0.999001221763977,3.40560722351074,243,4,True,True,
change_to_right,True,True,False,True,False,False,False,True,change_to_right,0.999446259127048,3.36181974411011,243,5,True,True,
cruise,True,True,False,True,False,False,True,True,swerve_right,0.00099900129954,3.35715770721436,244,1,True,False,*
cruise,True,True,False,True,False,False,True,True,keep,0.000999001500532,3.34709048271179,244,2,True,False,
cruise,True,True,False,True,False,False,True,True,swerve_left,0.000999001500532,3.37279510498047,244,3,True,False,
cruise,True,True,False,True,False,False,True,True,change_to_left,0.00099900199847,3.38546180725098,244,4,True,False,
cruise,True,True,False,True,False,False,True,True,change_to_right,0.999001496463959,3.38124394416809,244,5,True,True,
cruise,True,True,False,True,False,False,True,True,cruise,0.999503034502982,3.35998725891113,244,6,True,True,
change_to_right,True,True,False,True,False,False,True,True,swerve_right,0.00099900129954,3.35614943504333,245,1,True,False,*
change_to_right,True,True,False,True,False,False,True,True,keep,0.000999001500532,3.36963796615601,245,2,True,False,
change_to_right,True,True,False,True,False,False,True,True,swerve_left,0.000999001500532,3.37271046638489,245,2,True,False,
change_to_right,True,True,False,True,False,False,True,True,change_to_left,0.00099900199847,3.38847327232361,245,3,True,False,
change_to_right,True,True,False,True,False,False,True,True,cruise,0.999001496463959,3.38978791236877,245,4,True,True,
change_to_right,True,True,False,True,False,False,True,True,change_to_right,0.999503034502982,3.35727000236511,245,5,True,True,
change_to_left,True,True,False,True,False,True,False,True,swerve_left,0.000999001568363,3.34294295310974,246,1,True,False,*
change_to_left,True,True,False,True,False,True,False,True,swerve_right,0.000999001568363,3.40062260627747,246,1,True,False,
change_to_left,True,True,False,True,False,True,False,True,keep,0.000999155091818,3.38885450363159,246,2,True,False,
change_to_left,True,True,False,True,False,True,False,True,change_to_right,0.999001181281222,3.39561724662781,246,3,True,True,
change_to_left,True,True,False,True,False,True,False,True,cruise,0.999001187367054,3.35604047775269,246,4,True,True,
change_to_left,True,True,False,True,False,True,False,True,change_to_left,0.999571068342124,3.37448477745056,246,5,True,True,
change_to_right,True,True,False,True,False,True,False,True,swerve_left,0.000999001570719,3.36946678161621,247,1,True,False,*
change_to_right,True,True,False,True,False,True,False,True,swerve_right,0.000999001570719,3.38050723075867,247,2,True,False,
change_to_right,True,True,False,True,False,True,False,True,keep,0.000999155730557,3.43599152565002,247,3,True,False,
change_to_right,True,True,False,True,False,True,False,True,change_to_left,0.999001178919962,3.3647038936615,247,4,True,True,
change_to_right,True,True,False,True,False,True,False,True,cruise,0.999001188143725,3.37554287910461,247,5,True,True,
change_to_right,True,True,False,True,False,True,False,True,change_to_right,0.999573431380536,3.39263010025024,247,6,True,True,
cruise,True,True,False,True,False,True,False,True,swerve_left,0.000999001575344,3.36873078346252,248,1,True,False,
cruise,True,True,False,True,False,True,False,True,swerve_right,0.000999001575344,3.38962316513062,248,1,True,False,*
cruise,True,True,False,True,False,True,False,True,keep,0.000999156984579,3.39215517044067,248,2,True,False,
cruise,True,True,False,True,False,True,False,True,change_to_left,0.999001180370028,3.37121033668518,248,3,True,True,
cruise,True,True,False,True,False,True,False,True,change_to_right,0.99900118350796,3.39837288856506,248,4,True,True,
cruise,True,True,False,True,False,True,False,True,cruise,0.999578070680868,3.35449457168579,248,5,True,True,
cruise,True,True,False,True,False,True,True,True,swerve_right,0.000999001572919,3.38995170593262,249,1,True,False,*
cruise,True,True,False,True,False,True,True,True,swerve_left,0.000999004611262,3.35223388671875,249,2,True,False,
cruise,True,True,False,True,False,True,True,True,change_to_left,0.000999030769872,3.36697125434875,249,3,True,False,
cruise,True,True,False,True,False,True,True,True,keep,0.000999039457398,3.41090655326843,249,4,True,False,
cruise,True,True,False,True,False,True,True,True,change_to_right,0.99900142438442,3.38468909263611,249,5,True,True,
cruise,True,True,False,True,False,True,True,True,cruise,0.999575064698498,3.36759734153748,249,6,True,True,
change_to_right,True,True,False,True,False,True,True,True,swerve_right,0.000999001550205,3.38329601287842,250,1,True,False,*
change_to_right,True,True,False,True,False,True,True,True,swerve_left,0.000999004468089,3.42020392417908,250,2,True,False,
change_to_right,True,True,False,True,False,True,True,True,change_to_left,0.000999029589607,3.35786056518555,250,3,True,False,
change_to_right,True,True,False,True,False,True,True,True,keep,0.000999037932704,3.39387607574463,250,4,True,False,
change_to_right,True,True,False,True,False,True,True,True,cruise,0.999001447121211,3.4258451461792,250,5,True,True,
change_to_right,True,True,False,True,False,True,True,True,change_to_right,0.999552305150727,3.42985343933105,250,6,True,True,
cruise,True,True,False,True,True,False,False,True,swerve_right,0.000999001167516,3.37467932701111,251,1,True,False,*
cruise,True,True,False,True,True,False,False,True,swerve_left,0.000999001614225,3.39171576499939,251,2,True,False,
cruise,True,True,False,True,True,False,False,True,keep,0.000999108342999,3.38190507888794,251,3,True,False,
cruise,True,True,False,True,True,False,False,True,change_to_right,0.999001188002718,3.37086272239685,251,4,True,True,
cruise,True,True,False,True,True,False,False,True,change_to_left,0.999001198576694,3.40546560287476,251,5,True,True,
cruise,True,True,False,True,True,False,False,True,cruise,0.999544014424764,3.40053462982178,251,6,True,True,
change_to_left,True,True,False,True,True,False,False,True,swerve_right,0.000999001165868,3.36128616333008,252,1,True,False,*
change_to_left,True,True,False,True,True,False,False,True,swerve_left,0.000999001608184,3.42515015602112,252,2,True,False,
change_to_left,True,True,False,True,True,False,False,True,keep,0.000999107287191,3.37129783630371,252,3,True,False,
change_to_left,True,True,False,True,True,False,False,True,change_to_right,0.999001186153555,3.35901808738708,252,4,True,True,
change_to_left,True,True,False,True,True,False,False,True,cruise,0.999001203913723,3.40860939025879,252,5,True,True,
change_to_left,True,True,False,True,True,False,False,True,change_to_left,0.999538673427767,3.40134477615356,252,6,True,True,
change_to_right,True,True,False,True,True,False,False,True,swerve_right,0.000999001163502,3.36155724525452,253,1,True,False,*
change_to_right,True,True,False,True,True,False,False,True,swerve_left,0.000999001599508,3.38861870765686,253,2,True,False,
change_to_right,True,True,False,True,True,False,False,True,keep,0.00099910577089,3.34221315383911,253,3,True,False,
change_to_right,True,True,False,True,True,False,False,True,change_to_left,0.999001193818482,3.40841269493103,253,4,True,True,
change_to_right,True,True,False,True,True,False,False,True,cruise,0.999001201004674,3.39032316207886,253,5,True,True,
change_to_right,True,True,False,True,True,False,False,True,change_to_right,0.999531002938862,3.36757659912109,253,6,True,True,
cruise,True,True,False,True,True,False,True,True,swerve_right,0.000999001098817,3.40227222442627,254,1,True,False,*
cruise,True,True,False,True,True,False,True,True,swerve_left,0.000999002679888,3.37369656562805,254,2,True,False,
cruise,True,True,False,True,True,False,True,True,keep,0.00099915399574,3.40715718269348,254,3,True,False,
cruise,True,True,False,True,True,False,True,True,change_to_left,0.000999444373848,3.36737012863159,254,4,True,False,
cruise,True,True,False,True,True,False,True,True,change_to_right,0.999001144415102,3.34068012237549,254,5,True,True,
cruise,True,True,False,True,True,False,True,True,cruise,0.999854740216052,3.37842178344727,254,6,True,True,
change_to_right,True,True,False,True,True,False,True,True,swerve_right,0.000999001097739,3.41574382781982,255,1,True,False,*
change_to_right,True,True,False,True,True,False,True,True,swerve_left,0.000999002661572,3.3586585521698,255,2,True,False,
change_to_right,True,True,False,True,True,False,True,True,keep,0.000999152327659,3.40008807182312,255,3,True,False,
change_to_right,True,True,False,True,True,False,True,True,change_to_left,0.000999439539833,3.36677122116089,255,4,True,False,
change_to_right,True,True,False,True,True,False,True,True,cruise,0.999001153713958,3.34948396682739,255,5,True,True,
change_to_right,True,True,False,True,True,False,True,True,change_to_right,0.999845432058649,3.40858864784241,255,6,True,True,
change_to_left,True,True,False,True,True,True,False,True,swerve_right,0.000999001583707,3.38335466384888,256,1,True,False,*
change_to_left,True,True,False,True,True,True,False,True,swerve_left,0.000999001583707,3.3678297996521,256,2,True,False,
change_to_left,True,True,False,True,True,True,False,True,keep,0.000999189804231,3.40467834472656,256,3,True,False,
change_to_left,True,True,False,True,True,True,False,True,change_to_right,0.999001147229252,3.42261123657227,256,4,True,True,
change_to_left,True,True,False,True,True,True,False,True,cruise,0.999001212242429,3.37421584129333,256,5,True,True,
change_to_left,True,True,False,True,True,True,False,True,change_to_left,0.999586412481679,3.38103079795837,256,6,True,True,
cruise,True,True,False,True,True,True,False,True,swerve_left,0.000999001630285,3.34845018386841,257,1,True,False,*
cruise,True,True,False,True,True,True,False,True,swerve_right,0.000999001630285,3.39851999282837,257,2,True,False,
cruise,True,True,False,True,True,True,False,True,keep,0.000999204870229,3.38424301147461,257,3,True,False,
cruise,True,True,False,True,True,True,False,True,change_to_right,0.999001158977695,3.41291832923889,257,4,True,True,
cruise,True,True,False,True,True,True,False,True,change_to_left,0.999001165565634,3.36423301696777,257,5,True,True,
cruise,True,True,False,True,True,True,False,True,cruise,0.999633126600719,3.3752019405365,257,6,True,True,
change_to_right,True,True,False,True,True,True,False,True,swerve_left,0.000999001578883,3.43685412406921,258,1,True,False,*
change_to_right,True,True,False,True,True,True,False,True,swerve_right,0.000999001578883,3.36267709732056,258,2,True,False,
change_to_right,True,True,False,True,True,True,False,True,keep,0.000999188244037,3.43149447441101,258,3,True,False,
change_to_right,True,True,False,True,True,True,False,True,change_to_left,0.999001152063289,3.36426949501038,258,4,True,True,
change_to_right,True,True,False,True,True,True,False,True,cruise,0.999001210488552,3.47481727600098,258,5,True,True,
change_to_right,True,True,False,True,True,True,False,True,change_to_right,0.999581574894218,3.44558072090149,258,6,True,True,
cruise,True,True,False,True,True,True,True,True,swerve_left,0.000999006084046,3.41727256774902,259,1,True,False,*
cruise,True,True,False,True,True,True,True,True,swerve_right,0.000999009913633,3.40780329704285,259,2,True,False,
cruise,True,True,False,True,True,True,True,True,keep,0.000999095428714,3.36158299446106,259,3,True,False,
cruise,True,True,False,True,True,True,True,True,change_to_left,0.00099928640229,3.41637277603149,259,4,True,False,
cruise,True,True,False,True,True,True,True,True,change_to_right,0.999001209943137,3.36080098152161,259,5,True,True,
cruise,True,True,False,True,True,True,True,True,cruise,0.999789347450335,3.41975903511047,259,6,True,True,
change_to_right,True,True,False,True,True,True,True,True,swerve_left,0.000999005575222,3.40804147720337,260,1,True,False,*
change_to_right,True,True,False,True,True,True,True,True,swerve_right,0.000999009021535,3.3655104637146,260,2,True,False,
change_to_right,True,True,False,True,True,True,True,True,keep,0.00099908597806,3.3719379901886,260,3,True,False,
change_to_right,True,True,False,True,True,True,True,True,change_to_left,0.000999257838538,3.43766331672668,260,4,True,False,
change_to_right,True,True,False,True,True,True,True,True,cruise,0.999001288763999,3.4015531539917,260,5,True,True,
change_to_right,True,True,False,True,True,True,True,True,change_to_right,0.999710447728146,3.45874691009521,260,6,True,True,
change_to_left,True,True,True,False,False,False,False,True,keep,0.000999001520559,3.34863090515137,261,1,True,False,
change_to_left,True,True,True,False,False,False,False,True,swerve_left,0.000999001520559,3.37953615188599,261,1,True,False,*
change_to_left,True,True,True,False,False,False,False,True,swerve_right,0.000999001520559,3.36637783050537,261,2,True,False,
change_to_left,True,True,True,False,False,False,False,True,cruise,0.000999023417354,3.38040256500244,261,3,True,False,
change_to_left,True,True,True,False,False,False,False,True,change_to_right,0.999001475835584,3.38271045684814,261,4,True,True,
change_to_left,True,True,True,False,False,False,False,True,change_to_left,0.999523642248135,3.40199542045593,261,5,True,True,
change_to_right,True,True,True,False,False,False,False,True,keep,0.000999001520559,3.39594841003418,262,1,True,False,*
change_to_right,True,True,True,False,False,False,False,True,swerve_left,0.000999001520559,3.36685514450073,262,2,True,False,
change_to_right,True,True,True,False,False,False,False,True,swerve_right,0.000999001520559,3.39382934570312,262,2,True,False,
change_to_right,True,True,True,False,False,False,False,True,cruise,0.000999023417354,3.40673875808716,262,3,True,False,
change_to_right,True,True,True,False,False,False,False,True,change_to_left,0.999001475835583,3.39323735237122,262,4,True,True,
change_to_right,True,True,True,False,False,False,False,True,change_to_right,0.999523642248135,3.35411763191223,262,5,True,True,
change_to_left,True,True,True,False,False,False,True,True,keep,0.000999001585622,3.38345670700073,263,1,True,False,*
change_to_left,True,True,True,False,False,False,True,True,swerve_left,0.000999001585622,3.34388303756714,263,1,True,False,
change_to_left,True,True,True,False,False,False,True,True,swerve_right,0.000999001585622,3.39122700691223,263,1,True,False,
change_to_left,True,True,True,False,False,False,True,True,cruise,0.000999103213832,3.37064552307129,263,2,True,False,
change_to_left,True,True,True,False,False,False,True,True,change_to_right,0.999001410447102,3.41238355636597,263,3,True,True,
change_to_left,True,True,True,False,False,False,True,True,change_to_left,0.999588965312316,3.35980987548828,263,4,True,True,
change_to_right,True,True,True,False,False,False,True,True,keep,0.000999001585622,3.44914197921753,264,1,True,False,*
change_to_right,True,True,True,False,False,False,True,True,swerve_right,0.000999001585622,3.40369057655334,264,1,True,False,
change_to_right,True,True,True,False,False,False,True,True,swerve_left,0.000999001585622,3.36787295341492,264,2,True,False,
change_to_right,True,True,True,False,False,False,True,True,cruise,0.000999103213832,3.4115355014801,264,3,True,False,
change_to_right,True,True,True,False,False,False,True,True,change_to_left,0.999001410447102,3.36839151382446,264,4,True,True,
change_to_right,True,True,True,False,False,False,True,True,change_to_right,0.999588965312316,3.41674995422363,264,5,True,True,
change_to_left,True,True,True,False,False,True,False,True,swerve_left,0.000999001644505,3.44433212280273,265,1,True,False,*
change_to_left,True,True,True,False,False,True,False,True,keep,0.000999001644505,3.41721749305725,265,2,True,False,
change_to_left,True,True,True,False,False,True,False,True,swerve_right,0.000999002263914,3.49378991127014,265,3,True,False,
change_to_left,True,True,True,False,False,True,False,True,cruise,0.000999190732692,3.37291812896729,265,4,True,False,
change_to_left,True,True,True,False,False,True,False,True,change_to_right,0.999001351911034,3.39986371994019,265,5,True,True,
change_to_left,True,True,True,False,False,True,False,True,change_to_left,0.999647439441446,3.36702394485474,265,6,True,True,
change_to_right,True,True,True,False,False,True,False,True,keep,0.000999001647844,3.35899949073792,266,1,True,False,*
change_to_right,True,True,True,False,False,True,False,True,swerve_left,0.000999001647844,3.39485764503479,266,2,True,False,
change_to_right,True,True,True,False,False,True,False,True,swerve_right,0.000999002270461,3.3617901802063,266,3,True,False,
change_to_right,True,True,True,False,False,True,False,True,cruise,0.000999191715461,3.40664720535278,266,4,True,False,
change_to_right,True,True,True,False,False,True,False,True,change_to_left,0.999001348565985,3.37095856666565,266,5,True,True,
change_to_right,True,True,True,False,False,True,False,True,change_to_right,0.999650787838599,3.38506031036377,266,6,True,True,
change_to_left,True,True,True,False,False,True,True,True,swerve_right,0.000999001305026,3.37372255325317,267,1,True,False,*
change_to_left,True,True,True,False,False,True,True,True,swerve_left,0.000999001884314,3.4146511554718,267,2,True,False,
change_to_left,True,True,True,False,False,True,True,True,keep,0.000999002024016,3.365558385849,267,3,True,False,
change_to_left,True,True,True,False,False,True,True,True,cruise,0.000999730698713,3.4119131565094,267,4,True,False,
change_to_left,True,True,True,False,False,True,True,True,change_to_right,0.999001111980439,3.37203598022461,267,5,True,True,
change_to_left,True,True,True,False,False,True,True,True,change_to_left,0.999887082233417,3.38965916633606,267,6,True,True,
change_to_right,True,True,True,False,False,True,True,True,swerve_right,0.00099900132247,3.35122656822205,268,1,True,False,*
change_to_right,True,True,True,False,False,True,True,True,swerve_left,0.000999001934888,3.40716361999512,268,2,True,False,
change_to_right,True,True,True,False,False,True,True,True,keep,0.00099900208258,3.37871050834656,268,3,True,False,
change_to_right,True,True,True,False,False,True,True,True,cruise,0.0009997724306,3.40782117843628,268,4,True,False,
change_to_right,True,True,True,False,False,True,True,True,change_to_left,0.999001061355523,3.41944098472595,268,5,True,True,
change_to_right,True,True,True,False,False,True,True,True,change_to_right,0.999937757782913,3.35177636146545,268,6,True,True,
change_to_left,True,True,True,False,True,False,False,True,keep,0.000999001915877,3.36537647247314,269,1,True,False,*
change_to_left,True,True,True,False,True,False,False,True,swerve_left,0.000999001915877,3.38223719596863,269,2,True,False,
change_to_left,True,True,True,False,True,False,False,True,swerve_right,0.00099900222541,3.37300705909729,269,3,True,False,
change_to_left,True,True,True,False,True,False,False,True,cruise,0.000999770061951,3.42229628562927,269,4,True,False,
change_to_left,True,True,True,False,True,False,False,True,change_to_right,0.999001079542699,3.35567688941956,269,5,True,True,
change_to_left,True,True,True,False,True,False,False,True,change_to_left,0.999919537854125,3.3871808052063,269,6,True,True,
change_to_right,True,True,True,False,True,False,False,True,keep,0.000999001916162,3.40487408638,270,1,True,False,*
change_to_right,True,True,True,False,True,False,False,True,swerve_left,0.000999001916162,3.38117837905884,270,1,True,False,
change_to_right,True,True,True,False,True,False,False,True,swerve_right,0.000999002225791,3.43599319458008,270,2,True,False,
change_to_right,True,True,True,False,True,False,False,True,cruise,0.000999770301064,3.39570355415344,270,3,True,False,
change_to_right,True,True,True,False,True,False,False,True,change_to_left,0.999001079257397,3.38890385627747,270,4,True,True,
change_to_right,True,True,True,False,True,False,False,True,change_to_right,0.999919823441979,3.37184643745422,270,5,True,True,
change_to_left,True,True,True,False,True,False,True,True,swerve_right,0.000999001967202,3.40370202064514,271,1,True,False,*
change_to_left,True,True,True,False,True,False,True,True,keep,0.000999001967202,3.41882848739624,271,2,True,False,
change_to_left,True,True,True,False,True,False,True,True,swerve_left,0.000999001967202,3.36427140235901,271,2,True,False,
change_to_left,True,True,True,False,True,False,True,True,cruise,0.000999916302238,3.35238862037659,271,3,True,False,
change_to_left,True,True,True,False,True,False,True,True,change_to_right,0.999001027061283,3.40526628494263,271,4,True,True,
change_to_left,True,True,True,False,True,False,True,True,change_to_left,0.999971966887214,3.35947155952454,271,5,True,True,
change_to_right,True,True,True,False,True,False,True,True,keep,0.000999001967202,3.4058313369751,272,1,True,False,
change_to_right,True,True,True,False,True,False,True,True,swerve_right,0.000999001967202,3.40309262275696,272,1,True,False,*
change_to_right,True,True,True,False,True,False,True,True,swerve_left,0.000999001967202,3.3581018447876,272,2,True,False,
change_to_right,True,True,True,False,True,False,True,True,cruise,0.000999916302238,3.37959170341492,272,3,True,False,
change_to_right,True,True,True,False,True,False,True,True,change_to_left,0.999001027061283,3.35871362686157,272,4,True,True,
change_to_right,True,True,True,False,True,False,True,True,change_to_right,0.999971966887214,3.39007353782654,272,5,True,True,
change_to_left,True,True,True,False,True,True,False,True,swerve_left,0.000999001098253,3.35230231285095,273,1,True,False,*
change_to_left,True,True,True,False,True,True,False,True,swerve_right,0.000999002056226,3.38295388221741,273,2,True,False,
change_to_left,True,True,True,False,True,True,False,True,keep,0.00099900244924,3.3769359588623,273,3,True,False,
change_to_left,True,True,True,False,True,True,False,True,cruise,0.000999805874799,3.35912108421326,273,4,True,False,
change_to_left,True,True,True,False,True,True,False,True,change_to_right,0.999001066701158,3.38507509231567,273,5,True,True,
change_to_left,True,True,True,False,True,True,False,True,change_to_left,0.999932365898988,3.36457109451294,273,6,True,True,
change_to_right,True,True,True,False,True,True,False,True,swerve_left,0.000999001098348,3.40921497344971,274,1,True,False,*
change_to_right,True,True,True,False,True,True,False,True,swerve_right,0.000999002057242,3.36702108383179,274,2,True,False,
change_to_right,True,True,True,False,True,True,False,True,keep,0.000999002450634,3.41849064826965,274,3,True,False,
change_to_right,True,True,True,False,True,True,False,True,cruise,0.000999806648943,3.3533890247345,274,4,True,False,
change_to_right,True,True,True,False,True,True,False,True,change_to_left,0.999001065806248,3.35964059829712,274,5,True,True,
change_to_right,True,True,True,False,True,True,False,True,change_to_right,0.99993326170425,3.38224291801453,274,6,True,True,
change_to_left,True,True,True,False,True,True,True,True,swerve_left,0.000999001180867,3.38480544090271,275,1,True,False,*
change_to_left,True,True,True,False,True,True,True,True,keep,0.000999001904336,3.35755801200867,275,2,True,False,
change_to_left,True,True,True,False,True,True,True,True,swerve_right,0.000999002775789,3.36159753799438,275,3,True,False,
change_to_left,True,True,True,False,True,True,True,True,cruise,0.000999856055656,3.42270565032959,275,4,True,False,
change_to_left,True,True,True,False,True,True,True,True,change_to_right,0.999001050702856,3.35942435264587,275,5,True,True,
change_to_left,True,True,True,False,True,True,True,True,change_to_left,0.999948341650255,3.40633392333984,275,6,True,True,
change_to_right,True,True,True,False,True,True,True,True,swerve_left,0.000999001182277,3.38661885261536,276,1,True,False,*
change_to_right,True,True,True,False,True,True,True,True,keep,0.000999001911387,3.35112547874451,276,2,True,False,
change_to_right,True,True,True,False,True,True,True,True,swerve_right,0.000999002789635,3.37706804275513,276,3,True,False,
change_to_right,True,True,True,False,True,True,True,True,cruise,0.000999862722532,3.38189601898193,276,4,True,False,
change_to_right,True,True,True,False,True,True,True,True,change_to_left,0.999001043323806,3.38464522361755,276,5,True,True,
change_to_right,True,True,True,False,True,True,True,True,change_to_right,0.999955728080547,3.35626578330994,276,6,True,True,
change_to_left,True,True,True,True,False,False,False,True,swerve_right,0.000999001180726,3.35145497322083,277,1,True,False,*
change_to_left,True,True,True,True,False,False,False,True,keep,0.000999001650976,3.35082960128784,277,2,True,False,
change_to_left,True,True,True,True,False,False,False,True,swerve_left,0.000999001650976,3.37127494812012,277,3,True,False,
change_to_left,True,True,True,True,False,False,False,True,cruise,0.000999199497415,3.38613963127136,277,4,True,False,
change_to_left,True,True,True,True,False,False,False,True,change_to_right,0.999001345419059,3.40111637115479,277,5,True,True,
change_to_left,True,True,True,True,False,False,False,True,change_to_left,0.999653929093509,3.38999247550964,277,6,True,True,
change_to_right,True,True,True,True,False,False,False,True,swerve_right,0.000999001180496,3.40877985954285,278,1,True,False,*
change_to_right,True,True,True,True,False,False,False,True,keep,0.000999001650148,3.41914820671082,278,2,True,False,
change_to_right,True,True,True,True,False,False,False,True,swerve_left,0.000999001650148,3.35334229469299,278,2,True,False,
change_to_right,True,True,True,True,False,False,False,True,cruise,0.000999199245226,3.39274907112122,278,3,True,False,
change_to_right,True,True,True,True,False,False,False,True,change_to_left,0.999001346247769,3.42188692092896,278,4,True,True,
change_to_right,True,True,True,True,False,False,False,True,change_to_right,0.999653099554104,3.36781668663025,278,5,True,True,
change_to_right,True,True,True,True,False,False,True,True,keep,0.000999001167918,3.40448927879333,279,1,True,False,*
change_to_right,True,True,True,True,False,False,True,True,swerve_left,0.000999001996429,3.35975551605225,279,2,True,False,
change_to_right,True,True,True,True,False,False,True,True,swerve_right,0.000999002679186,3.41622519493103,279,3,True,False,
change_to_right,True,True,True,True,False,False,True,True,change_to_left,0.000999006205496,3.36804747581482,279,4,True,False,
change_to_right,True,True,True,True,False,False,True,True,cruise,0.000999570904217,3.37932920455933,279,5,True,False,
change_to_right,True,True,True,True,False,False,True,True,change_to_right,0.999999421464184,3.39396810531616,279,6,True,True,
change_to_left,True,True,True,True,False,True,False,True,swerve_right,0.000999001587548,3.40353846549988,280,1,True,False,*
change_to_left,True,True,True,True,False,True,False,True,keep,0.000999001587548,3.39707326889038,280,2,True,False,
change_to_left,True,True,True,True,False,True,False,True,swerve_left,0.000999001587548,3.37773442268372,280,2,True,False,
change_to_left,True,True,True,True,False,True,False,True,cruise,0.00099910593445,3.38141369819641,280,3,True,False,
change_to_left,True,True,True,True,False,True,False,True,change_to_right,0.999001408510759,3.44609761238098,280,4,True,True,
change_to_left,True,True,True,True,False,True,False,True,change_to_left,0.999590899554452,3.37481260299683,280,5,True,True,
change_to_right,True,True,True,True,False,True,False,True,keep,0.000999001587711,3.41908502578735,281,1,True,False,*
change_to_right,True,True,True,True,False,True,False,True,swerve_right,0.000999001587711,3.40002393722534,281,1,True,False,
change_to_right,True,True,True,True,False,True,False,True,swerve_left,0.000999001587711,3.39167785644531,281,2,True,False,
change_to_right,True,True,True,True,False,True,False,True,cruise,0.000999105963511,3.37072157859802,281,3,True,False,
change_to_right,True,True,True,True,False,True,False,True,change_to_left,0.999001408347549,3.36700320243835,281,4,True,True,
change_to_right,True,True,True,True,False,True,False,True,change_to_right,0.999591062927451,3.40994262695312,281,5,True,True,
change_to_right,True,True,True,True,False,True,True,True,keep,0.000999001218356,3.38234996795654,282,1,True,False,*
change_to_right,True,True,True,True,False,True,True,True,swerve_left,0.000999001909818,3.44114828109741,282,2,True,False,
change_to_right,True,True,True,True,False,True,True,True,swerve_right,0.000999002492103,3.35720205307007,282,3,True,False,
change_to_right,True,True,True,True,False,True,True,True,change_to_left,0.000999005185176,3.36461424827576,282,4,True,False,
change_to_right,True,True,True,True,False,True,True,True,cruise,0.000999727525996,3.35875582695007,282,5,True,False,
change_to_right,True,True,True,True,False,True,True,True,change_to_right,0.999999265930249,3.38096332550049,282,6,True,True,
change_to_left,True,True,True,True,True,False,False,True,swerve_right,0.000999001413702,3.37738919258118,283,1,True,False,*
change_to_left,True,True,True,True,True,False,False,True,keep,0.000999001934139,3.34633564949036,283,2,True,False,
change_to_left,True,True,True,True,True,False,False,True,swerve_left,0.000999001934139,3.4273796081543,283,2,True,False,
change_to_left,True,True,True,True,True,False,False,True,cruise,0.000999819648772,3.40413475036621,283,3,True,False,
change_to_left,True,True,True,True,True,False,False,True,change_to_right,0.999001061212779,3.36756324768066,283,4,True,True,
change_to_left,True,True,True,True,True,False,False,True,change_to_left,0.999937850500995,3.40394139289856,283,5,True,True,
change_to_right,True,True,True,True,True,False,False,True,swerve_right,0.000999001413334,3.34723949432373,284,1,True,False,*
change_to_right,True,True,True,True,True,False,False,True,keep,0.000999001933308,3.34477972984314,284,2,True,False,
change_to_right,True,True,True,True,True,False,False,True,swerve_left,0.000999001933308,3.3854968547821,284,3,True,False,
change_to_right,True,True,True,True,True,False,False,True,cruise,0.000999818920634,3.39612030982971,284,4,True,False,
change_to_right,True,True,True,True,True,False,False,True,change_to_left,0.999001062045217,3.38423609733582,284,5,True,True,
change_to_right,True,True,True,True,True,False,False,True,change_to_right,0.999937017230474,3.35476899147034,284,6,True,True,
change_to_right,True,True,True,True,True,False,True,True,swerve_left,0.000999001119942,3.40608239173889,285,1,True,False,*
change_to_right,True,True,True,True,True,False,True,True,swerve_right,0.000999001496903,3.36486983299255,285,2,True,False,
change_to_right,True,True,True,True,True,False,True,True,keep,0.00099900199612,3.3506555557251,285,3,True,False,
change_to_right,True,True,True,True,True,False,True,True,change_to_left,0.000999116757616,3.39045739173889,285,4,True,False,
change_to_right,True,True,True,True,True,False,True,True,cruise,0.000999838555615,3.37735199928284,285,5,True,False,
change_to_right,True,True,True,True,True,False,True,True,change_to_right,0.999999044020092,3.35301923751831,285,6,True,True,
change_to_left,True,True,True,True,True,True,False,True,keep,0.000999001930566,3.36714220046997,286,1,True,False,*
change_to_left,True,True,True,True,True,True,False,True,swerve_left,0.000999001930566,3.44219613075256,286,1,True,False,
change_to_left,True,True,True,True,True,True,False,True,swerve_right,0.000999001930566,3.44759798049927,286,1,True,False,
change_to_left,True,True,True,True,True,True,False,True,cruise,0.000999812242489,3.37159633636475,286,2,True,False,
change_to_left,True,True,True,True,True,True,False,True,change_to_right,0.99900106384733,3.34671568870544,286,3,True,True,
change_to_left,True,True,True,True,True,True,False,True,change_to_left,0.99993521821862,3.37183618545532,286,4,True,True,
change_to_right,True,True,True,True,True,True,False,True,keep,0.000999001930109,3.41465187072754,287,1,True,False,*
change_to_right,True,True,True,True,True,True,False,True,swerve_right,0.000999001930109,3.40435647964478,287,1,True,False,
change_to_right,True,True,True,True,True,True,False,True,swerve_left,0.000999001930109,3.39072489738464,287,2,True,False,
change_to_right,True,True,True,True,True,True,False,True,cruise,0.000999811844525,3.36326217651367,287,3,True,False,
change_to_right,True,True,True,True,True,True,False,True,change_to_left,0.999001064305164,3.36468267440796,287,4,True,True,
change_to_right,True,True,True,True,True,True,False,True,change_to_right,0.999934759926811,3.4087827205658,287,5,True,True,
change_to_right,True,True,True,True,True,True,True,True,keep,0.000999010792923,3.39351224899292,288,1,True,False,*
change_to_right,True,True,True,True,True,True,True,True,swerve_right,0.000999019845951,3.40479755401611,288,2,True,False,
change_to_right,True,True,True,True,True,True,True,True,swerve_left,0.00099903602478,3.40967965126038,288,3,True,False,
change_to_right,True,True,True,True,True,True,True,True,change_to_left,0.000999123829869,3.35106301307678,288,4,True,False,
change_to_right,True,True,True,True,True,True,True,True,cruise,0.00099972078367,3.3705837726593,288,5,True,False,
change_to_right,True,True,True,True,True,True,True,True,change_to_right,0.999999092672864,3.39684653282166,288,6,True,True,
